dataset,feature,feature_type,band,channel,coefficient
torres_torres,power_delta_C3,power,delta,C3,0.16979677696696516
torres_torres,power_theta_C3,power,theta,C3,2.2097544307553894
torres_torres,power_alpha_C3,power,alpha,C3,9.357746381349651
torres_torres,power_beta_C3,power,beta,C3,0.2811732686679741
torres_torres,power_gamma_C3,power,gamma,C3,1.629139354919927
torres_torres,power_delta_C4,power,delta,C4,0.7667641236278439
torres_torres,power_theta_C4,power,theta,C4,-2.043306250555815
torres_torres,power_alpha_C4,power,alpha,C4,-0.025408345157344407
torres_torres,power_beta_C4,power,beta,C4,0.0
torres_torres,power_gamma_C4,power,gamma,C4,5.95167508803687
torres_torres,power_delta_F3,power,delta,F3,-1.1312537668525542
torres_torres,power_theta_F3,power,theta,F3,-5.604799009108609
torres_torres,power_alpha_F3,power,alpha,F3,-0.2284640316842064
torres_torres,power_beta_F3,power,beta,F3,-1.801949243050048
torres_torres,power_gamma_F3,power,gamma,F3,0.0
torres_torres,power_delta_F4,power,delta,F4,0.0
torres_torres,power_theta_F4,power,theta,F4,-3.801776015203744
torres_torres,power_alpha_F4,power,alpha,F4,0.0
torres_torres,power_beta_F4,power,beta,F4,0.2659409727473892
torres_torres,power_gamma_F4,power,gamma,F4,0.0
torres_torres,power_delta_F7,power,delta,F7,-0.6199244431588272
torres_torres,power_theta_F7,power,theta,F7,-2.691729725214634
torres_torres,power_alpha_F7,power,alpha,F7,0.0
torres_torres,power_beta_F7,power,beta,F7,0.40089104699156897
torres_torres,power_gamma_F7,power,gamma,F7,0.0
torres_torres,power_delta_F8,power,delta,F8,-0.7442600458123791
torres_torres,power_theta_F8,power,theta,F8,0.0
torres_torres,power_alpha_F8,power,alpha,F8,1.0847315080125537
torres_torres,power_beta_F8,power,beta,F8,-1.8577138502255466
torres_torres,power_gamma_F8,power,gamma,F8,-2.204213935620415
torres_torres,power_delta_Fp1,power,delta,Fp1,0.22158487792322668
torres_torres,power_theta_Fp1,power,theta,Fp1,0.0996249910069767
torres_torres,power_alpha_Fp1,power,alpha,Fp1,0.0
torres_torres,power_beta_Fp1,power,beta,Fp1,4.703859946609096
torres_torres,power_gamma_Fp1,power,gamma,Fp1,0.0
torres_torres,power_delta_Fp2,power,delta,Fp2,-1.0987353477025836
torres_torres,power_theta_Fp2,power,theta,Fp2,0.0
torres_torres,power_alpha_Fp2,power,alpha,Fp2,0.0
torres_torres,power_beta_Fp2,power,beta,Fp2,0.20425161672250436
torres_torres,power_gamma_Fp2,power,gamma,Fp2,0.8423299931221537
torres_torres,power_delta_Fz,power,delta,Fz,1.8710164408725285
torres_torres,power_theta_Fz,power,theta,Fz,-2.8007236457902844
torres_torres,power_alpha_Fz,power,alpha,Fz,0.0
torres_torres,power_beta_Fz,power,beta,Fz,0.0
torres_torres,power_gamma_Fz,power,gamma,Fz,0.0
torres_torres,power_delta_P7,power,delta,P7,-0.2816745722257282
torres_torres,power_theta_P7,power,theta,P7,-2.0892710673072603
torres_torres,power_alpha_P7,power,alpha,P7,-3.5846692345846995
torres_torres,power_beta_P7,power,beta,P7,0.0
torres_torres,power_gamma_P7,power,gamma,P7,0.0
torres_torres,power_delta_P8,power,delta,P8,-3.806633301111798
torres_torres,power_theta_P8,power,theta,P8,0.70193847218472
torres_torres,power_alpha_P8,power,alpha,P8,0.7618124030429339
torres_torres,power_beta_P8,power,beta,P8,-0.9452192675578807
torres_torres,power_gamma_P8,power,gamma,P8,-1.1208510048241564
torres_torres,power_delta_T7,power,delta,T7,0.0
torres_torres,power_theta_T7,power,theta,T7,5.08800389568079
torres_torres,power_alpha_T7,power,alpha,T7,1.5369991321300536
torres_torres,power_beta_T7,power,beta,T7,-2.1652337204554724
torres_torres,power_gamma_T7,power,gamma,T7,0.9924755275764906
torres_torres,power_delta_T8,power,delta,T8,0.4711070163492899
torres_torres,power_theta_T8,power,theta,T8,7.782360768732666
torres_torres,power_alpha_T8,power,alpha,T8,4.384397051247078
torres_torres,power_beta_T8,power,beta,T8,0.0
torres_torres,power_gamma_T8,power,gamma,T8,0.0
torres_torres,wpli_delta_C3_C4,wpli,delta,C3-C4,1.7290681034772615
torres_torres,wpli_theta_C3_C4,wpli,theta,C3-C4,-2.995035915192808
torres_torres,wpli_alpha_C3_C4,wpli,alpha,C3-C4,1.3135849732384777
torres_torres,wpli_beta_C3_C4,wpli,beta,C3-C4,0.0
torres_torres,wpli_gamma_C3_C4,wpli,gamma,C3-C4,1.863729780928235
torres_torres,wpli_delta_C3_F3,wpli,delta,C3-F3,-0.2369880853613539
torres_torres,wpli_theta_C3_F3,wpli,theta,C3-F3,0.0
torres_torres,wpli_alpha_C3_F3,wpli,alpha,C3-F3,-0.9319684393195736
torres_torres,wpli_beta_C3_F3,wpli,beta,C3-F3,-0.906308775989427
torres_torres,wpli_gamma_C3_F3,wpli,gamma,C3-F3,-1.4849567832440937
torres_torres,wpli_delta_C4_F3,wpli,delta,C4-F3,0.2561902170113093
torres_torres,wpli_theta_C4_F3,wpli,theta,C4-F3,0.0
torres_torres,wpli_alpha_C4_F3,wpli,alpha,C4-F3,-0.48977739566339434
torres_torres,wpli_beta_C4_F3,wpli,beta,C4-F3,-1.3069378592172083
torres_torres,wpli_gamma_C4_F3,wpli,gamma,C4-F3,-0.7767038454640611
torres_torres,wpli_delta_C3_F4,wpli,delta,C3-F4,-0.3185592541334649
torres_torres,wpli_theta_C3_F4,wpli,theta,C3-F4,1.9915685388467126
torres_torres,wpli_alpha_C3_F4,wpli,alpha,C3-F4,0.516173111925768
torres_torres,wpli_beta_C3_F4,wpli,beta,C3-F4,0.0
torres_torres,wpli_gamma_C3_F4,wpli,gamma,C3-F4,0.19060640445360433
torres_torres,wpli_delta_C4_F4,wpli,delta,C4-F4,0.8600087586986127
torres_torres,wpli_theta_C4_F4,wpli,theta,C4-F4,0.18967070531606875
torres_torres,wpli_alpha_C4_F4,wpli,alpha,C4-F4,0.0
torres_torres,wpli_beta_C4_F4,wpli,beta,C4-F4,-0.2804294081813898
torres_torres,wpli_gamma_C4_F4,wpli,gamma,C4-F4,0.0
torres_torres,wpli_delta_F3_F4,wpli,delta,F3-F4,-0.10977932372274044
torres_torres,wpli_theta_F3_F4,wpli,theta,F3-F4,0.0
torres_torres,wpli_alpha_F3_F4,wpli,alpha,F3-F4,0.0
torres_torres,wpli_beta_F3_F4,wpli,beta,F3-F4,0.755037932454617
torres_torres,wpli_gamma_F3_F4,wpli,gamma,F3-F4,0.0
torres_torres,wpli_delta_C3_F7,wpli,delta,C3-F7,0.0
torres_torres,wpli_theta_C3_F7,wpli,theta,C3-F7,0.7961079664508462
torres_torres,wpli_alpha_C3_F7,wpli,alpha,C3-F7,0.0
torres_torres,wpli_beta_C3_F7,wpli,beta,C3-F7,0.9270301982317144
torres_torres,wpli_gamma_C3_F7,wpli,gamma,C3-F7,0.0
torres_torres,wpli_delta_C4_F7,wpli,delta,C4-F7,1.5292308357630902
torres_torres,wpli_theta_C4_F7,wpli,theta,C4-F7,0.8228964090066698
torres_torres,wpli_alpha_C4_F7,wpli,alpha,C4-F7,0.0
torres_torres,wpli_beta_C4_F7,wpli,beta,C4-F7,0.0
torres_torres,wpli_gamma_C4_F7,wpli,gamma,C4-F7,0.0
torres_torres,wpli_delta_F3_F7,wpli,delta,F3-F7,0.0
torres_torres,wpli_theta_F3_F7,wpli,theta,F3-F7,4.260649372543726
torres_torres,wpli_alpha_F3_F7,wpli,alpha,F3-F7,0.2786223331145066
torres_torres,wpli_beta_F3_F7,wpli,beta,F3-F7,0.0
torres_torres,wpli_gamma_F3_F7,wpli,gamma,F3-F7,0.8499470782503997
torres_torres,wpli_delta_F4_F7,wpli,delta,F4-F7,0.0
torres_torres,wpli_theta_F4_F7,wpli,theta,F4-F7,0.0
torres_torres,wpli_alpha_F4_F7,wpli,alpha,F4-F7,0.0
torres_torres,wpli_beta_F4_F7,wpli,beta,F4-F7,0.0
torres_torres,wpli_gamma_F4_F7,wpli,gamma,F4-F7,0.7736539514218775
torres_torres,wpli_delta_C3_F8,wpli,delta,C3-F8,2.1013022126801593
torres_torres,wpli_theta_C3_F8,wpli,theta,C3-F8,4.2637548480876575
torres_torres,wpli_alpha_C3_F8,wpli,alpha,C3-F8,1.3488766199943454
torres_torres,wpli_beta_C3_F8,wpli,beta,C3-F8,0.10047278980956581
torres_torres,wpli_gamma_C3_F8,wpli,gamma,C3-F8,1.6253512212884502
torres_torres,wpli_delta_C4_F8,wpli,delta,C4-F8,3.337064133546973
torres_torres,wpli_theta_C4_F8,wpli,theta,C4-F8,1.5764071636295809
torres_torres,wpli_alpha_C4_F8,wpli,alpha,C4-F8,0.0
torres_torres,wpli_beta_C4_F8,wpli,beta,C4-F8,0.0
torres_torres,wpli_gamma_C4_F8,wpli,gamma,C4-F8,0.0
torres_torres,wpli_delta_F3_F8,wpli,delta,F3-F8,-2.2568664010005732
torres_torres,wpli_theta_F3_F8,wpli,theta,F3-F8,-3.2739949602650453
torres_torres,wpli_alpha_F3_F8,wpli,alpha,F3-F8,-2.3880762867957923
torres_torres,wpli_beta_F3_F8,wpli,beta,F3-F8,0.0
torres_torres,wpli_gamma_F3_F8,wpli,gamma,F3-F8,0.6072204216918238
torres_torres,wpli_delta_F4_F8,wpli,delta,F4-F8,0.0
torres_torres,wpli_theta_F4_F8,wpli,theta,F4-F8,-2.2551283047119965
torres_torres,wpli_alpha_F4_F8,wpli,alpha,F4-F8,-3.7791332250101664
torres_torres,wpli_beta_F4_F8,wpli,beta,F4-F8,0.0
torres_torres,wpli_gamma_F4_F8,wpli,gamma,F4-F8,0.0
torres_torres,wpli_delta_F7_F8,wpli,delta,F7-F8,-1.5533043582453177
torres_torres,wpli_theta_F7_F8,wpli,theta,F7-F8,-1.210425115548479
torres_torres,wpli_alpha_F7_F8,wpli,alpha,F7-F8,0.0
torres_torres,wpli_beta_F7_F8,wpli,beta,F7-F8,0.0
torres_torres,wpli_gamma_F7_F8,wpli,gamma,F7-F8,0.0
torres_torres,wpli_delta_C3_Fp1,wpli,delta,C3-Fp1,-2.1584570099205846
torres_torres,wpli_theta_C3_Fp1,wpli,theta,C3-Fp1,0.37456366137607616
torres_torres,wpli_alpha_C3_Fp1,wpli,alpha,C3-Fp1,0.0
torres_torres,wpli_beta_C3_Fp1,wpli,beta,C3-Fp1,0.5567936898118088
torres_torres,wpli_gamma_C3_Fp1,wpli,gamma,C3-Fp1,0.07366521957713829
torres_torres,wpli_delta_C4_Fp1,wpli,delta,C4-Fp1,0.0
torres_torres,wpli_theta_C4_Fp1,wpli,theta,C4-Fp1,0.9052068669228285
torres_torres,wpli_alpha_C4_Fp1,wpli,alpha,C4-Fp1,0.0
torres_torres,wpli_beta_C4_Fp1,wpli,beta,C4-Fp1,0.0
torres_torres,wpli_gamma_C4_Fp1,wpli,gamma,C4-Fp1,0.0
torres_torres,wpli_delta_F3_Fp1,wpli,delta,F3-Fp1,0.0
torres_torres,wpli_theta_F3_Fp1,wpli,theta,F3-Fp1,3.894332949987605
torres_torres,wpli_alpha_F3_Fp1,wpli,alpha,F3-Fp1,3.9303673335923492
torres_torres,wpli_beta_F3_Fp1,wpli,beta,F3-Fp1,-0.06098862219535667
torres_torres,wpli_gamma_F3_Fp1,wpli,gamma,F3-Fp1,0.0
torres_torres,wpli_delta_F4_Fp1,wpli,delta,F4-Fp1,-0.9081042263382418
torres_torres,wpli_theta_F4_Fp1,wpli,theta,F4-Fp1,2.7224183316446884
torres_torres,wpli_alpha_F4_Fp1,wpli,alpha,F4-Fp1,0.0
torres_torres,wpli_beta_F4_Fp1,wpli,beta,F4-Fp1,0.0
torres_torres,wpli_gamma_F4_Fp1,wpli,gamma,F4-Fp1,0.3801705605909819
torres_torres,wpli_delta_F7_Fp1,wpli,delta,F7-Fp1,0.0
torres_torres,wpli_theta_F7_Fp1,wpli,theta,F7-Fp1,-0.8349410615811811
torres_torres,wpli_alpha_F7_Fp1,wpli,alpha,F7-Fp1,-1.290053522388193
torres_torres,wpli_beta_F7_Fp1,wpli,beta,F7-Fp1,0.0
torres_torres,wpli_gamma_F7_Fp1,wpli,gamma,F7-Fp1,0.0
torres_torres,wpli_delta_F8_Fp1,wpli,delta,F8-Fp1,0.14458688658221938
torres_torres,wpli_theta_F8_Fp1,wpli,theta,F8-Fp1,-1.5263638741816978
torres_torres,wpli_alpha_F8_Fp1,wpli,alpha,F8-Fp1,3.0461780097803905
torres_torres,wpli_beta_F8_Fp1,wpli,beta,F8-Fp1,0.0
torres_torres,wpli_gamma_F8_Fp1,wpli,gamma,F8-Fp1,1.0964604462266387
torres_torres,wpli_delta_C3_Fp2,wpli,delta,C3-Fp2,0.0
torres_torres,wpli_theta_C3_Fp2,wpli,theta,C3-Fp2,0.0
torres_torres,wpli_alpha_C3_Fp2,wpli,alpha,C3-Fp2,0.0
torres_torres,wpli_beta_C3_Fp2,wpli,beta,C3-Fp2,-1.6169252929556144
torres_torres,wpli_gamma_C3_Fp2,wpli,gamma,C3-Fp2,0.0
torres_torres,wpli_delta_C4_Fp2,wpli,delta,C4-Fp2,3.6770895184305585
torres_torres,wpli_theta_C4_Fp2,wpli,theta,C4-Fp2,0.08853123044619635
torres_torres,wpli_alpha_C4_Fp2,wpli,alpha,C4-Fp2,-1.2620778322092356
torres_torres,wpli_beta_C4_Fp2,wpli,beta,C4-Fp2,-0.5478563666650194
torres_torres,wpli_gamma_C4_Fp2,wpli,gamma,C4-Fp2,-1.188901650418608
torres_torres,wpli_delta_F3_Fp2,wpli,delta,F3-Fp2,0.0
torres_torres,wpli_theta_F3_Fp2,wpli,theta,F3-Fp2,0.5389809768781528
torres_torres,wpli_alpha_F3_Fp2,wpli,alpha,F3-Fp2,0.2221788294382917
torres_torres,wpli_beta_F3_Fp2,wpli,beta,F3-Fp2,-0.8966567718759856
torres_torres,wpli_gamma_F3_Fp2,wpli,gamma,F3-Fp2,0.5463547111596513
torres_torres,wpli_delta_F4_Fp2,wpli,delta,F4-Fp2,0.0
torres_torres,wpli_theta_F4_Fp2,wpli,theta,F4-Fp2,1.8969794121130004
torres_torres,wpli_alpha_F4_Fp2,wpli,alpha,F4-Fp2,0.0
torres_torres,wpli_beta_F4_Fp2,wpli,beta,F4-Fp2,0.0
torres_torres,wpli_gamma_F4_Fp2,wpli,gamma,F4-Fp2,0.6251531439464145
torres_torres,wpli_delta_F7_Fp2,wpli,delta,F7-Fp2,-0.9045435441592291
torres_torres,wpli_theta_F7_Fp2,wpli,theta,F7-Fp2,-0.09926184557528578
torres_torres,wpli_alpha_F7_Fp2,wpli,alpha,F7-Fp2,0.0
torres_torres,wpli_beta_F7_Fp2,wpli,beta,F7-Fp2,0.0
torres_torres,wpli_gamma_F7_Fp2,wpli,gamma,F7-Fp2,0.0
torres_torres,wpli_delta_F8_Fp2,wpli,delta,F8-Fp2,0.0
torres_torres,wpli_theta_F8_Fp2,wpli,theta,F8-Fp2,-1.197158814280242
torres_torres,wpli_alpha_F8_Fp2,wpli,alpha,F8-Fp2,0.0
torres_torres,wpli_beta_F8_Fp2,wpli,beta,F8-Fp2,-0.3540623025976408
torres_torres,wpli_gamma_F8_Fp2,wpli,gamma,F8-Fp2,-0.24406185328501173
torres_torres,wpli_delta_Fp1_Fp2,wpli,delta,Fp1-Fp2,0.0
torres_torres,wpli_theta_Fp1_Fp2,wpli,theta,Fp1-Fp2,-3.159933641377654
torres_torres,wpli_alpha_Fp1_Fp2,wpli,alpha,Fp1-Fp2,0.0
torres_torres,wpli_beta_Fp1_Fp2,wpli,beta,Fp1-Fp2,-2.5800470741549715
torres_torres,wpli_gamma_Fp1_Fp2,wpli,gamma,Fp1-Fp2,0.0
torres_torres,wpli_delta_C3_Fz,wpli,delta,C3-Fz,-0.6151917774464187
torres_torres,wpli_theta_C3_Fz,wpli,theta,C3-Fz,0.0
torres_torres,wpli_alpha_C3_Fz,wpli,alpha,C3-Fz,0.0
torres_torres,wpli_beta_C3_Fz,wpli,beta,C3-Fz,0.0
torres_torres,wpli_gamma_C3_Fz,wpli,gamma,C3-Fz,0.0
torres_torres,wpli_delta_C4_Fz,wpli,delta,C4-Fz,0.0
torres_torres,wpli_theta_C4_Fz,wpli,theta,C4-Fz,0.0
torres_torres,wpli_alpha_C4_Fz,wpli,alpha,C4-Fz,0.0
torres_torres,wpli_beta_C4_Fz,wpli,beta,C4-Fz,-1.1992071351342604
torres_torres,wpli_gamma_C4_Fz,wpli,gamma,C4-Fz,0.0
torres_torres,wpli_delta_F3_Fz,wpli,delta,F3-Fz,-0.9704402741008588
torres_torres,wpli_theta_F3_Fz,wpli,theta,F3-Fz,0.0
torres_torres,wpli_alpha_F3_Fz,wpli,alpha,F3-Fz,0.0
torres_torres,wpli_beta_F3_Fz,wpli,beta,F3-Fz,0.0
torres_torres,wpli_gamma_F3_Fz,wpli,gamma,F3-Fz,1.415986012920371
torres_torres,wpli_delta_F4_Fz,wpli,delta,F4-Fz,-1.8288723942444771
torres_torres,wpli_theta_F4_Fz,wpli,theta,F4-Fz,-3.1480115062689524
torres_torres,wpli_alpha_F4_Fz,wpli,alpha,F4-Fz,0.0
torres_torres,wpli_beta_F4_Fz,wpli,beta,F4-Fz,0.5167741410369843
torres_torres,wpli_gamma_F4_Fz,wpli,gamma,F4-Fz,0.45762972406689617
torres_torres,wpli_delta_F7_Fz,wpli,delta,F7-Fz,-0.9613913319990802
torres_torres,wpli_theta_F7_Fz,wpli,theta,F7-Fz,0.0
torres_torres,wpli_alpha_F7_Fz,wpli,alpha,F7-Fz,0.4099146633987635
torres_torres,wpli_beta_F7_Fz,wpli,beta,F7-Fz,-0.6767670082378373
torres_torres,wpli_gamma_F7_Fz,wpli,gamma,F7-Fz,0.6101001450682337
torres_torres,wpli_delta_F8_Fz,wpli,delta,F8-Fz,0.0
torres_torres,wpli_theta_F8_Fz,wpli,theta,F8-Fz,-2.6157820914386996
torres_torres,wpli_alpha_F8_Fz,wpli,alpha,F8-Fz,-3.5011754726606026
torres_torres,wpli_beta_F8_Fz,wpli,beta,F8-Fz,-0.1849722955875668
torres_torres,wpli_gamma_F8_Fz,wpli,gamma,F8-Fz,0.0
torres_torres,wpli_delta_Fp1_Fz,wpli,delta,Fp1-Fz,-1.4756041567057332
torres_torres,wpli_theta_Fp1_Fz,wpli,theta,Fp1-Fz,2.8088960282771813
torres_torres,wpli_alpha_Fp1_Fz,wpli,alpha,Fp1-Fz,2.3996466970461987
torres_torres,wpli_beta_Fp1_Fz,wpli,beta,Fp1-Fz,0.0
torres_torres,wpli_gamma_Fp1_Fz,wpli,gamma,Fp1-Fz,1.1661731094559447
torres_torres,wpli_delta_Fp2_Fz,wpli,delta,Fp2-Fz,0.0
torres_torres,wpli_theta_Fp2_Fz,wpli,theta,Fp2-Fz,0.0
torres_torres,wpli_alpha_Fp2_Fz,wpli,alpha,Fp2-Fz,-0.22078761686273746
torres_torres,wpli_beta_Fp2_Fz,wpli,beta,Fp2-Fz,-1.8443873704508167
torres_torres,wpli_gamma_Fp2_Fz,wpli,gamma,Fp2-Fz,0.13436724723891705
torres_torres,wpli_delta_C3_P7,wpli,delta,C3-P7,-1.366318140488588
torres_torres,wpli_theta_C3_P7,wpli,theta,C3-P7,1.6432007057593918
torres_torres,wpli_alpha_C3_P7,wpli,alpha,C3-P7,-3.497106744880288
torres_torres,wpli_beta_C3_P7,wpli,beta,C3-P7,-1.4062874310109965
torres_torres,wpli_gamma_C3_P7,wpli,gamma,C3-P7,-1.3726662004180061
torres_torres,wpli_delta_C4_P7,wpli,delta,C4-P7,2.659769270084657
torres_torres,wpli_theta_C4_P7,wpli,theta,C4-P7,0.0
torres_torres,wpli_alpha_C4_P7,wpli,alpha,C4-P7,2.653993280368959
torres_torres,wpli_beta_C4_P7,wpli,beta,C4-P7,0.0
torres_torres,wpli_gamma_C4_P7,wpli,gamma,C4-P7,0.0
torres_torres,wpli_delta_F3_P7,wpli,delta,F3-P7,-3.6403987038391694
torres_torres,wpli_theta_F3_P7,wpli,theta,F3-P7,0.0
torres_torres,wpli_alpha_F3_P7,wpli,alpha,F3-P7,-1.4761219656493672
torres_torres,wpli_beta_F3_P7,wpli,beta,F3-P7,-1.889959985268595
torres_torres,wpli_gamma_F3_P7,wpli,gamma,F3-P7,-1.9148395666693447
torres_torres,wpli_delta_F4_P7,wpli,delta,F4-P7,-1.7127002258855129
torres_torres,wpli_theta_F4_P7,wpli,theta,F4-P7,5.0287139673849754
torres_torres,wpli_alpha_F4_P7,wpli,alpha,F4-P7,3.9831265520021653
torres_torres,wpli_beta_F4_P7,wpli,beta,F4-P7,0.0
torres_torres,wpli_gamma_F4_P7,wpli,gamma,F4-P7,0.0
torres_torres,wpli_delta_F7_P7,wpli,delta,F7-P7,-1.0909455688396132
torres_torres,wpli_theta_F7_P7,wpli,theta,F7-P7,0.0
torres_torres,wpli_alpha_F7_P7,wpli,alpha,F7-P7,0.6647792817467902
torres_torres,wpli_beta_F7_P7,wpli,beta,F7-P7,-0.14078791624536735
torres_torres,wpli_gamma_F7_P7,wpli,gamma,F7-P7,0.0
torres_torres,wpli_delta_F8_P7,wpli,delta,F8-P7,0.21560036193767562
torres_torres,wpli_theta_F8_P7,wpli,theta,F8-P7,3.337289173471322
torres_torres,wpli_alpha_F8_P7,wpli,alpha,F8-P7,0.9733846122510473
torres_torres,wpli_beta_F8_P7,wpli,beta,F8-P7,0.0
torres_torres,wpli_gamma_F8_P7,wpli,gamma,F8-P7,0.1089003561715617
torres_torres,wpli_delta_Fp1_P7,wpli,delta,Fp1-P7,0.0
torres_torres,wpli_theta_Fp1_P7,wpli,theta,Fp1-P7,0.0
torres_torres,wpli_alpha_Fp1_P7,wpli,alpha,Fp1-P7,-0.14889686902131832
torres_torres,wpli_beta_Fp1_P7,wpli,beta,Fp1-P7,0.0
torres_torres,wpli_gamma_Fp1_P7,wpli,gamma,Fp1-P7,0.0
torres_torres,wpli_delta_Fp2_P7,wpli,delta,Fp2-P7,0.0
torres_torres,wpli_theta_Fp2_P7,wpli,theta,Fp2-P7,0.0
torres_torres,wpli_alpha_Fp2_P7,wpli,alpha,Fp2-P7,-0.9768413611161597
torres_torres,wpli_beta_Fp2_P7,wpli,beta,Fp2-P7,-0.5062775192214685
torres_torres,wpli_gamma_Fp2_P7,wpli,gamma,Fp2-P7,0.0
torres_torres,wpli_delta_Fz_P7,wpli,delta,Fz-P7,0.0
torres_torres,wpli_theta_Fz_P7,wpli,theta,Fz-P7,0.0
torres_torres,wpli_alpha_Fz_P7,wpli,alpha,Fz-P7,0.0
torres_torres,wpli_beta_Fz_P7,wpli,beta,Fz-P7,-0.860864330101203
torres_torres,wpli_gamma_Fz_P7,wpli,gamma,Fz-P7,0.0
torres_torres,wpli_delta_C3_P8,wpli,delta,C3-P8,0.8723019320026557
torres_torres,wpli_theta_C3_P8,wpli,theta,C3-P8,-0.9590367989841045
torres_torres,wpli_alpha_C3_P8,wpli,alpha,C3-P8,-1.1086211906977095
torres_torres,wpli_beta_C3_P8,wpli,beta,C3-P8,-2.7549269324673116
torres_torres,wpli_gamma_C3_P8,wpli,gamma,C3-P8,-1.4299545573886554
torres_torres,wpli_delta_C4_P8,wpli,delta,C4-P8,4.649590711980684
torres_torres,wpli_theta_C4_P8,wpli,theta,C4-P8,1.076702083281784
torres_torres,wpli_alpha_C4_P8,wpli,alpha,C4-P8,0.0
torres_torres,wpli_beta_C4_P8,wpli,beta,C4-P8,0.0
torres_torres,wpli_gamma_C4_P8,wpli,gamma,C4-P8,0.0
torres_torres,wpli_delta_F3_P8,wpli,delta,F3-P8,-2.356229606266514
torres_torres,wpli_theta_F3_P8,wpli,theta,F3-P8,-0.47411235314396066
torres_torres,wpli_alpha_F3_P8,wpli,alpha,F3-P8,0.2869920624490265
torres_torres,wpli_beta_F3_P8,wpli,beta,F3-P8,-1.3905986594383892
torres_torres,wpli_gamma_F3_P8,wpli,gamma,F3-P8,0.0
torres_torres,wpli_delta_F4_P8,wpli,delta,F4-P8,1.0573986144728684
torres_torres,wpli_theta_F4_P8,wpli,theta,F4-P8,0.5895409346476277
torres_torres,wpli_alpha_F4_P8,wpli,alpha,F4-P8,1.7627032102327278
torres_torres,wpli_beta_F4_P8,wpli,beta,F4-P8,0.0
torres_torres,wpli_gamma_F4_P8,wpli,gamma,F4-P8,0.0
torres_torres,wpli_delta_F7_P8,wpli,delta,F7-P8,-3.8055066763165764
torres_torres,wpli_theta_F7_P8,wpli,theta,F7-P8,0.0
torres_torres,wpli_alpha_F7_P8,wpli,alpha,F7-P8,0.0
torres_torres,wpli_beta_F7_P8,wpli,beta,F7-P8,-0.2453802467507557
torres_torres,wpli_gamma_F7_P8,wpli,gamma,F7-P8,-0.21937916532787577
torres_torres,wpli_delta_F8_P8,wpli,delta,F8-P8,0.0
torres_torres,wpli_theta_F8_P8,wpli,theta,F8-P8,1.15997904834526
torres_torres,wpli_alpha_F8_P8,wpli,alpha,F8-P8,1.0553296295120687
torres_torres,wpli_beta_F8_P8,wpli,beta,F8-P8,0.0
torres_torres,wpli_gamma_F8_P8,wpli,gamma,F8-P8,0.0
torres_torres,wpli_delta_Fp1_P8,wpli,delta,Fp1-P8,-4.032574810373305
torres_torres,wpli_theta_Fp1_P8,wpli,theta,Fp1-P8,0.0
torres_torres,wpli_alpha_Fp1_P8,wpli,alpha,Fp1-P8,0.0
torres_torres,wpli_beta_Fp1_P8,wpli,beta,Fp1-P8,-0.10564724836113056
torres_torres,wpli_gamma_Fp1_P8,wpli,gamma,Fp1-P8,0.0
torres_torres,wpli_delta_Fp2_P8,wpli,delta,Fp2-P8,-3.642118093939962
torres_torres,wpli_theta_Fp2_P8,wpli,theta,Fp2-P8,1.0126989223884129
torres_torres,wpli_alpha_Fp2_P8,wpli,alpha,Fp2-P8,0.6093187652710356
torres_torres,wpli_beta_Fp2_P8,wpli,beta,Fp2-P8,-1.4245523279094905
torres_torres,wpli_gamma_Fp2_P8,wpli,gamma,Fp2-P8,-0.4058190062173189
torres_torres,wpli_delta_Fz_P8,wpli,delta,Fz-P8,-1.5291218358951322
torres_torres,wpli_theta_Fz_P8,wpli,theta,Fz-P8,-0.8853785862374555
torres_torres,wpli_alpha_Fz_P8,wpli,alpha,Fz-P8,0.0
torres_torres,wpli_beta_Fz_P8,wpli,beta,Fz-P8,-0.5218037148319675
torres_torres,wpli_gamma_Fz_P8,wpli,gamma,Fz-P8,0.05397582419551024
torres_torres,wpli_delta_P7_P8,wpli,delta,P7-P8,0.0
torres_torres,wpli_theta_P7_P8,wpli,theta,P7-P8,-8.5242946840808
torres_torres,wpli_alpha_P7_P8,wpli,alpha,P7-P8,-2.70530614052662
torres_torres,wpli_beta_P7_P8,wpli,beta,P7-P8,-1.9393943883663214
torres_torres,wpli_gamma_P7_P8,wpli,gamma,P7-P8,-5.063854986258336
torres_torres,wpli_delta_C3_T7,wpli,delta,C3-T7,0.0
torres_torres,wpli_theta_C3_T7,wpli,theta,C3-T7,2.2565608694826342
torres_torres,wpli_alpha_C3_T7,wpli,alpha,C3-T7,5.192841846876039
torres_torres,wpli_beta_C3_T7,wpli,beta,C3-T7,0.9380882823491781
torres_torres,wpli_gamma_C3_T7,wpli,gamma,C3-T7,0.0
torres_torres,wpli_delta_C4_T7,wpli,delta,C4-T7,0.3299611879816712
torres_torres,wpli_theta_C4_T7,wpli,theta,C4-T7,0.0
torres_torres,wpli_alpha_C4_T7,wpli,alpha,C4-T7,5.678838393667756
torres_torres,wpli_beta_C4_T7,wpli,beta,C4-T7,0.0
torres_torres,wpli_gamma_C4_T7,wpli,gamma,C4-T7,1.6113937766724584
torres_torres,wpli_delta_F3_T7,wpli,delta,F3-T7,0.0
torres_torres,wpli_theta_F3_T7,wpli,theta,F3-T7,0.6830612271901609
torres_torres,wpli_alpha_F3_T7,wpli,alpha,F3-T7,-3.0759098209927367
torres_torres,wpli_beta_F3_T7,wpli,beta,F3-T7,0.0
torres_torres,wpli_gamma_F3_T7,wpli,gamma,F3-T7,0.0
torres_torres,wpli_delta_F4_T7,wpli,delta,F4-T7,0.0
torres_torres,wpli_theta_F4_T7,wpli,theta,F4-T7,1.8159200212104532
torres_torres,wpli_alpha_F4_T7,wpli,alpha,F4-T7,0.32698282091277886
torres_torres,wpli_beta_F4_T7,wpli,beta,F4-T7,0.32441892781012094
torres_torres,wpli_gamma_F4_T7,wpli,gamma,F4-T7,0.0
torres_torres,wpli_delta_F7_T7,wpli,delta,F7-T7,0.0
torres_torres,wpli_theta_F7_T7,wpli,theta,F7-T7,0.0
torres_torres,wpli_alpha_F7_T7,wpli,alpha,F7-T7,0.0
torres_torres,wpli_beta_F7_T7,wpli,beta,F7-T7,0.0
torres_torres,wpli_gamma_F7_T7,wpli,gamma,F7-T7,-1.2978169261172856
torres_torres,wpli_delta_F8_T7,wpli,delta,F8-T7,1.957654485894802
torres_torres,wpli_theta_F8_T7,wpli,theta,F8-T7,1.69862564257449
torres_torres,wpli_alpha_F8_T7,wpli,alpha,F8-T7,1.7561849097390712
torres_torres,wpli_beta_F8_T7,wpli,beta,F8-T7,0.7482790257900713
torres_torres,wpli_gamma_F8_T7,wpli,gamma,F8-T7,0.0
torres_torres,wpli_delta_Fp1_T7,wpli,delta,Fp1-T7,0.0
torres_torres,wpli_theta_Fp1_T7,wpli,theta,Fp1-T7,0.0
torres_torres,wpli_alpha_Fp1_T7,wpli,alpha,Fp1-T7,-0.2553686527989463
torres_torres,wpli_beta_Fp1_T7,wpli,beta,Fp1-T7,0.36507811907334303
torres_torres,wpli_gamma_Fp1_T7,wpli,gamma,Fp1-T7,0.0
torres_torres,wpli_delta_Fp2_T7,wpli,delta,Fp2-T7,0.7481881168739448
torres_torres,wpli_theta_Fp2_T7,wpli,theta,Fp2-T7,0.0
torres_torres,wpli_alpha_Fp2_T7,wpli,alpha,Fp2-T7,-0.5889373501601028
torres_torres,wpli_beta_Fp2_T7,wpli,beta,Fp2-T7,0.0
torres_torres,wpli_gamma_Fp2_T7,wpli,gamma,Fp2-T7,-0.2770709677516651
torres_torres,wpli_delta_Fz_T7,wpli,delta,Fz-T7,0.0
torres_torres,wpli_theta_Fz_T7,wpli,theta,Fz-T7,0.0
torres_torres,wpli_alpha_Fz_T7,wpli,alpha,Fz-T7,-1.9159576083081278
torres_torres,wpli_beta_Fz_T7,wpli,beta,Fz-T7,0.3554183583769681
torres_torres,wpli_gamma_Fz_T7,wpli,gamma,Fz-T7,0.0
torres_torres,wpli_delta_P7_T7,wpli,delta,P7-T7,-0.9726314510483263
torres_torres,wpli_theta_P7_T7,wpli,theta,P7-T7,-1.7468913589058293
torres_torres,wpli_alpha_P7_T7,wpli,alpha,P7-T7,2.6286183431506744
torres_torres,wpli_beta_P7_T7,wpli,beta,P7-T7,-3.5847855146179866
torres_torres,wpli_gamma_P7_T7,wpli,gamma,P7-T7,-2.761681019673657
torres_torres,wpli_delta_P8_T7,wpli,delta,P8-T7,0.0
torres_torres,wpli_theta_P8_T7,wpli,theta,P8-T7,-3.5426832313651895
torres_torres,wpli_alpha_P8_T7,wpli,alpha,P8-T7,0.0844278946315425
torres_torres,wpli_beta_P8_T7,wpli,beta,P8-T7,-1.7599853490040116
torres_torres,wpli_gamma_P8_T7,wpli,gamma,P8-T7,-0.01955813430539459
torres_torres,wpli_delta_C3_T8,wpli,delta,C3-T8,0.0
torres_torres,wpli_theta_C3_T8,wpli,theta,C3-T8,-3.3981918594119707
torres_torres,wpli_alpha_C3_T8,wpli,alpha,C3-T8,-0.3963477729432453
torres_torres,wpli_beta_C3_T8,wpli,beta,C3-T8,-2.2532597347465626
torres_torres,wpli_gamma_C3_T8,wpli,gamma,C3-T8,-1.0665519065000963
torres_torres,wpli_delta_C4_T8,wpli,delta,C4-T8,0.0
torres_torres,wpli_theta_C4_T8,wpli,theta,C4-T8,0.0
torres_torres,wpli_alpha_C4_T8,wpli,alpha,C4-T8,0.0
torres_torres,wpli_beta_C4_T8,wpli,beta,C4-T8,0.5927734396942977
torres_torres,wpli_gamma_C4_T8,wpli,gamma,C4-T8,0.7158720369243481
torres_torres,wpli_delta_F3_T8,wpli,delta,F3-T8,0.0
torres_torres,wpli_theta_F3_T8,wpli,theta,F3-T8,-0.10886400067339701
torres_torres,wpli_alpha_F3_T8,wpli,alpha,F3-T8,0.5647706672622024
torres_torres,wpli_beta_F3_T8,wpli,beta,F3-T8,0.0
torres_torres,wpli_gamma_F3_T8,wpli,gamma,F3-T8,0.0
torres_torres,wpli_delta_F4_T8,wpli,delta,F4-T8,1.49649444514595
torres_torres,wpli_theta_F4_T8,wpli,theta,F4-T8,0.0
torres_torres,wpli_alpha_F4_T8,wpli,alpha,F4-T8,1.3100958642289169
torres_torres,wpli_beta_F4_T8,wpli,beta,F4-T8,0.0
torres_torres,wpli_gamma_F4_T8,wpli,gamma,F4-T8,-0.29707687697030694
torres_torres,wpli_delta_F7_T8,wpli,delta,F7-T8,2.628059625352481
torres_torres,wpli_theta_F7_T8,wpli,theta,F7-T8,0.0
torres_torres,wpli_alpha_F7_T8,wpli,alpha,F7-T8,0.36595009104645165
torres_torres,wpli_beta_F7_T8,wpli,beta,F7-T8,0.0
torres_torres,wpli_gamma_F7_T8,wpli,gamma,F7-T8,-0.366057960687087
torres_torres,wpli_delta_F8_T8,wpli,delta,F8-T8,2.4580393997160463
torres_torres,wpli_theta_F8_T8,wpli,theta,F8-T8,0.0
torres_torres,wpli_alpha_F8_T8,wpli,alpha,F8-T8,0.0
torres_torres,wpli_beta_F8_T8,wpli,beta,F8-T8,0.0
torres_torres,wpli_gamma_F8_T8,wpli,gamma,F8-T8,0.0
torres_torres,wpli_delta_Fp1_T8,wpli,delta,Fp1-T8,2.004358820206642
torres_torres,wpli_theta_Fp1_T8,wpli,theta,Fp1-T8,0.0
torres_torres,wpli_alpha_Fp1_T8,wpli,alpha,Fp1-T8,0.18067808945513766
torres_torres,wpli_beta_Fp1_T8,wpli,beta,Fp1-T8,0.0
torres_torres,wpli_gamma_Fp1_T8,wpli,gamma,Fp1-T8,0.0
torres_torres,wpli_delta_Fp2_T8,wpli,delta,Fp2-T8,1.719589123234277
torres_torres,wpli_theta_Fp2_T8,wpli,theta,Fp2-T8,0.0
torres_torres,wpli_alpha_Fp2_T8,wpli,alpha,Fp2-T8,0.0
torres_torres,wpli_beta_Fp2_T8,wpli,beta,Fp2-T8,0.0
torres_torres,wpli_gamma_Fp2_T8,wpli,gamma,Fp2-T8,-0.5039394445367833
torres_torres,wpli_delta_Fz_T8,wpli,delta,Fz-T8,1.2079466114904687
torres_torres,wpli_theta_Fz_T8,wpli,theta,Fz-T8,0.0
torres_torres,wpli_alpha_Fz_T8,wpli,alpha,Fz-T8,1.1570828795267896
torres_torres,wpli_beta_Fz_T8,wpli,beta,Fz-T8,0.0
torres_torres,wpli_gamma_Fz_T8,wpli,gamma,Fz-T8,0.0
torres_torres,wpli_delta_P7_T8,wpli,delta,P7-T8,1.243969102909282
torres_torres,wpli_theta_P7_T8,wpli,theta,P7-T8,-4.056242363722159
torres_torres,wpli_alpha_P7_T8,wpli,alpha,P7-T8,0.0
torres_torres,wpli_beta_P7_T8,wpli,beta,P7-T8,-2.611015445462584
torres_torres,wpli_gamma_P7_T8,wpli,gamma,P7-T8,-2.6830073343010463
torres_torres,wpli_delta_P8_T8,wpli,delta,P8-T8,0.0
torres_torres,wpli_theta_P8_T8,wpli,theta,P8-T8,-1.5552107221360807
torres_torres,wpli_alpha_P8_T8,wpli,alpha,P8-T8,0.0
torres_torres,wpli_beta_P8_T8,wpli,beta,P8-T8,-2.4340602105225546
torres_torres,wpli_gamma_P8_T8,wpli,gamma,P8-T8,-3.611739896587262
torres_torres,wpli_delta_T7_T8,wpli,delta,T7-T8,1.2692764821182039
torres_torres,wpli_theta_T7_T8,wpli,theta,T7-T8,-12.107661692194371
torres_torres,wpli_alpha_T7_T8,wpli,alpha,T7-T8,0.0
torres_torres,wpli_beta_T7_T8,wpli,beta,T7-T8,-5.475188604753994
torres_torres,wpli_gamma_T7_T8,wpli,gamma,T7-T8,-5.483206244332741
torres_torres,plzc_C3,plzc,,C3,0.0
torres_torres,plzc_C4,plzc,,C4,-0.3675372373628275
torres_torres,plzc_F3,plzc,,F3,2.7827664491292374
torres_torres,plzc_F4,plzc,,F4,2.9351015583851203
torres_torres,plzc_F7,plzc,,F7,3.4521673348162887
torres_torres,plzc_F8,plzc,,F8,2.0181641354551165
torres_torres,plzc_Fp1,plzc,,Fp1,1.9084497966984333
torres_torres,plzc_Fp2,plzc,,Fp2,1.177124425594383
torres_torres,plzc_Fz,plzc,,Fz,1.6725941755657663
torres_torres,plzc_P7,plzc,,P7,2.136032064886456
torres_torres,plzc_P8,plzc,,P8,1.9376886822681811
torres_torres,plzc_T7,plzc,,T7,0.1868272241804757
torres_torres,plzc_T8,plzc,,T8,0.26475760361426337
ibarra_zarate,power_delta_C3,power,delta,C3,125.9835513466254
ibarra_zarate,power_theta_C3,power,theta,C3,71.02202674726715
ibarra_zarate,power_alpha_C3,power,alpha,C3,71.7981343292843
ibarra_zarate,power_beta_C3,power,beta,C3,-18.17947461371579
ibarra_zarate,power_gamma_C3,power,gamma,C3,-78.16589289794659
ibarra_zarate,power_delta_C4,power,delta,C4,-48.492361070929235
ibarra_zarate,power_theta_C4,power,theta,C4,-57.04736397621212
ibarra_zarate,power_alpha_C4,power,alpha,C4,51.35623542692239
ibarra_zarate,power_beta_C4,power,beta,C4,-30.295391437056686
ibarra_zarate,power_gamma_C4,power,gamma,C4,153.0486151762556
ibarra_zarate,power_delta_F3,power,delta,F3,25.707219339495982
ibarra_zarate,power_theta_F3,power,theta,F3,-99.79435518110641
ibarra_zarate,power_alpha_F3,power,alpha,F3,-11.506396743724718
ibarra_zarate,power_beta_F3,power,beta,F3,8.651514535681272
ibarra_zarate,power_gamma_F3,power,gamma,F3,40.335404010466
ibarra_zarate,power_delta_F4,power,delta,F4,-4.828137847445499
ibarra_zarate,power_theta_F4,power,theta,F4,-62.37018797927865
ibarra_zarate,power_alpha_F4,power,alpha,F4,8.764989958191418
ibarra_zarate,power_beta_F4,power,beta,F4,27.0832149391695
ibarra_zarate,power_gamma_F4,power,gamma,F4,55.628649171629725
ibarra_zarate,power_delta_F7,power,delta,F7,0.0
ibarra_zarate,power_theta_F7,power,theta,F7,-108.44286568310184
ibarra_zarate,power_alpha_F7,power,alpha,F7,-28.474529339018886
ibarra_zarate,power_beta_F7,power,beta,F7,27.664821763247204
ibarra_zarate,power_gamma_F7,power,gamma,F7,44.69907931534868
ibarra_zarate,power_delta_F8,power,delta,F8,-24.247606946731743
ibarra_zarate,power_theta_F8,power,theta,F8,-11.255484153563543
ibarra_zarate,power_alpha_F8,power,alpha,F8,0.0
ibarra_zarate,power_beta_F8,power,beta,F8,0.0
ibarra_zarate,power_gamma_F8,power,gamma,F8,0.0
ibarra_zarate,power_delta_Fp1,power,delta,Fp1,17.2699179570891
ibarra_zarate,power_theta_Fp1,power,theta,Fp1,23.394662499999278
ibarra_zarate,power_alpha_Fp1,power,alpha,Fp1,0.0
ibarra_zarate,power_beta_Fp1,power,beta,Fp1,30.540201390737455
ibarra_zarate,power_gamma_Fp1,power,gamma,Fp1,72.69970828553473
ibarra_zarate,power_delta_Fp2,power,delta,Fp2,-78.26660185477922
ibarra_zarate,power_theta_Fp2,power,theta,Fp2,-3.720681205459683
ibarra_zarate,power_alpha_Fp2,power,alpha,Fp2,0.0
ibarra_zarate,power_beta_Fp2,power,beta,Fp2,0.0
ibarra_zarate,power_gamma_Fp2,power,gamma,Fp2,19.721528178651514
ibarra_zarate,power_delta_Fz,power,delta,Fz,61.28114492617246
ibarra_zarate,power_theta_Fz,power,theta,Fz,-37.01359571048686
ibarra_zarate,power_alpha_Fz,power,alpha,Fz,19.076369999086815
ibarra_zarate,power_beta_Fz,power,beta,Fz,24.46164203891285
ibarra_zarate,power_gamma_Fz,power,gamma,Fz,16.406863575764604
ibarra_zarate,power_delta_P7,power,delta,P7,-25.600580054975
ibarra_zarate,power_theta_P7,power,theta,P7,1.943210077343804
ibarra_zarate,power_alpha_P7,power,alpha,P7,28.448173194512535
ibarra_zarate,power_beta_P7,power,beta,P7,0.0
ibarra_zarate,power_gamma_P7,power,gamma,P7,-5.626340692779442
ibarra_zarate,power_delta_P8,power,delta,P8,-14.903788331048949
ibarra_zarate,power_theta_P8,power,theta,P8,19.91818498026921
ibarra_zarate,power_alpha_P8,power,alpha,P8,27.27169663752487
ibarra_zarate,power_beta_P8,power,beta,P8,-40.67394709234347
ibarra_zarate,power_gamma_P8,power,gamma,P8,-39.96500199077742
ibarra_zarate,power_delta_T7,power,delta,T7,-33.50349526248923
ibarra_zarate,power_theta_T7,power,theta,T7,1024.0613294264706
ibarra_zarate,power_alpha_T7,power,alpha,T7,-138.95780104201646
ibarra_zarate,power_beta_T7,power,beta,T7,18.972561968356104
ibarra_zarate,power_gamma_T7,power,gamma,T7,41.14587565145942
ibarra_zarate,power_delta_T8,power,delta,T8,135.72941667915623
ibarra_zarate,power_theta_T8,power,theta,T8,-99.30302086801255
ibarra_zarate,power_alpha_T8,power,alpha,T8,36.8180290713323
ibarra_zarate,power_beta_T8,power,beta,T8,-41.89477934830153
ibarra_zarate,power_gamma_T8,power,gamma,T8,-52.11946428444983
ibarra_zarate,wpli_delta_C3_C4,wpli,delta,C3-C4,-208.40864421885195
ibarra_zarate,wpli_theta_C3_C4,wpli,theta,C3-C4,-128.2546218699502
ibarra_zarate,wpli_alpha_C3_C4,wpli,alpha,C3-C4,22.44743151527806
ibarra_zarate,wpli_beta_C3_C4,wpli,beta,C3-C4,59.819080717113835
ibarra_zarate,wpli_gamma_C3_C4,wpli,gamma,C3-C4,-4.436514631880531
ibarra_zarate,wpli_delta_C3_F3,wpli,delta,C3-F3,0.0
ibarra_zarate,wpli_theta_C3_F3,wpli,theta,C3-F3,-89.42531661295881
ibarra_zarate,wpli_alpha_C3_F3,wpli,alpha,C3-F3,0.0
ibarra_zarate,wpli_beta_C3_F3,wpli,beta,C3-F3,24.429823612204913
ibarra_zarate,wpli_gamma_C3_F3,wpli,gamma,C3-F3,-87.61495072295601
ibarra_zarate,wpli_delta_C4_F3,wpli,delta,C4-F3,48.187975705288146
ibarra_zarate,wpli_theta_C4_F3,wpli,theta,C4-F3,8.795459153369448
ibarra_zarate,wpli_alpha_C4_F3,wpli,alpha,C4-F3,-65.10835307846007
ibarra_zarate,wpli_beta_C4_F3,wpli,beta,C4-F3,26.552998026974656
ibarra_zarate,wpli_gamma_C4_F3,wpli,gamma,C4-F3,0.0
ibarra_zarate,wpli_delta_C3_F4,wpli,delta,C3-F4,63.11603411768682
ibarra_zarate,wpli_theta_C3_F4,wpli,theta,C3-F4,-62.61459926718328
ibarra_zarate,wpli_alpha_C3_F4,wpli,alpha,C3-F4,63.92536973019714
ibarra_zarate,wpli_beta_C3_F4,wpli,beta,C3-F4,68.60452130319715
ibarra_zarate,wpli_gamma_C3_F4,wpli,gamma,C3-F4,4.660552395030168
ibarra_zarate,wpli_delta_C4_F4,wpli,delta,C4-F4,-20.09363923286447
ibarra_zarate,wpli_theta_C4_F4,wpli,theta,C4-F4,23.955736169654493
ibarra_zarate,wpli_alpha_C4_F4,wpli,alpha,C4-F4,26.42043693008266
ibarra_zarate,wpli_beta_C4_F4,wpli,beta,C4-F4,41.53245293688594
ibarra_zarate,wpli_gamma_C4_F4,wpli,gamma,C4-F4,29.50968214511289
ibarra_zarate,wpli_delta_F3_F4,wpli,delta,F3-F4,26.010127268727857
ibarra_zarate,wpli_theta_F3_F4,wpli,theta,F3-F4,108.62796498504747
ibarra_zarate,wpli_alpha_F3_F4,wpli,alpha,F3-F4,27.95528979946338
ibarra_zarate,wpli_beta_F3_F4,wpli,beta,F3-F4,36.12082190766661
ibarra_zarate,wpli_gamma_F3_F4,wpli,gamma,F3-F4,-51.636653366102145
ibarra_zarate,wpli_delta_C3_F7,wpli,delta,C3-F7,-99.67760492689914
ibarra_zarate,wpli_theta_C3_F7,wpli,theta,C3-F7,-6.513121736420055
ibarra_zarate,wpli_alpha_C3_F7,wpli,alpha,C3-F7,9.190541179765678
ibarra_zarate,wpli_beta_C3_F7,wpli,beta,C3-F7,-114.11284885741755
ibarra_zarate,wpli_gamma_C3_F7,wpli,gamma,C3-F7,-77.30778418039802
ibarra_zarate,wpli_delta_C4_F7,wpli,delta,C4-F7,5.845521371678348
ibarra_zarate,wpli_theta_C4_F7,wpli,theta,C4-F7,58.131415316031394
ibarra_zarate,wpli_alpha_C4_F7,wpli,alpha,C4-F7,-70.30509897102588
ibarra_zarate,wpli_beta_C4_F7,wpli,beta,C4-F7,-15.957499713110375
ibarra_zarate,wpli_gamma_C4_F7,wpli,gamma,C4-F7,-82.68667469982698
ibarra_zarate,wpli_delta_F3_F7,wpli,delta,F3-F7,-13.136924175085262
ibarra_zarate,wpli_theta_F3_F7,wpli,theta,F3-F7,73.76697557505666
ibarra_zarate,wpli_alpha_F3_F7,wpli,alpha,F3-F7,63.93960397671535
ibarra_zarate,wpli_beta_F3_F7,wpli,beta,F3-F7,-12.79358720270858
ibarra_zarate,wpli_gamma_F3_F7,wpli,gamma,F3-F7,-111.82478642079485
ibarra_zarate,wpli_delta_F4_F7,wpli,delta,F4-F7,-80.95178516305526
ibarra_zarate,wpli_theta_F4_F7,wpli,theta,F4-F7,0.0
ibarra_zarate,wpli_alpha_F4_F7,wpli,alpha,F4-F7,-60.0063746093603
ibarra_zarate,wpli_beta_F4_F7,wpli,beta,F4-F7,-57.79862193297844
ibarra_zarate,wpli_gamma_F4_F7,wpli,gamma,F4-F7,14.023674062193898
ibarra_zarate,wpli_delta_C3_F8,wpli,delta,C3-F8,0.0
ibarra_zarate,wpli_theta_C3_F8,wpli,theta,C3-F8,-35.9728159759291
ibarra_zarate,wpli_alpha_C3_F8,wpli,alpha,C3-F8,-6.801433768895847
ibarra_zarate,wpli_beta_C3_F8,wpli,beta,C3-F8,37.7935998199835
ibarra_zarate,wpli_gamma_C3_F8,wpli,gamma,C3-F8,-1.0818099939564583
ibarra_zarate,wpli_delta_C4_F8,wpli,delta,C4-F8,15.29768962310146
ibarra_zarate,wpli_theta_C4_F8,wpli,theta,C4-F8,52.506870438900414
ibarra_zarate,wpli_alpha_C4_F8,wpli,alpha,C4-F8,-47.525020015475604
ibarra_zarate,wpli_beta_C4_F8,wpli,beta,C4-F8,-1.079200739291487
ibarra_zarate,wpli_gamma_C4_F8,wpli,gamma,C4-F8,19.999713568584085
ibarra_zarate,wpli_delta_F3_F8,wpli,delta,F3-F8,71.28739572815796
ibarra_zarate,wpli_theta_F3_F8,wpli,theta,F3-F8,66.34392522863698
ibarra_zarate,wpli_alpha_F3_F8,wpli,alpha,F3-F8,12.53015889044983
ibarra_zarate,wpli_beta_F3_F8,wpli,beta,F3-F8,106.6564310513557
ibarra_zarate,wpli_gamma_F3_F8,wpli,gamma,F3-F8,-19.95613725490869
ibarra_zarate,wpli_delta_F4_F8,wpli,delta,F4-F8,-70.7900050200938
ibarra_zarate,wpli_theta_F4_F8,wpli,theta,F4-F8,17.76133425012241
ibarra_zarate,wpli_alpha_F4_F8,wpli,alpha,F4-F8,0.0
ibarra_zarate,wpli_beta_F4_F8,wpli,beta,F4-F8,51.869624603053275
ibarra_zarate,wpli_gamma_F4_F8,wpli,gamma,F4-F8,32.418280611827974
ibarra_zarate,wpli_delta_F7_F8,wpli,delta,F7-F8,-68.21809483021813
ibarra_zarate,wpli_theta_F7_F8,wpli,theta,F7-F8,-45.327234092831034
ibarra_zarate,wpli_alpha_F7_F8,wpli,alpha,F7-F8,-9.020484541098618
ibarra_zarate,wpli_beta_F7_F8,wpli,beta,F7-F8,59.58270328468792
ibarra_zarate,wpli_gamma_F7_F8,wpli,gamma,F7-F8,116.36044497808817
ibarra_zarate,wpli_delta_C3_Fp1,wpli,delta,C3-Fp1,-39.93916270859305
ibarra_zarate,wpli_theta_C3_Fp1,wpli,theta,C3-Fp1,0.0
ibarra_zarate,wpli_alpha_C3_Fp1,wpli,alpha,C3-Fp1,10.603684419318396
ibarra_zarate,wpli_beta_C3_Fp1,wpli,beta,C3-Fp1,-3.4574156274974697
ibarra_zarate,wpli_gamma_C3_Fp1,wpli,gamma,C3-Fp1,0.028310035372177786
ibarra_zarate,wpli_delta_C4_Fp1,wpli,delta,C4-Fp1,-8.946227347999548
ibarra_zarate,wpli_theta_C4_Fp1,wpli,theta,C4-Fp1,31.480803621818005
ibarra_zarate,wpli_alpha_C4_Fp1,wpli,alpha,C4-Fp1,17.36684310828041
ibarra_zarate,wpli_beta_C4_Fp1,wpli,beta,C4-Fp1,15.794748354340278
ibarra_zarate,wpli_gamma_C4_Fp1,wpli,gamma,C4-Fp1,0.0
ibarra_zarate,wpli_delta_F3_Fp1,wpli,delta,F3-Fp1,-25.89169647735244
ibarra_zarate,wpli_theta_F3_Fp1,wpli,theta,F3-Fp1,26.626225155516977
ibarra_zarate,wpli_alpha_F3_Fp1,wpli,alpha,F3-Fp1,43.77668696489366
ibarra_zarate,wpli_beta_F3_Fp1,wpli,beta,F3-Fp1,0.0
ibarra_zarate,wpli_gamma_F3_Fp1,wpli,gamma,F3-Fp1,0.0
ibarra_zarate,wpli_delta_F4_Fp1,wpli,delta,F4-Fp1,-6.2579201126603765
ibarra_zarate,wpli_theta_F4_Fp1,wpli,theta,F4-Fp1,58.98561400765403
ibarra_zarate,wpli_alpha_F4_Fp1,wpli,alpha,F4-Fp1,75.25802944170096
ibarra_zarate,wpli_beta_F4_Fp1,wpli,beta,F4-Fp1,29.362722615373016
ibarra_zarate,wpli_gamma_F4_Fp1,wpli,gamma,F4-Fp1,-35.65805884812891
ibarra_zarate,wpli_delta_F7_Fp1,wpli,delta,F7-Fp1,0.0
ibarra_zarate,wpli_theta_F7_Fp1,wpli,theta,F7-Fp1,-42.69633792590862
ibarra_zarate,wpli_alpha_F7_Fp1,wpli,alpha,F7-Fp1,42.199463867020796
ibarra_zarate,wpli_beta_F7_Fp1,wpli,beta,F7-Fp1,38.66818281347915
ibarra_zarate,wpli_gamma_F7_Fp1,wpli,gamma,F7-Fp1,51.27283273853359
ibarra_zarate,wpli_delta_F8_Fp1,wpli,delta,F8-Fp1,15.246724756784104
ibarra_zarate,wpli_theta_F8_Fp1,wpli,theta,F8-Fp1,0.0
ibarra_zarate,wpli_alpha_F8_Fp1,wpli,alpha,F8-Fp1,4.60522201136727
ibarra_zarate,wpli_beta_F8_Fp1,wpli,beta,F8-Fp1,-16.927750204381006
ibarra_zarate,wpli_gamma_F8_Fp1,wpli,gamma,F8-Fp1,-42.16464587972357
ibarra_zarate,wpli_delta_C3_Fp2,wpli,delta,C3-Fp2,-47.19686671486338
ibarra_zarate,wpli_theta_C3_Fp2,wpli,theta,C3-Fp2,9.432054492092895
ibarra_zarate,wpli_alpha_C3_Fp2,wpli,alpha,C3-Fp2,47.34769798230646
ibarra_zarate,wpli_beta_C3_Fp2,wpli,beta,C3-Fp2,0.0
ibarra_zarate,wpli_gamma_C3_Fp2,wpli,gamma,C3-Fp2,48.778423291510656
ibarra_zarate,wpli_delta_C4_Fp2,wpli,delta,C4-Fp2,-17.89578880968284
ibarra_zarate,wpli_theta_C4_Fp2,wpli,theta,C4-Fp2,38.6961713044686
ibarra_zarate,wpli_alpha_C4_Fp2,wpli,alpha,C4-Fp2,26.826316400973226
ibarra_zarate,wpli_beta_C4_Fp2,wpli,beta,C4-Fp2,-47.34563867258236
ibarra_zarate,wpli_gamma_C4_Fp2,wpli,gamma,C4-Fp2,71.22955822100558
ibarra_zarate,wpli_delta_F3_Fp2,wpli,delta,F3-Fp2,0.0
ibarra_zarate,wpli_theta_F3_Fp2,wpli,theta,F3-Fp2,-1.8992339961936817
ibarra_zarate,wpli_alpha_F3_Fp2,wpli,alpha,F3-Fp2,63.60880772412645
ibarra_zarate,wpli_beta_F3_Fp2,wpli,beta,F3-Fp2,48.754797724284195
ibarra_zarate,wpli_gamma_F3_Fp2,wpli,gamma,F3-Fp2,10.461314070567672
ibarra_zarate,wpli_delta_F4_Fp2,wpli,delta,F4-Fp2,0.0
ibarra_zarate,wpli_theta_F4_Fp2,wpli,theta,F4-Fp2,38.00089766851418
ibarra_zarate,wpli_alpha_F4_Fp2,wpli,alpha,F4-Fp2,42.84500770161971
ibarra_zarate,wpli_beta_F4_Fp2,wpli,beta,F4-Fp2,0.6130622162849341
ibarra_zarate,wpli_gamma_F4_Fp2,wpli,gamma,F4-Fp2,28.22222121674286
ibarra_zarate,wpli_delta_F7_Fp2,wpli,delta,F7-Fp2,0.0
ibarra_zarate,wpli_theta_F7_Fp2,wpli,theta,F7-Fp2,-40.704214840903916
ibarra_zarate,wpli_alpha_F7_Fp2,wpli,alpha,F7-Fp2,31.85927405149237
ibarra_zarate,wpli_beta_F7_Fp2,wpli,beta,F7-Fp2,36.38133404992391
ibarra_zarate,wpli_gamma_F7_Fp2,wpli,gamma,F7-Fp2,63.81759012085911
ibarra_zarate,wpli_delta_F8_Fp2,wpli,delta,F8-Fp2,8.437518616268248
ibarra_zarate,wpli_theta_F8_Fp2,wpli,theta,F8-Fp2,24.29099529372955
ibarra_zarate,wpli_alpha_F8_Fp2,wpli,alpha,F8-Fp2,9.343241048110357
ibarra_zarate,wpli_beta_F8_Fp2,wpli,beta,F8-Fp2,-24.86751015084888
ibarra_zarate,wpli_gamma_F8_Fp2,wpli,gamma,F8-Fp2,-72.34267132055135
ibarra_zarate,wpli_delta_Fp1_Fp2,wpli,delta,Fp1-Fp2,-10.700018271595674
ibarra_zarate,wpli_theta_Fp1_Fp2,wpli,theta,Fp1-Fp2,41.918525627191194
ibarra_zarate,wpli_alpha_Fp1_Fp2,wpli,alpha,Fp1-Fp2,17.873253956919484
ibarra_zarate,wpli_beta_Fp1_Fp2,wpli,beta,Fp1-Fp2,33.980082432935596
ibarra_zarate,wpli_gamma_Fp1_Fp2,wpli,gamma,Fp1-Fp2,22.672478480246866
ibarra_zarate,wpli_delta_C3_Fz,wpli,delta,C3-Fz,37.97934413601429
ibarra_zarate,wpli_theta_C3_Fz,wpli,theta,C3-Fz,-58.09983788670631
ibarra_zarate,wpli_alpha_C3_Fz,wpli,alpha,C3-Fz,28.680596062889386
ibarra_zarate,wpli_beta_C3_Fz,wpli,beta,C3-Fz,41.17842435725266
ibarra_zarate,wpli_gamma_C3_Fz,wpli,gamma,C3-Fz,-48.45671404633184
ibarra_zarate,wpli_delta_C4_Fz,wpli,delta,C4-Fz,-7.3421721761475665
ibarra_zarate,wpli_theta_C4_Fz,wpli,theta,C4-Fz,0.0
ibarra_zarate,wpli_alpha_C4_Fz,wpli,alpha,C4-Fz,-2.356769726504731
ibarra_zarate,wpli_beta_C4_Fz,wpli,beta,C4-Fz,0.0
ibarra_zarate,wpli_gamma_C4_Fz,wpli,gamma,C4-Fz,17.492592501042473
ibarra_zarate,wpli_delta_F3_Fz,wpli,delta,F3-Fz,0.0
ibarra_zarate,wpli_theta_F3_Fz,wpli,theta,F3-Fz,-64.31822483306657
ibarra_zarate,wpli_alpha_F3_Fz,wpli,alpha,F3-Fz,0.0
ibarra_zarate,wpli_beta_F3_Fz,wpli,beta,F3-Fz,24.715791291082112
ibarra_zarate,wpli_gamma_F3_Fz,wpli,gamma,F3-Fz,-44.18272287997433
ibarra_zarate,wpli_delta_F4_Fz,wpli,delta,F4-Fz,102.20340865337639
ibarra_zarate,wpli_theta_F4_Fz,wpli,theta,F4-Fz,-22.230048282589365
ibarra_zarate,wpli_alpha_F4_Fz,wpli,alpha,F4-Fz,0.0
ibarra_zarate,wpli_beta_F4_Fz,wpli,beta,F4-Fz,5.830250616550352
ibarra_zarate,wpli_gamma_F4_Fz,wpli,gamma,F4-Fz,102.26953998528558
ibarra_zarate,wpli_delta_F7_Fz,wpli,delta,F7-Fz,-102.72561711823616
ibarra_zarate,wpli_theta_F7_Fz,wpli,theta,F7-Fz,17.841264215101635
ibarra_zarate,wpli_alpha_F7_Fz,wpli,alpha,F7-Fz,-49.2118821383337
ibarra_zarate,wpli_beta_F7_Fz,wpli,beta,F7-Fz,-31.816703603668785
ibarra_zarate,wpli_gamma_F7_Fz,wpli,gamma,F7-Fz,-26.426571055417597
ibarra_zarate,wpli_delta_F8_Fz,wpli,delta,F8-Fz,0.0
ibarra_zarate,wpli_theta_F8_Fz,wpli,theta,F8-Fz,0.0
ibarra_zarate,wpli_alpha_F8_Fz,wpli,alpha,F8-Fz,27.822765051753464
ibarra_zarate,wpli_beta_F8_Fz,wpli,beta,F8-Fz,0.0
ibarra_zarate,wpli_gamma_F8_Fz,wpli,gamma,F8-Fz,25.198234364474548
ibarra_zarate,wpli_delta_Fp1_Fz,wpli,delta,Fp1-Fz,-91.0811006005879
ibarra_zarate,wpli_theta_Fp1_Fz,wpli,theta,Fp1-Fz,7.605895109625093
ibarra_zarate,wpli_alpha_Fp1_Fz,wpli,alpha,Fp1-Fz,61.291891564227605
ibarra_zarate,wpli_beta_Fp1_Fz,wpli,beta,Fp1-Fz,75.45283865787741
ibarra_zarate,wpli_gamma_Fp1_Fz,wpli,gamma,Fp1-Fz,6.922738107669844
ibarra_zarate,wpli_delta_Fp2_Fz,wpli,delta,Fp2-Fz,-6.052750965201672
ibarra_zarate,wpli_theta_Fp2_Fz,wpli,theta,Fp2-Fz,0.6971226032894522
ibarra_zarate,wpli_alpha_Fp2_Fz,wpli,alpha,Fp2-Fz,31.59811173185411
ibarra_zarate,wpli_beta_Fp2_Fz,wpli,beta,Fp2-Fz,114.04976443958843
ibarra_zarate,wpli_gamma_Fp2_Fz,wpli,gamma,Fp2-Fz,50.96407819783509
ibarra_zarate,wpli_delta_C3_P7,wpli,delta,C3-P7,-65.47621590316953
ibarra_zarate,wpli_theta_C3_P7,wpli,theta,C3-P7,42.048261427308404
ibarra_zarate,wpli_alpha_C3_P7,wpli,alpha,C3-P7,0.0
ibarra_zarate,wpli_beta_C3_P7,wpli,beta,C3-P7,-12.47507287029664
ibarra_zarate,wpli_gamma_C3_P7,wpli,gamma,C3-P7,31.832915730913097
ibarra_zarate,wpli_delta_C4_P7,wpli,delta,C4-P7,37.06228640671469
ibarra_zarate,wpli_theta_C4_P7,wpli,theta,C4-P7,16.005522643642326
ibarra_zarate,wpli_alpha_C4_P7,wpli,alpha,C4-P7,28.37859063838725
ibarra_zarate,wpli_beta_C4_P7,wpli,beta,C4-P7,-39.739886065241194
ibarra_zarate,wpli_gamma_C4_P7,wpli,gamma,C4-P7,102.82157542464132
ibarra_zarate,wpli_delta_F3_P7,wpli,delta,F3-P7,-13.498163901742863
ibarra_zarate,wpli_theta_F3_P7,wpli,theta,F3-P7,-46.991202291999635
ibarra_zarate,wpli_alpha_F3_P7,wpli,alpha,F3-P7,-4.538678789248542
ibarra_zarate,wpli_beta_F3_P7,wpli,beta,F3-P7,32.37730700667616
ibarra_zarate,wpli_gamma_F3_P7,wpli,gamma,F3-P7,41.84813727156894
ibarra_zarate,wpli_delta_F4_P7,wpli,delta,F4-P7,0.0
ibarra_zarate,wpli_theta_F4_P7,wpli,theta,F4-P7,-84.76917146065117
ibarra_zarate,wpli_alpha_F4_P7,wpli,alpha,F4-P7,-32.72560706162984
ibarra_zarate,wpli_beta_F4_P7,wpli,beta,F4-P7,-11.219566389257869
ibarra_zarate,wpli_gamma_F4_P7,wpli,gamma,F4-P7,69.60960422433318
ibarra_zarate,wpli_delta_F7_P7,wpli,delta,F7-P7,-31.90160798763602
ibarra_zarate,wpli_theta_F7_P7,wpli,theta,F7-P7,21.03642155121878
ibarra_zarate,wpli_alpha_F7_P7,wpli,alpha,F7-P7,15.52036792596493
ibarra_zarate,wpli_beta_F7_P7,wpli,beta,F7-P7,6.329324001980181
ibarra_zarate,wpli_gamma_F7_P7,wpli,gamma,F7-P7,-26.9586322280213
ibarra_zarate,wpli_delta_F8_P7,wpli,delta,F8-P7,-32.1894420706873
ibarra_zarate,wpli_theta_F8_P7,wpli,theta,F8-P7,-69.99674300790782
ibarra_zarate,wpli_alpha_F8_P7,wpli,alpha,F8-P7,-64.38485288488472
ibarra_zarate,wpli_beta_F8_P7,wpli,beta,F8-P7,67.71793147416685
ibarra_zarate,wpli_gamma_F8_P7,wpli,gamma,F8-P7,78.56532821385541
ibarra_zarate,wpli_delta_Fp1_P7,wpli,delta,Fp1-P7,-101.82318329521559
ibarra_zarate,wpli_theta_Fp1_P7,wpli,theta,Fp1-P7,-84.32220451165118
ibarra_zarate,wpli_alpha_Fp1_P7,wpli,alpha,Fp1-P7,0.0
ibarra_zarate,wpli_beta_Fp1_P7,wpli,beta,Fp1-P7,22.22963376709854
ibarra_zarate,wpli_gamma_Fp1_P7,wpli,gamma,Fp1-P7,131.76668626470976
ibarra_zarate,wpli_delta_Fp2_P7,wpli,delta,Fp2-P7,-67.37974064712918
ibarra_zarate,wpli_theta_Fp2_P7,wpli,theta,Fp2-P7,-107.76982948757812
ibarra_zarate,wpli_alpha_Fp2_P7,wpli,alpha,Fp2-P7,0.0
ibarra_zarate,wpli_beta_Fp2_P7,wpli,beta,Fp2-P7,19.862864984494422
ibarra_zarate,wpli_gamma_Fp2_P7,wpli,gamma,Fp2-P7,69.80088889910505
ibarra_zarate,wpli_delta_Fz_P7,wpli,delta,Fz-P7,-13.272748197571664
ibarra_zarate,wpli_theta_Fz_P7,wpli,theta,Fz-P7,-25.439130412230348
ibarra_zarate,wpli_alpha_Fz_P7,wpli,alpha,Fz-P7,-1.0047816543638306
ibarra_zarate,wpli_beta_Fz_P7,wpli,beta,Fz-P7,19.777169196511473
ibarra_zarate,wpli_gamma_Fz_P7,wpli,gamma,Fz-P7,59.64657691347789
ibarra_zarate,wpli_delta_C3_P8,wpli,delta,C3-P8,44.90851466063981
ibarra_zarate,wpli_theta_C3_P8,wpli,theta,C3-P8,0.0
ibarra_zarate,wpli_alpha_C3_P8,wpli,alpha,C3-P8,49.919075890473
ibarra_zarate,wpli_beta_C3_P8,wpli,beta,C3-P8,48.6343112147704
ibarra_zarate,wpli_gamma_C3_P8,wpli,gamma,C3-P8,0.0
ibarra_zarate,wpli_delta_C4_P8,wpli,delta,C4-P8,83.04002320274186
ibarra_zarate,wpli_theta_C4_P8,wpli,theta,C4-P8,-79.479432272233
ibarra_zarate,wpli_alpha_C4_P8,wpli,alpha,C4-P8,0.0
ibarra_zarate,wpli_beta_C4_P8,wpli,beta,C4-P8,-85.82798357722397
ibarra_zarate,wpli_gamma_C4_P8,wpli,gamma,C4-P8,-48.67779608934383
ibarra_zarate,wpli_delta_F3_P8,wpli,delta,F3-P8,-5.449937626178434
ibarra_zarate,wpli_theta_F3_P8,wpli,theta,F3-P8,0.0
ibarra_zarate,wpli_alpha_F3_P8,wpli,alpha,F3-P8,-33.336515931976365
ibarra_zarate,wpli_beta_F3_P8,wpli,beta,F3-P8,-100.63968936881335
ibarra_zarate,wpli_gamma_F3_P8,wpli,gamma,F3-P8,-22.254669939939795
ibarra_zarate,wpli_delta_F4_P8,wpli,delta,F4-P8,-65.17376049242291
ibarra_zarate,wpli_theta_F4_P8,wpli,theta,F4-P8,8.717368062082347
ibarra_zarate,wpli_alpha_F4_P8,wpli,alpha,F4-P8,-38.19133043997973
ibarra_zarate,wpli_beta_F4_P8,wpli,beta,F4-P8,-144.00197080589788
ibarra_zarate,wpli_gamma_F4_P8,wpli,gamma,F4-P8,-53.2406600431207
ibarra_zarate,wpli_delta_F7_P8,wpli,delta,F7-P8,-55.812464298800165
ibarra_zarate,wpli_theta_F7_P8,wpli,theta,F7-P8,-3.4537169196242368
ibarra_zarate,wpli_alpha_F7_P8,wpli,alpha,F7-P8,50.055358730528184
ibarra_zarate,wpli_beta_F7_P8,wpli,beta,F7-P8,-46.50934858728123
ibarra_zarate,wpli_gamma_F7_P8,wpli,gamma,F7-P8,0.0
ibarra_zarate,wpli_delta_F8_P8,wpli,delta,F8-P8,5.883278344661729
ibarra_zarate,wpli_theta_F8_P8,wpli,theta,F8-P8,0.0
ibarra_zarate,wpli_alpha_F8_P8,wpli,alpha,F8-P8,-19.141908781619676
ibarra_zarate,wpli_beta_F8_P8,wpli,beta,F8-P8,24.075642767941268
ibarra_zarate,wpli_gamma_F8_P8,wpli,gamma,F8-P8,-34.20531372815047
ibarra_zarate,wpli_delta_Fp1_P8,wpli,delta,Fp1-P8,13.691106473044707
ibarra_zarate,wpli_theta_Fp1_P8,wpli,theta,Fp1-P8,-7.791578095350418
ibarra_zarate,wpli_alpha_Fp1_P8,wpli,alpha,Fp1-P8,0.20666582819869306
ibarra_zarate,wpli_beta_Fp1_P8,wpli,beta,Fp1-P8,-51.68200020414353
ibarra_zarate,wpli_gamma_Fp1_P8,wpli,gamma,Fp1-P8,-27.130008843802734
ibarra_zarate,wpli_delta_Fp2_P8,wpli,delta,Fp2-P8,-47.342991715689145
ibarra_zarate,wpli_theta_Fp2_P8,wpli,theta,Fp2-P8,30.899031731401607
ibarra_zarate,wpli_alpha_Fp2_P8,wpli,alpha,Fp2-P8,1.297272882391919
ibarra_zarate,wpli_beta_Fp2_P8,wpli,beta,Fp2-P8,-68.30366218063735
ibarra_zarate,wpli_gamma_Fp2_P8,wpli,gamma,Fp2-P8,0.0
ibarra_zarate,wpli_delta_Fz_P8,wpli,delta,Fz-P8,-32.78432942645104
ibarra_zarate,wpli_theta_Fz_P8,wpli,theta,Fz-P8,-52.015432589606945
ibarra_zarate,wpli_alpha_Fz_P8,wpli,alpha,Fz-P8,-35.701777352232334
ibarra_zarate,wpli_beta_Fz_P8,wpli,beta,Fz-P8,-49.75003970511916
ibarra_zarate,wpli_gamma_Fz_P8,wpli,gamma,Fz-P8,-38.54918581765393
ibarra_zarate,wpli_delta_P7_P8,wpli,delta,P7-P8,33.73381807579132
ibarra_zarate,wpli_theta_P7_P8,wpli,theta,P7-P8,75.09757884682686
ibarra_zarate,wpli_alpha_P7_P8,wpli,alpha,P7-P8,15.416208325071993
ibarra_zarate,wpli_beta_P7_P8,wpli,beta,P7-P8,0.0
ibarra_zarate,wpli_gamma_P7_P8,wpli,gamma,P7-P8,-127.38642087202092
ibarra_zarate,wpli_delta_C3_T7,wpli,delta,C3-T7,30.492809222866263
ibarra_zarate,wpli_theta_C3_T7,wpli,theta,C3-T7,0.025870344042970447
ibarra_zarate,wpli_alpha_C3_T7,wpli,alpha,C3-T7,70.72706065381283
ibarra_zarate,wpli_beta_C3_T7,wpli,beta,C3-T7,0.0
ibarra_zarate,wpli_gamma_C3_T7,wpli,gamma,C3-T7,52.04745297717711
ibarra_zarate,wpli_delta_C4_T7,wpli,delta,C4-T7,88.01460708195563
ibarra_zarate,wpli_theta_C4_T7,wpli,theta,C4-T7,-58.302716713230595
ibarra_zarate,wpli_alpha_C4_T7,wpli,alpha,C4-T7,52.21758164582299
ibarra_zarate,wpli_beta_C4_T7,wpli,beta,C4-T7,-17.82734602573035
ibarra_zarate,wpli_gamma_C4_T7,wpli,gamma,C4-T7,0.0
ibarra_zarate,wpli_delta_F3_T7,wpli,delta,F3-T7,0.0
ibarra_zarate,wpli_theta_F3_T7,wpli,theta,F3-T7,29.863751133687046
ibarra_zarate,wpli_alpha_F3_T7,wpli,alpha,F3-T7,13.29047724501033
ibarra_zarate,wpli_beta_F3_T7,wpli,beta,F3-T7,83.92137680888156
ibarra_zarate,wpli_gamma_F3_T7,wpli,gamma,F3-T7,0.5859613386466946
ibarra_zarate,wpli_delta_F4_T7,wpli,delta,F4-T7,0.0
ibarra_zarate,wpli_theta_F4_T7,wpli,theta,F4-T7,0.0
ibarra_zarate,wpli_alpha_F4_T7,wpli,alpha,F4-T7,32.069786570941645
ibarra_zarate,wpli_beta_F4_T7,wpli,beta,F4-T7,-37.78401665469365
ibarra_zarate,wpli_gamma_F4_T7,wpli,gamma,F4-T7,45.57194951521033
ibarra_zarate,wpli_delta_F7_T7,wpli,delta,F7-T7,-20.142993849975767
ibarra_zarate,wpli_theta_F7_T7,wpli,theta,F7-T7,-56.48540744838815
ibarra_zarate,wpli_alpha_F7_T7,wpli,alpha,F7-T7,-96.25782834142377
ibarra_zarate,wpli_beta_F7_T7,wpli,beta,F7-T7,-36.54367377018366
ibarra_zarate,wpli_gamma_F7_T7,wpli,gamma,F7-T7,-7.996576666745675
ibarra_zarate,wpli_delta_F8_T7,wpli,delta,F8-T7,-0.11582632042680606
ibarra_zarate,wpli_theta_F8_T7,wpli,theta,F8-T7,-58.674102525049825
ibarra_zarate,wpli_alpha_F8_T7,wpli,alpha,F8-T7,78.63787402722333
ibarra_zarate,wpli_beta_F8_T7,wpli,beta,F8-T7,-10.911892839251546
ibarra_zarate,wpli_gamma_F8_T7,wpli,gamma,F8-T7,25.279519512680743
ibarra_zarate,wpli_delta_Fp1_T7,wpli,delta,Fp1-T7,-31.517979491660576
ibarra_zarate,wpli_theta_Fp1_T7,wpli,theta,Fp1-T7,-16.161216349278526
ibarra_zarate,wpli_alpha_Fp1_T7,wpli,alpha,Fp1-T7,-19.303353346820458
ibarra_zarate,wpli_beta_Fp1_T7,wpli,beta,Fp1-T7,24.00363929154294
ibarra_zarate,wpli_gamma_Fp1_T7,wpli,gamma,Fp1-T7,50.965767177314774
ibarra_zarate,wpli_delta_Fp2_T7,wpli,delta,Fp2-T7,-54.745756492097925
ibarra_zarate,wpli_theta_Fp2_T7,wpli,theta,Fp2-T7,-17.834194460310968
ibarra_zarate,wpli_alpha_Fp2_T7,wpli,alpha,Fp2-T7,14.834084713509602
ibarra_zarate,wpli_beta_Fp2_T7,wpli,beta,Fp2-T7,-21.07964025666589
ibarra_zarate,wpli_gamma_Fp2_T7,wpli,gamma,Fp2-T7,71.801959489632
ibarra_zarate,wpli_delta_Fz_T7,wpli,delta,Fz-T7,24.420152741615127
ibarra_zarate,wpli_theta_Fz_T7,wpli,theta,Fz-T7,20.107477897407662
ibarra_zarate,wpli_alpha_Fz_T7,wpli,alpha,Fz-T7,21.912076353151633
ibarra_zarate,wpli_beta_Fz_T7,wpli,beta,Fz-T7,3.505701728586863
ibarra_zarate,wpli_gamma_Fz_T7,wpli,gamma,Fz-T7,52.61824529338269
ibarra_zarate,wpli_delta_P7_T7,wpli,delta,P7-T7,0.12627955102218757
ibarra_zarate,wpli_theta_P7_T7,wpli,theta,P7-T7,72.80429986960672
ibarra_zarate,wpli_alpha_P7_T7,wpli,alpha,P7-T7,28.071299106585823
ibarra_zarate,wpli_beta_P7_T7,wpli,beta,P7-T7,0.0
ibarra_zarate,wpli_gamma_P7_T7,wpli,gamma,P7-T7,46.53257950488348
ibarra_zarate,wpli_delta_P8_T7,wpli,delta,P8-T7,0.0
ibarra_zarate,wpli_theta_P8_T7,wpli,theta,P8-T7,0.27342334820804576
ibarra_zarate,wpli_alpha_P8_T7,wpli,alpha,P8-T7,0.0
ibarra_zarate,wpli_beta_P8_T7,wpli,beta,P8-T7,-74.94749757658232
ibarra_zarate,wpli_gamma_P8_T7,wpli,gamma,P8-T7,-11.734940392588605
ibarra_zarate,wpli_delta_C3_T8,wpli,delta,C3-T8,101.48191406803295
ibarra_zarate,wpli_theta_C3_T8,wpli,theta,C3-T8,101.73085176245841
ibarra_zarate,wpli_alpha_C3_T8,wpli,alpha,C3-T8,-60.72865003829193
ibarra_zarate,wpli_beta_C3_T8,wpli,beta,C3-T8,105.06713238325304
ibarra_zarate,wpli_gamma_C3_T8,wpli,gamma,C3-T8,25.60887219398576
ibarra_zarate,wpli_delta_C4_T8,wpli,delta,C4-T8,211.13059793763787
ibarra_zarate,wpli_theta_C4_T8,wpli,theta,C4-T8,102.0259410104419
ibarra_zarate,wpli_alpha_C4_T8,wpli,alpha,C4-T8,-38.29493949884632
ibarra_zarate,wpli_beta_C4_T8,wpli,beta,C4-T8,-24.303310934429337
ibarra_zarate,wpli_gamma_C4_T8,wpli,gamma,C4-T8,0.0
ibarra_zarate,wpli_delta_F3_T8,wpli,delta,F3-T8,62.931722782100984
ibarra_zarate,wpli_theta_F3_T8,wpli,theta,F3-T8,-19.18602733416682
ibarra_zarate,wpli_alpha_F3_T8,wpli,alpha,F3-T8,0.0
ibarra_zarate,wpli_beta_F3_T8,wpli,beta,F3-T8,66.02069321496624
ibarra_zarate,wpli_gamma_F3_T8,wpli,gamma,F3-T8,-25.417894224343257
ibarra_zarate,wpli_delta_F4_T8,wpli,delta,F4-T8,65.75643430867204
ibarra_zarate,wpli_theta_F4_T8,wpli,theta,F4-T8,38.33978517563138
ibarra_zarate,wpli_alpha_F4_T8,wpli,alpha,F4-T8,38.993450138650346
ibarra_zarate,wpli_beta_F4_T8,wpli,beta,F4-T8,0.0
ibarra_zarate,wpli_gamma_F4_T8,wpli,gamma,F4-T8,23.030818361275593
ibarra_zarate,wpli_delta_F7_T8,wpli,delta,F7-T8,-80.69974681388656
ibarra_zarate,wpli_theta_F7_T8,wpli,theta,F7-T8,12.794923757400865
ibarra_zarate,wpli_alpha_F7_T8,wpli,alpha,F7-T8,23.818652124882917
ibarra_zarate,wpli_beta_F7_T8,wpli,beta,F7-T8,37.179226431874554
ibarra_zarate,wpli_gamma_F7_T8,wpli,gamma,F7-T8,41.3602402279619
ibarra_zarate,wpli_delta_F8_T8,wpli,delta,F8-T8,6.167236796094945
ibarra_zarate,wpli_theta_F8_T8,wpli,theta,F8-T8,0.0
ibarra_zarate,wpli_alpha_F8_T8,wpli,alpha,F8-T8,29.99868627160265
ibarra_zarate,wpli_beta_F8_T8,wpli,beta,F8-T8,-53.49256590495219
ibarra_zarate,wpli_gamma_F8_T8,wpli,gamma,F8-T8,-147.05056311958094
ibarra_zarate,wpli_delta_Fp1_T8,wpli,delta,Fp1-T8,27.553602829002457
ibarra_zarate,wpli_theta_Fp1_T8,wpli,theta,Fp1-T8,0.0
ibarra_zarate,wpli_alpha_Fp1_T8,wpli,alpha,Fp1-T8,30.34132986163276
ibarra_zarate,wpli_beta_Fp1_T8,wpli,beta,Fp1-T8,-9.415562660591984
ibarra_zarate,wpli_gamma_Fp1_T8,wpli,gamma,Fp1-T8,-99.48987562679001
ibarra_zarate,wpli_delta_Fp2_T8,wpli,delta,Fp2-T8,46.76724540300005
ibarra_zarate,wpli_theta_Fp2_T8,wpli,theta,Fp2-T8,-12.597980892179084
ibarra_zarate,wpli_alpha_Fp2_T8,wpli,alpha,Fp2-T8,74.58879995189466
ibarra_zarate,wpli_beta_Fp2_T8,wpli,beta,Fp2-T8,-35.708569675102716
ibarra_zarate,wpli_gamma_Fp2_T8,wpli,gamma,Fp2-T8,-39.47057985611608
ibarra_zarate,wpli_delta_Fz_T8,wpli,delta,Fz-T8,7.80025961910228
ibarra_zarate,wpli_theta_Fz_T8,wpli,theta,Fz-T8,59.661642321889644
ibarra_zarate,wpli_alpha_Fz_T8,wpli,alpha,Fz-T8,94.37561499197813
ibarra_zarate,wpli_beta_Fz_T8,wpli,beta,Fz-T8,9.980860442619878
ibarra_zarate,wpli_gamma_Fz_T8,wpli,gamma,Fz-T8,-11.062302647037644
ibarra_zarate,wpli_delta_P7_T8,wpli,delta,P7-T8,52.285901553808245
ibarra_zarate,wpli_theta_P7_T8,wpli,theta,P7-T8,107.59462756724233
ibarra_zarate,wpli_alpha_P7_T8,wpli,alpha,P7-T8,25.73447260396221
ibarra_zarate,wpli_beta_P7_T8,wpli,beta,P7-T8,-2.564223519625915
ibarra_zarate,wpli_gamma_P7_T8,wpli,gamma,P7-T8,-164.8182891884075
ibarra_zarate,wpli_delta_P8_T8,wpli,delta,P8-T8,61.32769199336765
ibarra_zarate,wpli_theta_P8_T8,wpli,theta,P8-T8,57.50389729438995
ibarra_zarate,wpli_alpha_P8_T8,wpli,alpha,P8-T8,-6.161997348135751
ibarra_zarate,wpli_beta_P8_T8,wpli,beta,P8-T8,104.69365431837693
ibarra_zarate,wpli_gamma_P8_T8,wpli,gamma,P8-T8,44.23715355191145
ibarra_zarate,wpli_delta_T7_T8,wpli,delta,T7-T8,0.0
ibarra_zarate,wpli_theta_T7_T8,wpli,theta,T7-T8,4.779587944539096
ibarra_zarate,wpli_alpha_T7_T8,wpli,alpha,T7-T8,-35.88090657544869
ibarra_zarate,wpli_beta_T7_T8,wpli,beta,T7-T8,-64.60964755745165
ibarra_zarate,wpli_gamma_T7_T8,wpli,gamma,T7-T8,50.300423665113485
ibarra_zarate,plzc_C3,plzc,,C3,-12.150734291204463
ibarra_zarate,plzc_C4,plzc,,C4,0.0
ibarra_zarate,plzc_F3,plzc,,F3,8.205592699382699
ibarra_zarate,plzc_F4,plzc,,F4,-25.406807941244857
ibarra_zarate,plzc_F7,plzc,,F7,8.826713797981
ibarra_zarate,plzc_F8,plzc,,F8,33.74656076186466
ibarra_zarate,plzc_Fp1,plzc,,Fp1,0.0
ibarra_zarate,plzc_Fp2,plzc,,Fp2,14.8334869913104
ibarra_zarate,plzc_Fz,plzc,,Fz,-13.965230041679895
ibarra_zarate,plzc_P7,plzc,,P7,-19.710417644849635
ibarra_zarate,plzc_P8,plzc,,P8,8.124548912393463
ibarra_zarate,plzc_T7,plzc,,T7,-45.4529257860163
ibarra_zarate,plzc_T8,plzc,,T8,0.0
raeisi,power_delta_C3,power,delta,C3,284.982411773169
raeisi,power_theta_C3,power,theta,C3,97.0804287289381
raeisi,power_alpha_C3,power,alpha,C3,177.15056172472467
raeisi,power_beta_C3,power,beta,C3,-7.307509385182644
raeisi,power_gamma_C3,power,gamma,C3,-96.66896223079222
raeisi,power_delta_C4,power,delta,C4,-72.31472730520984
raeisi,power_theta_C4,power,theta,C4,-55.1239925425454
raeisi,power_alpha_C4,power,alpha,C4,74.56274679530244
raeisi,power_beta_C4,power,beta,C4,78.03813166941923
raeisi,power_gamma_C4,power,gamma,C4,-1.9240706178614992
raeisi,power_delta_F3,power,delta,F3,100.43853678688882
raeisi,power_theta_F3,power,theta,F3,-65.70071846879239
raeisi,power_alpha_F3,power,alpha,F3,64.67219256804701
raeisi,power_beta_F3,power,beta,F3,113.178789090877
raeisi,power_gamma_F3,power,gamma,F3,54.277091162283014
raeisi,power_delta_F4,power,delta,F4,112.18400269089943
raeisi,power_theta_F4,power,theta,F4,-137.72088599023004
raeisi,power_alpha_F4,power,alpha,F4,32.271819585932214
raeisi,power_beta_F4,power,beta,F4,57.027520617314124
raeisi,power_gamma_F4,power,gamma,F4,0.0
raeisi,power_delta_F7,power,delta,F7,-120.56720152494812
raeisi,power_theta_F7,power,theta,F7,125.38711380519644
raeisi,power_alpha_F7,power,alpha,F7,21.191187261862762
raeisi,power_beta_F7,power,beta,F7,0.0
raeisi,power_gamma_F7,power,gamma,F7,-10.793935159740968
raeisi,power_delta_F8,power,delta,F8,60.77147835850459
raeisi,power_theta_F8,power,theta,F8,-82.8460700685617
raeisi,power_alpha_F8,power,alpha,F8,20.962799344422105
raeisi,power_beta_F8,power,beta,F8,31.65126803654419
raeisi,power_gamma_F8,power,gamma,F8,-52.65039235062709
raeisi,power_delta_Fp1,power,delta,Fp1,-49.40994697905426
raeisi,power_theta_Fp1,power,theta,Fp1,-2.7612192263971878
raeisi,power_alpha_Fp1,power,alpha,Fp1,60.68966038441579
raeisi,power_beta_Fp1,power,beta,Fp1,121.4231627692205
raeisi,power_gamma_Fp1,power,gamma,Fp1,157.1702019330705
raeisi,power_delta_Fp2,power,delta,Fp2,-436.9897105225951
raeisi,power_theta_Fp2,power,theta,Fp2,116.02649395705147
raeisi,power_alpha_Fp2,power,alpha,Fp2,82.22729103226573
raeisi,power_beta_Fp2,power,beta,Fp2,96.43705979667153
raeisi,power_gamma_Fp2,power,gamma,Fp2,88.17974524556345
raeisi,power_delta_Fz,power,delta,Fz,47.36140234991836
raeisi,power_theta_Fz,power,theta,Fz,53.798529755157425
raeisi,power_alpha_Fz,power,alpha,Fz,106.42705078185094
raeisi,power_beta_Fz,power,beta,Fz,60.630296327041776
raeisi,power_gamma_Fz,power,gamma,Fz,-19.582800329371786
raeisi,power_delta_P7,power,delta,P7,-360.5444141692155
raeisi,power_theta_P7,power,theta,P7,-124.07452794389765
raeisi,power_alpha_P7,power,alpha,P7,16.527968866787422
raeisi,power_beta_P7,power,beta,P7,-110.76715077883671
raeisi,power_gamma_P7,power,gamma,P7,-364.8023849267442
raeisi,power_delta_P8,power,delta,P8,447.2817055892059
raeisi,power_theta_P8,power,theta,P8,60.458696697239965
raeisi,power_alpha_P8,power,alpha,P8,76.34777586218188
raeisi,power_beta_P8,power,beta,P8,17.156862475304123
raeisi,power_gamma_P8,power,gamma,P8,0.0
raeisi,power_delta_T7,power,delta,T7,-92.86032431551989
raeisi,power_theta_T7,power,theta,T7,-345.29520438577475
raeisi,power_alpha_T7,power,alpha,T7,58.85216145411839
raeisi,power_beta_T7,power,beta,T7,-106.39539480403543
raeisi,power_gamma_T7,power,gamma,T7,-57.64923934097015
raeisi,power_delta_T8,power,delta,T8,259.79266297432923
raeisi,power_theta_T8,power,theta,T8,-0.46818462720847975
raeisi,power_alpha_T8,power,alpha,T8,74.4744253596896
raeisi,power_beta_T8,power,beta,T8,11.900780169283742
raeisi,power_gamma_T8,power,gamma,T8,14.008483360682625
raeisi,wpli_delta_C3_C4,wpli,delta,C3-C4,126.20022604986258
raeisi,wpli_theta_C3_C4,wpli,theta,C3-C4,65.06859094724861
raeisi,wpli_alpha_C3_C4,wpli,alpha,C3-C4,42.76349431997108
raeisi,wpli_beta_C3_C4,wpli,beta,C3-C4,0.0
raeisi,wpli_gamma_C3_C4,wpli,gamma,C3-C4,2.3255737363371973
raeisi,wpli_delta_C3_F3,wpli,delta,C3-F3,115.56323262719167
raeisi,wpli_theta_C3_F3,wpli,theta,C3-F3,63.202386546324014
raeisi,wpli_alpha_C3_F3,wpli,alpha,C3-F3,53.409494376787094
raeisi,wpli_beta_C3_F3,wpli,beta,C3-F3,7.692271502143739
raeisi,wpli_gamma_C3_F3,wpli,gamma,C3-F3,28.913656382232134
raeisi,wpli_delta_C4_F3,wpli,delta,C4-F3,54.13279731831594
raeisi,wpli_theta_C4_F3,wpli,theta,C4-F3,28.230367507459928
raeisi,wpli_alpha_C4_F3,wpli,alpha,C4-F3,97.06155780726439
raeisi,wpli_beta_C4_F3,wpli,beta,C4-F3,1.6581902369157584
raeisi,wpli_gamma_C4_F3,wpli,gamma,C4-F3,31.816772478335036
raeisi,wpli_delta_C3_F4,wpli,delta,C3-F4,68.95707542572964
raeisi,wpli_theta_C3_F4,wpli,theta,C3-F4,43.96898921581851
raeisi,wpli_alpha_C3_F4,wpli,alpha,C3-F4,66.66972960330061
raeisi,wpli_beta_C3_F4,wpli,beta,C3-F4,40.60711168907758
raeisi,wpli_gamma_C3_F4,wpli,gamma,C3-F4,-46.62376677829022
raeisi,wpli_delta_C4_F4,wpli,delta,C4-F4,25.19592396302511
raeisi,wpli_theta_C4_F4,wpli,theta,C4-F4,-140.4891347568963
raeisi,wpli_alpha_C4_F4,wpli,alpha,C4-F4,136.42749070644254
raeisi,wpli_beta_C4_F4,wpli,beta,C4-F4,14.250669448269557
raeisi,wpli_gamma_C4_F4,wpli,gamma,C4-F4,0.0
raeisi,wpli_delta_F3_F4,wpli,delta,F3-F4,-26.164455691678494
raeisi,wpli_theta_F3_F4,wpli,theta,F3-F4,-87.04402264215308
raeisi,wpli_alpha_F3_F4,wpli,alpha,F3-F4,33.56734174939288
raeisi,wpli_beta_F3_F4,wpli,beta,F3-F4,96.69575172429731
raeisi,wpli_gamma_F3_F4,wpli,gamma,F3-F4,44.49611193851231
raeisi,wpli_delta_C3_F7,wpli,delta,C3-F7,13.139870449736957
raeisi,wpli_theta_C3_F7,wpli,theta,C3-F7,74.63453718767788
raeisi,wpli_alpha_C3_F7,wpli,alpha,C3-F7,23.89128518504385
raeisi,wpli_beta_C3_F7,wpli,beta,C3-F7,-107.57923748553401
raeisi,wpli_gamma_C3_F7,wpli,gamma,C3-F7,0.0
raeisi,wpli_delta_C4_F7,wpli,delta,C4-F7,50.39283925314844
raeisi,wpli_theta_C4_F7,wpli,theta,C4-F7,92.3161831152933
raeisi,wpli_alpha_C4_F7,wpli,alpha,C4-F7,94.55831457304443
raeisi,wpli_beta_C4_F7,wpli,beta,C4-F7,0.0
raeisi,wpli_gamma_C4_F7,wpli,gamma,C4-F7,-21.672871150074492
raeisi,wpli_delta_F3_F7,wpli,delta,F3-F7,68.16781379125828
raeisi,wpli_theta_F3_F7,wpli,theta,F3-F7,102.15853145564772
raeisi,wpli_alpha_F3_F7,wpli,alpha,F3-F7,69.26530276499876
raeisi,wpli_beta_F3_F7,wpli,beta,F3-F7,-43.83922706441747
raeisi,wpli_gamma_F3_F7,wpli,gamma,F3-F7,-60.44649186181169
raeisi,wpli_delta_F4_F7,wpli,delta,F4-F7,42.028008026534344
raeisi,wpli_theta_F4_F7,wpli,theta,F4-F7,31.039384501923255
raeisi,wpli_alpha_F4_F7,wpli,alpha,F4-F7,84.29363423386765
raeisi,wpli_beta_F4_F7,wpli,beta,F4-F7,36.64830685666952
raeisi,wpli_gamma_F4_F7,wpli,gamma,F4-F7,-94.43861848927105
raeisi,wpli_delta_C3_F8,wpli,delta,C3-F8,58.96202722555134
raeisi,wpli_theta_C3_F8,wpli,theta,C3-F8,14.996123977447457
raeisi,wpli_alpha_C3_F8,wpli,alpha,C3-F8,60.861959576792
raeisi,wpli_beta_C3_F8,wpli,beta,C3-F8,37.44115795092576
raeisi,wpli_gamma_C3_F8,wpli,gamma,C3-F8,44.024471808826874
raeisi,wpli_delta_C4_F8,wpli,delta,C4-F8,72.07339514053473
raeisi,wpli_theta_C4_F8,wpli,theta,C4-F8,-44.67120543101301
raeisi,wpli_alpha_C4_F8,wpli,alpha,C4-F8,64.12554237608514
raeisi,wpli_beta_C4_F8,wpli,beta,C4-F8,51.35884911396234
raeisi,wpli_gamma_C4_F8,wpli,gamma,C4-F8,31.949826142497784
raeisi,wpli_delta_F3_F8,wpli,delta,F3-F8,-34.5474123577891
raeisi,wpli_theta_F3_F8,wpli,theta,F3-F8,-79.62957468269006
raeisi,wpli_alpha_F3_F8,wpli,alpha,F3-F8,63.97128494657811
raeisi,wpli_beta_F3_F8,wpli,beta,F3-F8,36.779788808969414
raeisi,wpli_gamma_F3_F8,wpli,gamma,F3-F8,0.0
raeisi,wpli_delta_F4_F8,wpli,delta,F4-F8,0.0
raeisi,wpli_theta_F4_F8,wpli,theta,F4-F8,-99.74915527803472
raeisi,wpli_alpha_F4_F8,wpli,alpha,F4-F8,-24.269544613923866
raeisi,wpli_beta_F4_F8,wpli,beta,F4-F8,-64.26863692631174
raeisi,wpli_gamma_F4_F8,wpli,gamma,F4-F8,-14.814067811432736
raeisi,wpli_delta_F7_F8,wpli,delta,F7-F8,33.24248627417737
raeisi,wpli_theta_F7_F8,wpli,theta,F7-F8,0.0
raeisi,wpli_alpha_F7_F8,wpli,alpha,F7-F8,87.9899945355955
raeisi,wpli_beta_F7_F8,wpli,beta,F7-F8,0.8114749456507342
raeisi,wpli_gamma_F7_F8,wpli,gamma,F7-F8,-5.519958709200106
raeisi,wpli_delta_C3_Fp1,wpli,delta,C3-Fp1,85.5179165962865
raeisi,wpli_theta_C3_Fp1,wpli,theta,C3-Fp1,64.23581441673697
raeisi,wpli_alpha_C3_Fp1,wpli,alpha,C3-Fp1,56.29283420309304
raeisi,wpli_beta_C3_Fp1,wpli,beta,C3-Fp1,-44.75155647287358
raeisi,wpli_gamma_C3_Fp1,wpli,gamma,C3-Fp1,41.9783294887222
raeisi,wpli_delta_C4_Fp1,wpli,delta,C4-Fp1,82.77576452898936
raeisi,wpli_theta_C4_Fp1,wpli,theta,C4-Fp1,91.15213043278564
raeisi,wpli_alpha_C4_Fp1,wpli,alpha,C4-Fp1,2.449371790376551
raeisi,wpli_beta_C4_Fp1,wpli,beta,C4-Fp1,-16.276103118075373
raeisi,wpli_gamma_C4_Fp1,wpli,gamma,C4-Fp1,69.29051994564037
raeisi,wpli_delta_F3_Fp1,wpli,delta,F3-Fp1,89.52333429007533
raeisi,wpli_theta_F3_Fp1,wpli,theta,F3-Fp1,53.82791223393221
raeisi,wpli_alpha_F3_Fp1,wpli,alpha,F3-Fp1,41.346111079362224
raeisi,wpli_beta_F3_Fp1,wpli,beta,F3-Fp1,18.879652079895774
raeisi,wpli_gamma_F3_Fp1,wpli,gamma,F3-Fp1,77.94998539348742
raeisi,wpli_delta_F4_Fp1,wpli,delta,F4-Fp1,48.73272309302256
raeisi,wpli_theta_F4_Fp1,wpli,theta,F4-Fp1,-4.222026682698516
raeisi,wpli_alpha_F4_Fp1,wpli,alpha,F4-Fp1,55.676560490270845
raeisi,wpli_beta_F4_Fp1,wpli,beta,F4-Fp1,48.28178247169992
raeisi,wpli_gamma_F4_Fp1,wpli,gamma,F4-Fp1,20.88796353552408
raeisi,wpli_delta_F7_Fp1,wpli,delta,F7-Fp1,57.461851407269684
raeisi,wpli_theta_F7_Fp1,wpli,theta,F7-Fp1,41.069610153139614
raeisi,wpli_alpha_F7_Fp1,wpli,alpha,F7-Fp1,6.054827874307018
raeisi,wpli_beta_F7_Fp1,wpli,beta,F7-Fp1,-141.77866175486403
raeisi,wpli_gamma_F7_Fp1,wpli,gamma,F7-Fp1,-104.86511007581744
raeisi,wpli_delta_F8_Fp1,wpli,delta,F8-Fp1,50.90968225029026
raeisi,wpli_theta_F8_Fp1,wpli,theta,F8-Fp1,8.616930224252158
raeisi,wpli_alpha_F8_Fp1,wpli,alpha,F8-Fp1,55.742023415477604
raeisi,wpli_beta_F8_Fp1,wpli,beta,F8-Fp1,42.24351078928734
raeisi,wpli_gamma_F8_Fp1,wpli,gamma,F8-Fp1,36.23779450185663
raeisi,wpli_delta_C3_Fp2,wpli,delta,C3-Fp2,-22.93871376321722
raeisi,wpli_theta_C3_Fp2,wpli,theta,C3-Fp2,-38.156758762380385
raeisi,wpli_alpha_C3_Fp2,wpli,alpha,C3-Fp2,-23.525431938769135
raeisi,wpli_beta_C3_Fp2,wpli,beta,C3-Fp2,-123.3200633391603
raeisi,wpli_gamma_C3_Fp2,wpli,gamma,C3-Fp2,-31.114287711433562
raeisi,wpli_delta_C4_Fp2,wpli,delta,C4-Fp2,68.584021996228
raeisi,wpli_theta_C4_Fp2,wpli,theta,C4-Fp2,89.22420866230216
raeisi,wpli_alpha_C4_Fp2,wpli,alpha,C4-Fp2,23.83056110658411
raeisi,wpli_beta_C4_Fp2,wpli,beta,C4-Fp2,0.0
raeisi,wpli_gamma_C4_Fp2,wpli,gamma,C4-Fp2,-25.29933137753357
raeisi,wpli_delta_F3_Fp2,wpli,delta,F3-Fp2,33.230823132018735
raeisi,wpli_theta_F3_Fp2,wpli,theta,F3-Fp2,38.309265424773294
raeisi,wpli_alpha_F3_Fp2,wpli,alpha,F3-Fp2,44.22760287809761
raeisi,wpli_beta_F3_Fp2,wpli,beta,F3-Fp2,9.448259380652171
raeisi,wpli_gamma_F3_Fp2,wpli,gamma,F3-Fp2,3.3847408482410968
raeisi,wpli_delta_F4_Fp2,wpli,delta,F4-Fp2,0.4865322885421497
raeisi,wpli_theta_F4_Fp2,wpli,theta,F4-Fp2,-5.707483886784333
raeisi,wpli_alpha_F4_Fp2,wpli,alpha,F4-Fp2,41.562783892782804
raeisi,wpli_beta_F4_Fp2,wpli,beta,F4-Fp2,8.000754715952002
raeisi,wpli_gamma_F4_Fp2,wpli,gamma,F4-Fp2,-20.503049265628214
raeisi,wpli_delta_F7_Fp2,wpli,delta,F7-Fp2,-6.85451057375485
raeisi,wpli_theta_F7_Fp2,wpli,theta,F7-Fp2,6.9631581720473354
raeisi,wpli_alpha_F7_Fp2,wpli,alpha,F7-Fp2,0.46803589396476175
raeisi,wpli_beta_F7_Fp2,wpli,beta,F7-Fp2,-143.53371236608535
raeisi,wpli_gamma_F7_Fp2,wpli,gamma,F7-Fp2,-28.652584649869574
raeisi,wpli_delta_F8_Fp2,wpli,delta,F8-Fp2,0.0
raeisi,wpli_theta_F8_Fp2,wpli,theta,F8-Fp2,5.588829476218989
raeisi,wpli_alpha_F8_Fp2,wpli,alpha,F8-Fp2,43.3362160434594
raeisi,wpli_beta_F8_Fp2,wpli,beta,F8-Fp2,31.221830537633167
raeisi,wpli_gamma_F8_Fp2,wpli,gamma,F8-Fp2,0.0
raeisi,wpli_delta_Fp1_Fp2,wpli,delta,Fp1-Fp2,48.505921599953304
raeisi,wpli_theta_Fp1_Fp2,wpli,theta,Fp1-Fp2,43.97502712757423
raeisi,wpli_alpha_Fp1_Fp2,wpli,alpha,Fp1-Fp2,43.26826623976631
raeisi,wpli_beta_Fp1_Fp2,wpli,beta,Fp1-Fp2,0.0
raeisi,wpli_gamma_Fp1_Fp2,wpli,gamma,Fp1-Fp2,-36.120418967690526
raeisi,wpli_delta_C3_Fz,wpli,delta,C3-Fz,156.56457921273346
raeisi,wpli_theta_C3_Fz,wpli,theta,C3-Fz,81.27299861715987
raeisi,wpli_alpha_C3_Fz,wpli,alpha,C3-Fz,3.8219566047218665
raeisi,wpli_beta_C3_Fz,wpli,beta,C3-Fz,-13.74740751606426
raeisi,wpli_gamma_C3_Fz,wpli,gamma,C3-Fz,77.6302238784455
raeisi,wpli_delta_C4_Fz,wpli,delta,C4-Fz,101.32055491281149
raeisi,wpli_theta_C4_Fz,wpli,theta,C4-Fz,-61.90808702286486
raeisi,wpli_alpha_C4_Fz,wpli,alpha,C4-Fz,-10.937408884023977
raeisi,wpli_beta_C4_Fz,wpli,beta,C4-Fz,-71.47973039298782
raeisi,wpli_gamma_C4_Fz,wpli,gamma,C4-Fz,0.0
raeisi,wpli_delta_F3_Fz,wpli,delta,F3-Fz,20.21348077139877
raeisi,wpli_theta_F3_Fz,wpli,theta,F3-Fz,-46.58745765611023
raeisi,wpli_alpha_F3_Fz,wpli,alpha,F3-Fz,32.06272353380286
raeisi,wpli_beta_F3_Fz,wpli,beta,F3-Fz,-53.64451767954592
raeisi,wpli_gamma_F3_Fz,wpli,gamma,F3-Fz,0.0
raeisi,wpli_delta_F4_Fz,wpli,delta,F4-Fz,29.11643360934221
raeisi,wpli_theta_F4_Fz,wpli,theta,F4-Fz,-34.261273007276394
raeisi,wpli_alpha_F4_Fz,wpli,alpha,F4-Fz,72.02816876626888
raeisi,wpli_beta_F4_Fz,wpli,beta,F4-Fz,27.980807428623006
raeisi,wpli_gamma_F4_Fz,wpli,gamma,F4-Fz,-56.51898742339035
raeisi,wpli_delta_F7_Fz,wpli,delta,F7-Fz,32.91060911831584
raeisi,wpli_theta_F7_Fz,wpli,theta,F7-Fz,49.08462674282546
raeisi,wpli_alpha_F7_Fz,wpli,alpha,F7-Fz,35.855973772730366
raeisi,wpli_beta_F7_Fz,wpli,beta,F7-Fz,-109.52838555974093
raeisi,wpli_gamma_F7_Fz,wpli,gamma,F7-Fz,-35.56712816789366
raeisi,wpli_delta_F8_Fz,wpli,delta,F8-Fz,27.41390076536964
raeisi,wpli_theta_F8_Fz,wpli,theta,F8-Fz,-35.126661673402765
raeisi,wpli_alpha_F8_Fz,wpli,alpha,F8-Fz,34.98236270772847
raeisi,wpli_beta_F8_Fz,wpli,beta,F8-Fz,-47.62125945029586
raeisi,wpli_gamma_F8_Fz,wpli,gamma,F8-Fz,-86.03366474366878
raeisi,wpli_delta_Fp1_Fz,wpli,delta,Fp1-Fz,49.24581459138437
raeisi,wpli_theta_Fp1_Fz,wpli,theta,Fp1-Fz,45.996640075887456
raeisi,wpli_alpha_Fp1_Fz,wpli,alpha,Fp1-Fz,18.628752515377112
raeisi,wpli_beta_Fp1_Fz,wpli,beta,Fp1-Fz,-58.94462063287842
raeisi,wpli_gamma_Fp1_Fz,wpli,gamma,Fp1-Fz,45.51939279109937
raeisi,wpli_delta_Fp2_Fz,wpli,delta,Fp2-Fz,80.32680377390807
raeisi,wpli_theta_Fp2_Fz,wpli,theta,Fp2-Fz,53.10018290232395
raeisi,wpli_alpha_Fp2_Fz,wpli,alpha,Fp2-Fz,18.635992600753706
raeisi,wpli_beta_Fp2_Fz,wpli,beta,Fp2-Fz,-46.863995296381056
raeisi,wpli_gamma_Fp2_Fz,wpli,gamma,Fp2-Fz,24.970673277908016
raeisi,wpli_delta_C3_P7,wpli,delta,C3-P7,25.418190340755896
raeisi,wpli_theta_C3_P7,wpli,theta,C3-P7,-66.52332100615388
raeisi,wpli_alpha_C3_P7,wpli,alpha,C3-P7,43.16450044370552
raeisi,wpli_beta_C3_P7,wpli,beta,C3-P7,41.67135572710083
raeisi,wpli_gamma_C3_P7,wpli,gamma,C3-P7,-2.509910157487905
raeisi,wpli_delta_C4_P7,wpli,delta,C4-P7,59.76996491295009
raeisi,wpli_theta_C4_P7,wpli,theta,C4-P7,-142.3918489893901
raeisi,wpli_alpha_C4_P7,wpli,alpha,C4-P7,42.841817962439535
raeisi,wpli_beta_C4_P7,wpli,beta,C4-P7,32.28518528580222
raeisi,wpli_gamma_C4_P7,wpli,gamma,C4-P7,0.0
raeisi,wpli_delta_F3_P7,wpli,delta,F3-P7,6.068126618262007
raeisi,wpli_theta_F3_P7,wpli,theta,F3-P7,-122.96387041908183
raeisi,wpli_alpha_F3_P7,wpli,alpha,F3-P7,26.73059024021662
raeisi,wpli_beta_F3_P7,wpli,beta,F3-P7,93.31920710436097
raeisi,wpli_gamma_F3_P7,wpli,gamma,F3-P7,87.85784289910957
raeisi,wpli_delta_F4_P7,wpli,delta,F4-P7,0.0
raeisi,wpli_theta_F4_P7,wpli,theta,F4-P7,-126.91173780190242
raeisi,wpli_alpha_F4_P7,wpli,alpha,F4-P7,9.435659178950814
raeisi,wpli_beta_F4_P7,wpli,beta,F4-P7,65.62930409462301
raeisi,wpli_gamma_F4_P7,wpli,gamma,F4-P7,27.252882196787493
raeisi,wpli_delta_F7_P7,wpli,delta,F7-P7,18.74987134554228
raeisi,wpli_theta_F7_P7,wpli,theta,F7-P7,-33.421952233089556
raeisi,wpli_alpha_F7_P7,wpli,alpha,F7-P7,65.8927417576677
raeisi,wpli_beta_F7_P7,wpli,beta,F7-P7,30.743652631744066
raeisi,wpli_gamma_F7_P7,wpli,gamma,F7-P7,-65.58653473258482
raeisi,wpli_delta_F8_P7,wpli,delta,F8-P7,12.289728353554953
raeisi,wpli_theta_F8_P7,wpli,theta,F8-P7,-103.3589418474412
raeisi,wpli_alpha_F8_P7,wpli,alpha,F8-P7,42.21785018612766
raeisi,wpli_beta_F8_P7,wpli,beta,F8-P7,0.0
raeisi,wpli_gamma_F8_P7,wpli,gamma,F8-P7,-82.54316379860303
raeisi,wpli_delta_Fp1_P7,wpli,delta,Fp1-P7,2.1874744925350362
raeisi,wpli_theta_Fp1_P7,wpli,theta,Fp1-P7,-79.85514264166733
raeisi,wpli_alpha_Fp1_P7,wpli,alpha,Fp1-P7,53.77698459667636
raeisi,wpli_beta_Fp1_P7,wpli,beta,Fp1-P7,72.75155195507072
raeisi,wpli_gamma_Fp1_P7,wpli,gamma,Fp1-P7,1.2899245667838675
raeisi,wpli_delta_Fp2_P7,wpli,delta,Fp2-P7,-35.14573465949958
raeisi,wpli_theta_Fp2_P7,wpli,theta,Fp2-P7,-74.39156097364454
raeisi,wpli_alpha_Fp2_P7,wpli,alpha,Fp2-P7,24.925797864676362
raeisi,wpli_beta_Fp2_P7,wpli,beta,Fp2-P7,55.12669008792737
raeisi,wpli_gamma_Fp2_P7,wpli,gamma,Fp2-P7,-29.581117306421362
raeisi,wpli_delta_Fz_P7,wpli,delta,Fz-P7,48.27791874076072
raeisi,wpli_theta_Fz_P7,wpli,theta,Fz-P7,-90.14680714169894
raeisi,wpli_alpha_Fz_P7,wpli,alpha,Fz-P7,60.25714146146479
raeisi,wpli_beta_Fz_P7,wpli,beta,Fz-P7,69.90908046125939
raeisi,wpli_gamma_Fz_P7,wpli,gamma,Fz-P7,-19.415382097929566
raeisi,wpli_delta_C3_P8,wpli,delta,C3-P8,0.0
raeisi,wpli_theta_C3_P8,wpli,theta,C3-P8,-76.06219275265686
raeisi,wpli_alpha_C3_P8,wpli,alpha,C3-P8,58.156046598839666
raeisi,wpli_beta_C3_P8,wpli,beta,C3-P8,75.17084917436974
raeisi,wpli_gamma_C3_P8,wpli,gamma,C3-P8,0.0
raeisi,wpli_delta_C4_P8,wpli,delta,C4-P8,7.801600931783882
raeisi,wpli_theta_C4_P8,wpli,theta,C4-P8,-43.60268511620116
raeisi,wpli_alpha_C4_P8,wpli,alpha,C4-P8,37.25725983274048
raeisi,wpli_beta_C4_P8,wpli,beta,C4-P8,45.56003892865317
raeisi,wpli_gamma_C4_P8,wpli,gamma,C4-P8,-55.08883312438333
raeisi,wpli_delta_F3_P8,wpli,delta,F3-P8,-4.5249761920577685
raeisi,wpli_theta_F3_P8,wpli,theta,F3-P8,-86.05395411080458
raeisi,wpli_alpha_F3_P8,wpli,alpha,F3-P8,44.4576879972818
raeisi,wpli_beta_F3_P8,wpli,beta,F3-P8,42.78859864460742
raeisi,wpli_gamma_F3_P8,wpli,gamma,F3-P8,-4.439281097591626
raeisi,wpli_delta_F4_P8,wpli,delta,F4-P8,-24.500833152195483
raeisi,wpli_theta_F4_P8,wpli,theta,F4-P8,-138.8791013701742
raeisi,wpli_alpha_F4_P8,wpli,alpha,F4-P8,17.08501467265385
raeisi,wpli_beta_F4_P8,wpli,beta,F4-P8,84.43113497799462
raeisi,wpli_gamma_F4_P8,wpli,gamma,F4-P8,10.089525578972266
raeisi,wpli_delta_F7_P8,wpli,delta,F7-P8,16.127958538148466
raeisi,wpli_theta_F7_P8,wpli,theta,F7-P8,-87.38537049311311
raeisi,wpli_alpha_F7_P8,wpli,alpha,F7-P8,44.30528662997183
raeisi,wpli_beta_F7_P8,wpli,beta,F7-P8,2.32324159564917
raeisi,wpli_gamma_F7_P8,wpli,gamma,F7-P8,-115.48536164738822
raeisi,wpli_delta_F8_P8,wpli,delta,F8-P8,13.495353143227277
raeisi,wpli_theta_F8_P8,wpli,theta,F8-P8,-47.0529058096484
raeisi,wpli_alpha_F8_P8,wpli,alpha,F8-P8,71.80327597093995
raeisi,wpli_beta_F8_P8,wpli,beta,F8-P8,0.38785200007322373
raeisi,wpli_gamma_F8_P8,wpli,gamma,F8-P8,-28.120534452184838
raeisi,wpli_delta_Fp1_P8,wpli,delta,Fp1-P8,27.08893949750687
raeisi,wpli_theta_Fp1_P8,wpli,theta,Fp1-P8,-71.89939094402092
raeisi,wpli_alpha_Fp1_P8,wpli,alpha,Fp1-P8,29.970800754434148
raeisi,wpli_beta_Fp1_P8,wpli,beta,Fp1-P8,54.93986038563889
raeisi,wpli_gamma_Fp1_P8,wpli,gamma,Fp1-P8,7.910637868698976
raeisi,wpli_delta_Fp2_P8,wpli,delta,Fp2-P8,-35.7338600447333
raeisi,wpli_theta_Fp2_P8,wpli,theta,Fp2-P8,-85.66239048043163
raeisi,wpli_alpha_Fp2_P8,wpli,alpha,Fp2-P8,24.974425626228324
raeisi,wpli_beta_Fp2_P8,wpli,beta,Fp2-P8,74.51210483611307
raeisi,wpli_gamma_Fp2_P8,wpli,gamma,Fp2-P8,3.076308581321867
raeisi,wpli_delta_Fz_P8,wpli,delta,Fz-P8,0.0
raeisi,wpli_theta_Fz_P8,wpli,theta,Fz-P8,-45.40444689497268
raeisi,wpli_alpha_Fz_P8,wpli,alpha,Fz-P8,62.44221783783012
raeisi,wpli_beta_Fz_P8,wpli,beta,Fz-P8,14.73763745870379
raeisi,wpli_gamma_Fz_P8,wpli,gamma,Fz-P8,-77.71708580546654
raeisi,wpli_delta_P7_P8,wpli,delta,P7-P8,2.065559989303415
raeisi,wpli_theta_P7_P8,wpli,theta,P7-P8,-188.4851314207091
raeisi,wpli_alpha_P7_P8,wpli,alpha,P7-P8,2.3245427978284434
raeisi,wpli_beta_P7_P8,wpli,beta,P7-P8,11.679753579811857
raeisi,wpli_gamma_P7_P8,wpli,gamma,P7-P8,-116.76208624760406
raeisi,wpli_delta_C3_T7,wpli,delta,C3-T7,3.3147030983867385
raeisi,wpli_theta_C3_T7,wpli,theta,C3-T7,-42.23928278276002
raeisi,wpli_alpha_C3_T7,wpli,alpha,C3-T7,87.36330145171085
raeisi,wpli_beta_C3_T7,wpli,beta,C3-T7,177.3045928910704
raeisi,wpli_gamma_C3_T7,wpli,gamma,C3-T7,112.43861981436464
raeisi,wpli_delta_C4_T7,wpli,delta,C4-T7,-1.0674045582651854
raeisi,wpli_theta_C4_T7,wpli,theta,C4-T7,-43.76559178607813
raeisi,wpli_alpha_C4_T7,wpli,alpha,C4-T7,100.28422948256855
raeisi,wpli_beta_C4_T7,wpli,beta,C4-T7,133.85517028839655
raeisi,wpli_gamma_C4_T7,wpli,gamma,C4-T7,109.29694968908338
raeisi,wpli_delta_F3_T7,wpli,delta,F3-T7,-17.310273452758864
raeisi,wpli_theta_F3_T7,wpli,theta,F3-T7,-85.43809975304838
raeisi,wpli_alpha_F3_T7,wpli,alpha,F3-T7,80.27465204812671
raeisi,wpli_beta_F3_T7,wpli,beta,F3-T7,141.05853623032823
raeisi,wpli_gamma_F3_T7,wpli,gamma,F3-T7,150.70546881256587
raeisi,wpli_delta_F4_T7,wpli,delta,F4-T7,45.701522269981474
raeisi,wpli_theta_F4_T7,wpli,theta,F4-T7,-140.9224592917824
raeisi,wpli_alpha_F4_T7,wpli,alpha,F4-T7,58.96246933779892
raeisi,wpli_beta_F4_T7,wpli,beta,F4-T7,124.14286433566886
raeisi,wpli_gamma_F4_T7,wpli,gamma,F4-T7,99.26661841197689
raeisi,wpli_delta_F7_T7,wpli,delta,F7-T7,25.467925166047518
raeisi,wpli_theta_F7_T7,wpli,theta,F7-T7,-14.615489155482912
raeisi,wpli_alpha_F7_T7,wpli,alpha,F7-T7,79.61878280456156
raeisi,wpli_beta_F7_T7,wpli,beta,F7-T7,133.2223968830128
raeisi,wpli_gamma_F7_T7,wpli,gamma,F7-T7,140.7847469052297
raeisi,wpli_delta_F8_T7,wpli,delta,F8-T7,17.007082244865764
raeisi,wpli_theta_F8_T7,wpli,theta,F8-T7,-112.90165834093878
raeisi,wpli_alpha_F8_T7,wpli,alpha,F8-T7,79.04748602765737
raeisi,wpli_beta_F8_T7,wpli,beta,F8-T7,118.46600343609053
raeisi,wpli_gamma_F8_T7,wpli,gamma,F8-T7,106.6666653402284
raeisi,wpli_delta_Fp1_T7,wpli,delta,Fp1-T7,0.0
raeisi,wpli_theta_Fp1_T7,wpli,theta,Fp1-T7,-37.14553765217872
raeisi,wpli_alpha_Fp1_T7,wpli,alpha,Fp1-T7,90.04016753716662
raeisi,wpli_beta_Fp1_T7,wpli,beta,Fp1-T7,182.82524503967343
raeisi,wpli_gamma_Fp1_T7,wpli,gamma,Fp1-T7,155.49405018306726
raeisi,wpli_delta_Fp2_T7,wpli,delta,Fp2-T7,-48.608695171604644
raeisi,wpli_theta_Fp2_T7,wpli,theta,Fp2-T7,-21.994979275489566
raeisi,wpli_alpha_Fp2_T7,wpli,alpha,Fp2-T7,78.92859421853903
raeisi,wpli_beta_Fp2_T7,wpli,beta,Fp2-T7,192.1573430417411
raeisi,wpli_gamma_Fp2_T7,wpli,gamma,Fp2-T7,40.37897766687095
raeisi,wpli_delta_Fz_T7,wpli,delta,Fz-T7,-40.301290591531114
raeisi,wpli_theta_Fz_T7,wpli,theta,Fz-T7,-71.86707694867506
raeisi,wpli_alpha_Fz_T7,wpli,alpha,Fz-T7,73.89722802558568
raeisi,wpli_beta_Fz_T7,wpli,beta,Fz-T7,118.3328931154671
raeisi,wpli_gamma_Fz_T7,wpli,gamma,Fz-T7,187.55786499130016
raeisi,wpli_delta_P7_T7,wpli,delta,P7-T7,28.651638165048603
raeisi,wpli_theta_P7_T7,wpli,theta,P7-T7,-94.71780288684549
raeisi,wpli_alpha_P7_T7,wpli,alpha,P7-T7,50.76213734323064
raeisi,wpli_beta_P7_T7,wpli,beta,P7-T7,96.52198939836774
raeisi,wpli_gamma_P7_T7,wpli,gamma,P7-T7,4.418257657911282
raeisi,wpli_delta_P8_T7,wpli,delta,P8-T7,46.84846560318177
raeisi,wpli_theta_P8_T7,wpli,theta,P8-T7,0.0
raeisi,wpli_alpha_P8_T7,wpli,alpha,P8-T7,5.3267571159538605
raeisi,wpli_beta_P8_T7,wpli,beta,P8-T7,235.2000011878449
raeisi,wpli_gamma_P8_T7,wpli,gamma,P8-T7,4.97500819534723
raeisi,wpli_delta_C3_T8,wpli,delta,C3-T8,40.50118426748406
raeisi,wpli_theta_C3_T8,wpli,theta,C3-T8,-40.53636338278448
raeisi,wpli_alpha_C3_T8,wpli,alpha,C3-T8,0.29809462633820294
raeisi,wpli_beta_C3_T8,wpli,beta,C3-T8,-19.68960357626119
raeisi,wpli_gamma_C3_T8,wpli,gamma,C3-T8,12.116488058051981
raeisi,wpli_delta_C4_T8,wpli,delta,C4-T8,65.00794584757786
raeisi,wpli_theta_C4_T8,wpli,theta,C4-T8,-37.16691167400764
raeisi,wpli_alpha_C4_T8,wpli,alpha,C4-T8,45.44993735137723
raeisi,wpli_beta_C4_T8,wpli,beta,C4-T8,47.45262556113473
raeisi,wpli_gamma_C4_T8,wpli,gamma,C4-T8,46.98984481951089
raeisi,wpli_delta_F3_T8,wpli,delta,F3-T8,14.635911112430414
raeisi,wpli_theta_F3_T8,wpli,theta,F3-T8,-47.26245031145503
raeisi,wpli_alpha_F3_T8,wpli,alpha,F3-T8,61.96815323346661
raeisi,wpli_beta_F3_T8,wpli,beta,F3-T8,-5.292762271596578
raeisi,wpli_gamma_F3_T8,wpli,gamma,F3-T8,16.231830166616692
raeisi,wpli_delta_F4_T8,wpli,delta,F4-T8,0.0
raeisi,wpli_theta_F4_T8,wpli,theta,F4-T8,-7.058304658685482
raeisi,wpli_alpha_F4_T8,wpli,alpha,F4-T8,1.0682623101830249
raeisi,wpli_beta_F4_T8,wpli,beta,F4-T8,-28.795469194375627
raeisi,wpli_gamma_F4_T8,wpli,gamma,F4-T8,-88.68999381399698
raeisi,wpli_delta_F7_T8,wpli,delta,F7-T8,50.74201920875256
raeisi,wpli_theta_F7_T8,wpli,theta,F7-T8,-59.026072606007126
raeisi,wpli_alpha_F7_T8,wpli,alpha,F7-T8,26.762959609356265
raeisi,wpli_beta_F7_T8,wpli,beta,F7-T8,88.86729727637353
raeisi,wpli_gamma_F7_T8,wpli,gamma,F7-T8,37.1272889432425
raeisi,wpli_delta_F8_T8,wpli,delta,F8-T8,0.479743200739184
raeisi,wpli_theta_F8_T8,wpli,theta,F8-T8,-63.475194611514056
raeisi,wpli_alpha_F8_T8,wpli,alpha,F8-T8,0.0
raeisi,wpli_beta_F8_T8,wpli,beta,F8-T8,86.45875293350774
raeisi,wpli_gamma_F8_T8,wpli,gamma,F8-T8,72.87160260268405
raeisi,wpli_delta_Fp1_T8,wpli,delta,Fp1-T8,79.72128438099736
raeisi,wpli_theta_Fp1_T8,wpli,theta,Fp1-T8,-48.7906862785681
raeisi,wpli_alpha_Fp1_T8,wpli,alpha,Fp1-T8,85.0393549265051
raeisi,wpli_beta_Fp1_T8,wpli,beta,Fp1-T8,0.0
raeisi,wpli_gamma_Fp1_T8,wpli,gamma,Fp1-T8,20.373349495766252
raeisi,wpli_delta_Fp2_T8,wpli,delta,Fp2-T8,25.016662336436113
raeisi,wpli_theta_Fp2_T8,wpli,theta,Fp2-T8,-8.515607290317831
raeisi,wpli_alpha_Fp2_T8,wpli,alpha,Fp2-T8,38.55443128204872
raeisi,wpli_beta_Fp2_T8,wpli,beta,Fp2-T8,-17.965804136978143
raeisi,wpli_gamma_Fp2_T8,wpli,gamma,Fp2-T8,47.56909705296632
raeisi,wpli_delta_Fz_T8,wpli,delta,Fz-T8,114.76824466311948
raeisi,wpli_theta_Fz_T8,wpli,theta,Fz-T8,0.0
raeisi,wpli_alpha_Fz_T8,wpli,alpha,Fz-T8,7.285738499965177
raeisi,wpli_beta_Fz_T8,wpli,beta,Fz-T8,-51.945728350656175
raeisi,wpli_gamma_Fz_T8,wpli,gamma,Fz-T8,-1.0568282123760873
raeisi,wpli_delta_P7_T8,wpli,delta,P7-T8,57.17654897691065
raeisi,wpli_theta_P7_T8,wpli,theta,P7-T8,-72.51476529496337
raeisi,wpli_alpha_P7_T8,wpli,alpha,P7-T8,-40.65281398212631
raeisi,wpli_beta_P7_T8,wpli,beta,P7-T8,67.75035432005345
raeisi,wpli_gamma_P7_T8,wpli,gamma,P7-T8,9.801422301855954
raeisi,wpli_delta_P8_T8,wpli,delta,P8-T8,73.00631089256171
raeisi,wpli_theta_P8_T8,wpli,theta,P8-T8,-62.50086860794169
raeisi,wpli_alpha_P8_T8,wpli,alpha,P8-T8,-6.443773574483491
raeisi,wpli_beta_P8_T8,wpli,beta,P8-T8,48.16081363906528
raeisi,wpli_gamma_P8_T8,wpli,gamma,P8-T8,66.46202204791781
raeisi,wpli_delta_T7_T8,wpli,delta,T7-T8,5.212956843646512
raeisi,wpli_theta_T7_T8,wpli,theta,T7-T8,-53.45977536685555
raeisi,wpli_alpha_T7_T8,wpli,alpha,T7-T8,40.97278749873361
raeisi,wpli_beta_T7_T8,wpli,beta,T7-T8,160.57273855167622
raeisi,wpli_gamma_T7_T8,wpli,gamma,T7-T8,100.63239921421263
raeisi,plzc_C3,plzc,,C3,-58.15907705849641
raeisi,plzc_C4,plzc,,C4,-70.76590555976288
raeisi,plzc_F3,plzc,,F3,-54.76430709092499
raeisi,plzc_F4,plzc,,F4,-36.79569640898538
raeisi,plzc_F7,plzc,,F7,-45.26583331656051
raeisi,plzc_F8,plzc,,F8,-13.366215091385016
raeisi,plzc_Fp1,plzc,,Fp1,-68.4457061652856
raeisi,plzc_Fp2,plzc,,Fp2,-67.22884495635842
raeisi,plzc_Fz,plzc,,Fz,-19.06660688418115
raeisi,plzc_P7,plzc,,P7,-17.45828866396456
raeisi,plzc_P8,plzc,,P8,-13.752817399674818
raeisi,plzc_T7,plzc,,T7,-36.07797641115306
raeisi,plzc_T8,plzc,,T8,-78.2053938329102
wang,power_delta_C3,power,delta,C3,0.0
wang,power_theta_C3,power,theta,C3,0.0
wang,power_alpha_C3,power,alpha,C3,0.0
wang,power_beta_C3,power,beta,C3,0.0
wang,power_gamma_C3,power,gamma,C3,0.0
wang,power_delta_C4,power,delta,C4,0.0
wang,power_theta_C4,power,theta,C4,0.0
wang,power_alpha_C4,power,alpha,C4,0.0
wang,power_beta_C4,power,beta,C4,0.0
wang,power_gamma_C4,power,gamma,C4,0.0
wang,power_delta_F3,power,delta,F3,0.0
wang,power_theta_F3,power,theta,F3,0.0
wang,power_alpha_F3,power,alpha,F3,0.0
wang,power_beta_F3,power,beta,F3,0.0
wang,power_gamma_F3,power,gamma,F3,-0.8142232297280148
wang,power_delta_F4,power,delta,F4,0.0
wang,power_theta_F4,power,theta,F4,0.0
wang,power_alpha_F4,power,alpha,F4,0.0
wang,power_beta_F4,power,beta,F4,0.0
wang,power_gamma_F4,power,gamma,F4,0.0
wang,power_delta_F7,power,delta,F7,0.0
wang,power_theta_F7,power,theta,F7,0.0
wang,power_alpha_F7,power,alpha,F7,0.0
wang,power_beta_F7,power,beta,F7,0.0
wang,power_gamma_F7,power,gamma,F7,0.0
wang,power_delta_F8,power,delta,F8,-0.1055413140125582
wang,power_theta_F8,power,theta,F8,0.0
wang,power_alpha_F8,power,alpha,F8,0.0
wang,power_beta_F8,power,beta,F8,0.0
wang,power_gamma_F8,power,gamma,F8,-0.5583557129623358
wang,power_delta_Fp1,power,delta,Fp1,0.0
wang,power_theta_Fp1,power,theta,Fp1,0.0
wang,power_alpha_Fp1,power,alpha,Fp1,0.0
wang,power_beta_Fp1,power,beta,Fp1,0.0
wang,power_gamma_Fp1,power,gamma,Fp1,0.0
wang,power_delta_Fp2,power,delta,Fp2,0.0
wang,power_theta_Fp2,power,theta,Fp2,0.0
wang,power_alpha_Fp2,power,alpha,Fp2,0.0
wang,power_beta_Fp2,power,beta,Fp2,0.0
wang,power_gamma_Fp2,power,gamma,Fp2,0.0
wang,power_delta_Fz,power,delta,Fz,0.0
wang,power_theta_Fz,power,theta,Fz,0.0
wang,power_alpha_Fz,power,alpha,Fz,0.0
wang,power_beta_Fz,power,beta,Fz,0.0
wang,power_gamma_Fz,power,gamma,Fz,1.3067740421236682
wang,power_delta_P7,power,delta,P7,-0.09292865393801698
wang,power_theta_P7,power,theta,P7,0.0
wang,power_alpha_P7,power,alpha,P7,0.0
wang,power_beta_P7,power,beta,P7,0.0
wang,power_gamma_P7,power,gamma,P7,0.0
wang,power_delta_P8,power,delta,P8,0.09043232647922603
wang,power_theta_P8,power,theta,P8,0.0
wang,power_alpha_P8,power,alpha,P8,0.0
wang,power_beta_P8,power,beta,P8,0.0
wang,power_gamma_P8,power,gamma,P8,0.0
wang,power_delta_T7,power,delta,T7,0.0
wang,power_theta_T7,power,theta,T7,0.0
wang,power_alpha_T7,power,alpha,T7,0.0
wang,power_beta_T7,power,beta,T7,0.0
wang,power_gamma_T7,power,gamma,T7,0.0
wang,power_delta_T8,power,delta,T8,0.0
wang,power_theta_T8,power,theta,T8,0.0
wang,power_alpha_T8,power,alpha,T8,0.0
wang,power_beta_T8,power,beta,T8,0.0
wang,power_gamma_T8,power,gamma,T8,0.0
wang,wpli_delta_C3_C4,wpli,delta,C3-C4,-1.461419924784672
wang,wpli_theta_C3_C4,wpli,theta,C3-C4,0.0
wang,wpli_alpha_C3_C4,wpli,alpha,C3-C4,0.0
wang,wpli_beta_C3_C4,wpli,beta,C3-C4,0.0
wang,wpli_gamma_C3_C4,wpli,gamma,C3-C4,-0.3734284824727324
wang,wpli_delta_C3_F3,wpli,delta,C3-F3,0.0
wang,wpli_theta_C3_F3,wpli,theta,C3-F3,0.0
wang,wpli_alpha_C3_F3,wpli,alpha,C3-F3,0.0
wang,wpli_beta_C3_F3,wpli,beta,C3-F3,0.0
wang,wpli_gamma_C3_F3,wpli,gamma,C3-F3,0.0
wang,wpli_delta_C4_F3,wpli,delta,C4-F3,0.0
wang,wpli_theta_C4_F3,wpli,theta,C4-F3,0.0
wang,wpli_alpha_C4_F3,wpli,alpha,C4-F3,0.0
wang,wpli_beta_C4_F3,wpli,beta,C4-F3,0.0
wang,wpli_gamma_C4_F3,wpli,gamma,C4-F3,-0.7767085228429634
wang,wpli_delta_C3_F4,wpli,delta,C3-F4,0.0
wang,wpli_theta_C3_F4,wpli,theta,C3-F4,0.0
wang,wpli_alpha_C3_F4,wpli,alpha,C3-F4,-1.82542956747314
wang,wpli_beta_C3_F4,wpli,beta,C3-F4,0.0
wang,wpli_gamma_C3_F4,wpli,gamma,C3-F4,0.0
wang,wpli_delta_C4_F4,wpli,delta,C4-F4,-1.8682333128495627
wang,wpli_theta_C4_F4,wpli,theta,C4-F4,0.0
wang,wpli_alpha_C4_F4,wpli,alpha,C4-F4,0.0
wang,wpli_beta_C4_F4,wpli,beta,C4-F4,0.0
wang,wpli_gamma_C4_F4,wpli,gamma,C4-F4,0.0
wang,wpli_delta_F3_F4,wpli,delta,F3-F4,0.0
wang,wpli_theta_F3_F4,wpli,theta,F3-F4,0.0
wang,wpli_alpha_F3_F4,wpli,alpha,F3-F4,0.0
wang,wpli_beta_F3_F4,wpli,beta,F3-F4,0.0
wang,wpli_gamma_F3_F4,wpli,gamma,F3-F4,0.0
wang,wpli_delta_C3_F7,wpli,delta,C3-F7,0.0
wang,wpli_theta_C3_F7,wpli,theta,C3-F7,0.0
wang,wpli_alpha_C3_F7,wpli,alpha,C3-F7,0.0
wang,wpli_beta_C3_F7,wpli,beta,C3-F7,-1.578814879970356
wang,wpli_gamma_C3_F7,wpli,gamma,C3-F7,0.0
wang,wpli_delta_C4_F7,wpli,delta,C4-F7,0.0
wang,wpli_theta_C4_F7,wpli,theta,C4-F7,0.0
wang,wpli_alpha_C4_F7,wpli,alpha,C4-F7,0.0
wang,wpli_beta_C4_F7,wpli,beta,C4-F7,0.0
wang,wpli_gamma_C4_F7,wpli,gamma,C4-F7,0.0
wang,wpli_delta_F3_F7,wpli,delta,F3-F7,0.21550250269437768
wang,wpli_theta_F3_F7,wpli,theta,F3-F7,0.0
wang,wpli_alpha_F3_F7,wpli,alpha,F3-F7,0.0
wang,wpli_beta_F3_F7,wpli,beta,F3-F7,-1.2080184674469046
wang,wpli_gamma_F3_F7,wpli,gamma,F3-F7,0.0
wang,wpli_delta_F4_F7,wpli,delta,F4-F7,0.0
wang,wpli_theta_F4_F7,wpli,theta,F4-F7,0.0
wang,wpli_alpha_F4_F7,wpli,alpha,F4-F7,0.0
wang,wpli_beta_F4_F7,wpli,beta,F4-F7,0.0
wang,wpli_gamma_F4_F7,wpli,gamma,F4-F7,0.0
wang,wpli_delta_C3_F8,wpli,delta,C3-F8,0.0
wang,wpli_theta_C3_F8,wpli,theta,C3-F8,-1.0793053967602089
wang,wpli_alpha_C3_F8,wpli,alpha,C3-F8,0.0
wang,wpli_beta_C3_F8,wpli,beta,C3-F8,0.0
wang,wpli_gamma_C3_F8,wpli,gamma,C3-F8,0.0
wang,wpli_delta_C4_F8,wpli,delta,C4-F8,0.0
wang,wpli_theta_C4_F8,wpli,theta,C4-F8,0.0
wang,wpli_alpha_C4_F8,wpli,alpha,C4-F8,-1.6563555686197267
wang,wpli_beta_C4_F8,wpli,beta,C4-F8,0.0
wang,wpli_gamma_C4_F8,wpli,gamma,C4-F8,0.0
wang,wpli_delta_F3_F8,wpli,delta,F3-F8,-3.0637637453720945
wang,wpli_theta_F3_F8,wpli,theta,F3-F8,0.0
wang,wpli_alpha_F3_F8,wpli,alpha,F3-F8,0.0
wang,wpli_beta_F3_F8,wpli,beta,F3-F8,0.0
wang,wpli_gamma_F3_F8,wpli,gamma,F3-F8,0.0
wang,wpli_delta_F4_F8,wpli,delta,F4-F8,0.0
wang,wpli_theta_F4_F8,wpli,theta,F4-F8,0.0
wang,wpli_alpha_F4_F8,wpli,alpha,F4-F8,0.0
wang,wpli_beta_F4_F8,wpli,beta,F4-F8,0.0
wang,wpli_gamma_F4_F8,wpli,gamma,F4-F8,0.0
wang,wpli_delta_F7_F8,wpli,delta,F7-F8,-0.8113462740954983
wang,wpli_theta_F7_F8,wpli,theta,F7-F8,0.3848272907602004
wang,wpli_alpha_F7_F8,wpli,alpha,F7-F8,0.0
wang,wpli_beta_F7_F8,wpli,beta,F7-F8,0.0
wang,wpli_gamma_F7_F8,wpli,gamma,F7-F8,1.1316541130456588
wang,wpli_delta_C3_Fp1,wpli,delta,C3-Fp1,0.0
wang,wpli_theta_C3_Fp1,wpli,theta,C3-Fp1,0.0
wang,wpli_alpha_C3_Fp1,wpli,alpha,C3-Fp1,0.0
wang,wpli_beta_C3_Fp1,wpli,beta,C3-Fp1,0.0
wang,wpli_gamma_C3_Fp1,wpli,gamma,C3-Fp1,0.0
wang,wpli_delta_C4_Fp1,wpli,delta,C4-Fp1,-0.2703254381039465
wang,wpli_theta_C4_Fp1,wpli,theta,C4-Fp1,0.0
wang,wpli_alpha_C4_Fp1,wpli,alpha,C4-Fp1,0.0
wang,wpli_beta_C4_Fp1,wpli,beta,C4-Fp1,0.0
wang,wpli_gamma_C4_Fp1,wpli,gamma,C4-Fp1,0.0
wang,wpli_delta_F3_Fp1,wpli,delta,F3-Fp1,0.0
wang,wpli_theta_F3_Fp1,wpli,theta,F3-Fp1,0.0
wang,wpli_alpha_F3_Fp1,wpli,alpha,F3-Fp1,0.0
wang,wpli_beta_F3_Fp1,wpli,beta,F3-Fp1,0.0
wang,wpli_gamma_F3_Fp1,wpli,gamma,F3-Fp1,0.0
wang,wpli_delta_F4_Fp1,wpli,delta,F4-Fp1,0.0
wang,wpli_theta_F4_Fp1,wpli,theta,F4-Fp1,0.9259623240469825
wang,wpli_alpha_F4_Fp1,wpli,alpha,F4-Fp1,0.0
wang,wpli_beta_F4_Fp1,wpli,beta,F4-Fp1,0.0
wang,wpli_gamma_F4_Fp1,wpli,gamma,F4-Fp1,0.0
wang,wpli_delta_F7_Fp1,wpli,delta,F7-Fp1,0.0
wang,wpli_theta_F7_Fp1,wpli,theta,F7-Fp1,-1.6034556507291666
wang,wpli_alpha_F7_Fp1,wpli,alpha,F7-Fp1,0.0
wang,wpli_beta_F7_Fp1,wpli,beta,F7-Fp1,0.0
wang,wpli_gamma_F7_Fp1,wpli,gamma,F7-Fp1,0.0
wang,wpli_delta_F8_Fp1,wpli,delta,F8-Fp1,0.0
wang,wpli_theta_F8_Fp1,wpli,theta,F8-Fp1,0.0
wang,wpli_alpha_F8_Fp1,wpli,alpha,F8-Fp1,0.0
wang,wpli_beta_F8_Fp1,wpli,beta,F8-Fp1,0.0
wang,wpli_gamma_F8_Fp1,wpli,gamma,F8-Fp1,0.0
wang,wpli_delta_C3_Fp2,wpli,delta,C3-Fp2,0.0
wang,wpli_theta_C3_Fp2,wpli,theta,C3-Fp2,0.0
wang,wpli_alpha_C3_Fp2,wpli,alpha,C3-Fp2,0.0
wang,wpli_beta_C3_Fp2,wpli,beta,C3-Fp2,0.0
wang,wpli_gamma_C3_Fp2,wpli,gamma,C3-Fp2,0.0
wang,wpli_delta_C4_Fp2,wpli,delta,C4-Fp2,0.0
wang,wpli_theta_C4_Fp2,wpli,theta,C4-Fp2,0.0
wang,wpli_alpha_C4_Fp2,wpli,alpha,C4-Fp2,0.0
wang,wpli_beta_C4_Fp2,wpli,beta,C4-Fp2,0.0
wang,wpli_gamma_C4_Fp2,wpli,gamma,C4-Fp2,0.0
wang,wpli_delta_F3_Fp2,wpli,delta,F3-Fp2,0.17345484087712443
wang,wpli_theta_F3_Fp2,wpli,theta,F3-Fp2,0.0
wang,wpli_alpha_F3_Fp2,wpli,alpha,F3-Fp2,0.0
wang,wpli_beta_F3_Fp2,wpli,beta,F3-Fp2,0.0
wang,wpli_gamma_F3_Fp2,wpli,gamma,F3-Fp2,0.0
wang,wpli_delta_F4_Fp2,wpli,delta,F4-Fp2,0.0
wang,wpli_theta_F4_Fp2,wpli,theta,F4-Fp2,0.0
wang,wpli_alpha_F4_Fp2,wpli,alpha,F4-Fp2,0.0
wang,wpli_beta_F4_Fp2,wpli,beta,F4-Fp2,0.0
wang,wpli_gamma_F4_Fp2,wpli,gamma,F4-Fp2,0.0
wang,wpli_delta_F7_Fp2,wpli,delta,F7-Fp2,0.0
wang,wpli_theta_F7_Fp2,wpli,theta,F7-Fp2,0.0
wang,wpli_alpha_F7_Fp2,wpli,alpha,F7-Fp2,0.0
wang,wpli_beta_F7_Fp2,wpli,beta,F7-Fp2,0.0
wang,wpli_gamma_F7_Fp2,wpli,gamma,F7-Fp2,0.0
wang,wpli_delta_F8_Fp2,wpli,delta,F8-Fp2,0.0
wang,wpli_theta_F8_Fp2,wpli,theta,F8-Fp2,0.0
wang,wpli_alpha_F8_Fp2,wpli,alpha,F8-Fp2,0.0
wang,wpli_beta_F8_Fp2,wpli,beta,F8-Fp2,0.0
wang,wpli_gamma_F8_Fp2,wpli,gamma,F8-Fp2,0.0
wang,wpli_delta_Fp1_Fp2,wpli,delta,Fp1-Fp2,0.0
wang,wpli_theta_Fp1_Fp2,wpli,theta,Fp1-Fp2,0.0
wang,wpli_alpha_Fp1_Fp2,wpli,alpha,Fp1-Fp2,0.0
wang,wpli_beta_Fp1_Fp2,wpli,beta,Fp1-Fp2,0.0
wang,wpli_gamma_Fp1_Fp2,wpli,gamma,Fp1-Fp2,0.0
wang,wpli_delta_C3_Fz,wpli,delta,C3-Fz,0.0
wang,wpli_theta_C3_Fz,wpli,theta,C3-Fz,0.0
wang,wpli_alpha_C3_Fz,wpli,alpha,C3-Fz,0.0
wang,wpli_beta_C3_Fz,wpli,beta,C3-Fz,0.0
wang,wpli_gamma_C3_Fz,wpli,gamma,C3-Fz,0.0
wang,wpli_delta_C4_Fz,wpli,delta,C4-Fz,0.0
wang,wpli_theta_C4_Fz,wpli,theta,C4-Fz,0.23957762607416286
wang,wpli_alpha_C4_Fz,wpli,alpha,C4-Fz,0.0
wang,wpli_beta_C4_Fz,wpli,beta,C4-Fz,0.0
wang,wpli_gamma_C4_Fz,wpli,gamma,C4-Fz,0.0
wang,wpli_delta_F3_Fz,wpli,delta,F3-Fz,0.0
wang,wpli_theta_F3_Fz,wpli,theta,F3-Fz,0.0
wang,wpli_alpha_F3_Fz,wpli,alpha,F3-Fz,0.0
wang,wpli_beta_F3_Fz,wpli,beta,F3-Fz,0.7903030331230754
wang,wpli_gamma_F3_Fz,wpli,gamma,F3-Fz,0.0
wang,wpli_delta_F4_Fz,wpli,delta,F4-Fz,0.0
wang,wpli_theta_F4_Fz,wpli,theta,F4-Fz,0.13716524750559486
wang,wpli_alpha_F4_Fz,wpli,alpha,F4-Fz,0.0
wang,wpli_beta_F4_Fz,wpli,beta,F4-Fz,-0.3889289672282574
wang,wpli_gamma_F4_Fz,wpli,gamma,F4-Fz,0.0
wang,wpli_delta_F7_Fz,wpli,delta,F7-Fz,0.0
wang,wpli_theta_F7_Fz,wpli,theta,F7-Fz,0.0
wang,wpli_alpha_F7_Fz,wpli,alpha,F7-Fz,0.0
wang,wpli_beta_F7_Fz,wpli,beta,F7-Fz,0.0
wang,wpli_gamma_F7_Fz,wpli,gamma,F7-Fz,0.0
wang,wpli_delta_F8_Fz,wpli,delta,F8-Fz,-0.6104273098365337
wang,wpli_theta_F8_Fz,wpli,theta,F8-Fz,0.0
wang,wpli_alpha_F8_Fz,wpli,alpha,F8-Fz,0.0
wang,wpli_beta_F8_Fz,wpli,beta,F8-Fz,0.0
wang,wpli_gamma_F8_Fz,wpli,gamma,F8-Fz,-0.7761717739207153
wang,wpli_delta_Fp1_Fz,wpli,delta,Fp1-Fz,-2.076417112918814
wang,wpli_theta_Fp1_Fz,wpli,theta,Fp1-Fz,0.4209221967034638
wang,wpli_alpha_Fp1_Fz,wpli,alpha,Fp1-Fz,0.0
wang,wpli_beta_Fp1_Fz,wpli,beta,Fp1-Fz,0.0
wang,wpli_gamma_Fp1_Fz,wpli,gamma,Fp1-Fz,0.0
wang,wpli_delta_Fp2_Fz,wpli,delta,Fp2-Fz,0.0
wang,wpli_theta_Fp2_Fz,wpli,theta,Fp2-Fz,0.0
wang,wpli_alpha_Fp2_Fz,wpli,alpha,Fp2-Fz,0.0
wang,wpli_beta_Fp2_Fz,wpli,beta,Fp2-Fz,0.0
wang,wpli_gamma_Fp2_Fz,wpli,gamma,Fp2-Fz,-1.486979091846836
wang,wpli_delta_C3_P7,wpli,delta,C3-P7,0.0
wang,wpli_theta_C3_P7,wpli,theta,C3-P7,0.0
wang,wpli_alpha_C3_P7,wpli,alpha,C3-P7,0.0
wang,wpli_beta_C3_P7,wpli,beta,C3-P7,0.0
wang,wpli_gamma_C3_P7,wpli,gamma,C3-P7,0.0
wang,wpli_delta_C4_P7,wpli,delta,C4-P7,0.0
wang,wpli_theta_C4_P7,wpli,theta,C4-P7,0.0
wang,wpli_alpha_C4_P7,wpli,alpha,C4-P7,0.0
wang,wpli_beta_C4_P7,wpli,beta,C4-P7,0.0
wang,wpli_gamma_C4_P7,wpli,gamma,C4-P7,0.0
wang,wpli_delta_F3_P7,wpli,delta,F3-P7,0.0
wang,wpli_theta_F3_P7,wpli,theta,F3-P7,0.0
wang,wpli_alpha_F3_P7,wpli,alpha,F3-P7,0.0
wang,wpli_beta_F3_P7,wpli,beta,F3-P7,0.0
wang,wpli_gamma_F3_P7,wpli,gamma,F3-P7,0.0
wang,wpli_delta_F4_P7,wpli,delta,F4-P7,0.0
wang,wpli_theta_F4_P7,wpli,theta,F4-P7,0.0
wang,wpli_alpha_F4_P7,wpli,alpha,F4-P7,0.0
wang,wpli_beta_F4_P7,wpli,beta,F4-P7,0.0
wang,wpli_gamma_F4_P7,wpli,gamma,F4-P7,0.0
wang,wpli_delta_F7_P7,wpli,delta,F7-P7,0.0
wang,wpli_theta_F7_P7,wpli,theta,F7-P7,0.0
wang,wpli_alpha_F7_P7,wpli,alpha,F7-P7,0.5877262682024131
wang,wpli_beta_F7_P7,wpli,beta,F7-P7,0.0
wang,wpli_gamma_F7_P7,wpli,gamma,F7-P7,0.3718811347194863
wang,wpli_delta_F8_P7,wpli,delta,F8-P7,-0.27137815336850984
wang,wpli_theta_F8_P7,wpli,theta,F8-P7,0.0
wang,wpli_alpha_F8_P7,wpli,alpha,F8-P7,0.0
wang,wpli_beta_F8_P7,wpli,beta,F8-P7,0.0
wang,wpli_gamma_F8_P7,wpli,gamma,F8-P7,0.0
wang,wpli_delta_Fp1_P7,wpli,delta,Fp1-P7,0.0
wang,wpli_theta_Fp1_P7,wpli,theta,Fp1-P7,0.0
wang,wpli_alpha_Fp1_P7,wpli,alpha,Fp1-P7,0.0
wang,wpli_beta_Fp1_P7,wpli,beta,Fp1-P7,0.0
wang,wpli_gamma_Fp1_P7,wpli,gamma,Fp1-P7,0.0
wang,wpli_delta_Fp2_P7,wpli,delta,Fp2-P7,0.0
wang,wpli_theta_Fp2_P7,wpli,theta,Fp2-P7,1.3556640268347664
wang,wpli_alpha_Fp2_P7,wpli,alpha,Fp2-P7,0.0
wang,wpli_beta_Fp2_P7,wpli,beta,Fp2-P7,1.4612272513008677
wang,wpli_gamma_Fp2_P7,wpli,gamma,Fp2-P7,0.06656931554933712
wang,wpli_delta_Fz_P7,wpli,delta,Fz-P7,0.0
wang,wpli_theta_Fz_P7,wpli,theta,Fz-P7,0.0
wang,wpli_alpha_Fz_P7,wpli,alpha,Fz-P7,0.0
wang,wpli_beta_Fz_P7,wpli,beta,Fz-P7,0.0
wang,wpli_gamma_Fz_P7,wpli,gamma,Fz-P7,0.0
wang,wpli_delta_C3_P8,wpli,delta,C3-P8,0.0
wang,wpli_theta_C3_P8,wpli,theta,C3-P8,0.0
wang,wpli_alpha_C3_P8,wpli,alpha,C3-P8,0.0
wang,wpli_beta_C3_P8,wpli,beta,C3-P8,0.0
wang,wpli_gamma_C3_P8,wpli,gamma,C3-P8,0.0
wang,wpli_delta_C4_P8,wpli,delta,C4-P8,0.0
wang,wpli_theta_C4_P8,wpli,theta,C4-P8,0.0
wang,wpli_alpha_C4_P8,wpli,alpha,C4-P8,0.0
wang,wpli_beta_C4_P8,wpli,beta,C4-P8,0.0
wang,wpli_gamma_C4_P8,wpli,gamma,C4-P8,0.0
wang,wpli_delta_F3_P8,wpli,delta,F3-P8,0.3826581457570395
wang,wpli_theta_F3_P8,wpli,theta,F3-P8,0.0
wang,wpli_alpha_F3_P8,wpli,alpha,F3-P8,0.0
wang,wpli_beta_F3_P8,wpli,beta,F3-P8,0.0
wang,wpli_gamma_F3_P8,wpli,gamma,F3-P8,0.0
wang,wpli_delta_F4_P8,wpli,delta,F4-P8,0.0
wang,wpli_theta_F4_P8,wpli,theta,F4-P8,1.5872506312485184
wang,wpli_alpha_F4_P8,wpli,alpha,F4-P8,0.0
wang,wpli_beta_F4_P8,wpli,beta,F4-P8,0.0
wang,wpli_gamma_F4_P8,wpli,gamma,F4-P8,0.0
wang,wpli_delta_F7_P8,wpli,delta,F7-P8,0.0
wang,wpli_theta_F7_P8,wpli,theta,F7-P8,-1.4270226141765194
wang,wpli_alpha_F7_P8,wpli,alpha,F7-P8,0.0
wang,wpli_beta_F7_P8,wpli,beta,F7-P8,0.0
wang,wpli_gamma_F7_P8,wpli,gamma,F7-P8,0.0
wang,wpli_delta_F8_P8,wpli,delta,F8-P8,0.0
wang,wpli_theta_F8_P8,wpli,theta,F8-P8,1.8086103732502434
wang,wpli_alpha_F8_P8,wpli,alpha,F8-P8,0.0
wang,wpli_beta_F8_P8,wpli,beta,F8-P8,-1.5205562616249566
wang,wpli_gamma_F8_P8,wpli,gamma,F8-P8,0.0
wang,wpli_delta_Fp1_P8,wpli,delta,Fp1-P8,-4.4275379395958705
wang,wpli_theta_Fp1_P8,wpli,theta,Fp1-P8,0.0
wang,wpli_alpha_Fp1_P8,wpli,alpha,Fp1-P8,0.0
wang,wpli_beta_Fp1_P8,wpli,beta,Fp1-P8,-4.299668027126176
wang,wpli_gamma_Fp1_P8,wpli,gamma,Fp1-P8,0.0
wang,wpli_delta_Fp2_P8,wpli,delta,Fp2-P8,0.0
wang,wpli_theta_Fp2_P8,wpli,theta,Fp2-P8,0.0
wang,wpli_alpha_Fp2_P8,wpli,alpha,Fp2-P8,0.0
wang,wpli_beta_Fp2_P8,wpli,beta,Fp2-P8,0.0
wang,wpli_gamma_Fp2_P8,wpli,gamma,Fp2-P8,0.0
wang,wpli_delta_Fz_P8,wpli,delta,Fz-P8,1.9683228127025703
wang,wpli_theta_Fz_P8,wpli,theta,Fz-P8,0.0
wang,wpli_alpha_Fz_P8,wpli,alpha,Fz-P8,0.0
wang,wpli_beta_Fz_P8,wpli,beta,Fz-P8,0.0
wang,wpli_gamma_Fz_P8,wpli,gamma,Fz-P8,0.0
wang,wpli_delta_P7_P8,wpli,delta,P7-P8,0.0
wang,wpli_theta_P7_P8,wpli,theta,P7-P8,0.0
wang,wpli_alpha_P7_P8,wpli,alpha,P7-P8,0.0
wang,wpli_beta_P7_P8,wpli,beta,P7-P8,-0.6003424399769283
wang,wpli_gamma_P7_P8,wpli,gamma,P7-P8,0.0
wang,wpli_delta_C3_T7,wpli,delta,C3-T7,0.0
wang,wpli_theta_C3_T7,wpli,theta,C3-T7,0.0
wang,wpli_alpha_C3_T7,wpli,alpha,C3-T7,0.0
wang,wpli_beta_C3_T7,wpli,beta,C3-T7,0.0
wang,wpli_gamma_C3_T7,wpli,gamma,C3-T7,1.5574285726723143
wang,wpli_delta_C4_T7,wpli,delta,C4-T7,-0.13503976324775357
wang,wpli_theta_C4_T7,wpli,theta,C4-T7,0.0
wang,wpli_alpha_C4_T7,wpli,alpha,C4-T7,0.0
wang,wpli_beta_C4_T7,wpli,beta,C4-T7,0.0
wang,wpli_gamma_C4_T7,wpli,gamma,C4-T7,0.0
wang,wpli_delta_F3_T7,wpli,delta,F3-T7,0.0
wang,wpli_theta_F3_T7,wpli,theta,F3-T7,0.0
wang,wpli_alpha_F3_T7,wpli,alpha,F3-T7,0.0
wang,wpli_beta_F3_T7,wpli,beta,F3-T7,0.0
wang,wpli_gamma_F3_T7,wpli,gamma,F3-T7,0.0
wang,wpli_delta_F4_T7,wpli,delta,F4-T7,-0.06297549222770137
wang,wpli_theta_F4_T7,wpli,theta,F4-T7,0.0
wang,wpli_alpha_F4_T7,wpli,alpha,F4-T7,0.0
wang,wpli_beta_F4_T7,wpli,beta,F4-T7,0.0
wang,wpli_gamma_F4_T7,wpli,gamma,F4-T7,0.0
wang,wpli_delta_F7_T7,wpli,delta,F7-T7,-0.5974449694802216
wang,wpli_theta_F7_T7,wpli,theta,F7-T7,0.0
wang,wpli_alpha_F7_T7,wpli,alpha,F7-T7,0.0
wang,wpli_beta_F7_T7,wpli,beta,F7-T7,0.0
wang,wpli_gamma_F7_T7,wpli,gamma,F7-T7,0.0
wang,wpli_delta_F8_T7,wpli,delta,F8-T7,0.0
wang,wpli_theta_F8_T7,wpli,theta,F8-T7,0.0
wang,wpli_alpha_F8_T7,wpli,alpha,F8-T7,-1.3038912954117643
wang,wpli_beta_F8_T7,wpli,beta,F8-T7,0.0
wang,wpli_gamma_F8_T7,wpli,gamma,F8-T7,0.0
wang,wpli_delta_Fp1_T7,wpli,delta,Fp1-T7,0.0
wang,wpli_theta_Fp1_T7,wpli,theta,Fp1-T7,0.0
wang,wpli_alpha_Fp1_T7,wpli,alpha,Fp1-T7,1.6402077341276238
wang,wpli_beta_Fp1_T7,wpli,beta,Fp1-T7,0.0
wang,wpli_gamma_Fp1_T7,wpli,gamma,Fp1-T7,-0.32900142799065346
wang,wpli_delta_Fp2_T7,wpli,delta,Fp2-T7,0.0
wang,wpli_theta_Fp2_T7,wpli,theta,Fp2-T7,0.0
wang,wpli_alpha_Fp2_T7,wpli,alpha,Fp2-T7,0.0
wang,wpli_beta_Fp2_T7,wpli,beta,Fp2-T7,0.0
wang,wpli_gamma_Fp2_T7,wpli,gamma,Fp2-T7,0.0
wang,wpli_delta_Fz_T7,wpli,delta,Fz-T7,0.0
wang,wpli_theta_Fz_T7,wpli,theta,Fz-T7,0.0
wang,wpli_alpha_Fz_T7,wpli,alpha,Fz-T7,0.0
wang,wpli_beta_Fz_T7,wpli,beta,Fz-T7,0.0
wang,wpli_gamma_Fz_T7,wpli,gamma,Fz-T7,0.0
wang,wpli_delta_P7_T7,wpli,delta,P7-T7,0.0
wang,wpli_theta_P7_T7,wpli,theta,P7-T7,0.0
wang,wpli_alpha_P7_T7,wpli,alpha,P7-T7,0.0
wang,wpli_beta_P7_T7,wpli,beta,P7-T7,-1.0648926364769022
wang,wpli_gamma_P7_T7,wpli,gamma,P7-T7,0.0
wang,wpli_delta_P8_T7,wpli,delta,P8-T7,0.0
wang,wpli_theta_P8_T7,wpli,theta,P8-T7,0.0
wang,wpli_alpha_P8_T7,wpli,alpha,P8-T7,0.0
wang,wpli_beta_P8_T7,wpli,beta,P8-T7,0.0
wang,wpli_gamma_P8_T7,wpli,gamma,P8-T7,0.0
wang,wpli_delta_C3_T8,wpli,delta,C3-T8,0.0
wang,wpli_theta_C3_T8,wpli,theta,C3-T8,0.0
wang,wpli_alpha_C3_T8,wpli,alpha,C3-T8,0.0
wang,wpli_beta_C3_T8,wpli,beta,C3-T8,0.0
wang,wpli_gamma_C3_T8,wpli,gamma,C3-T8,0.0
wang,wpli_delta_C4_T8,wpli,delta,C4-T8,0.0
wang,wpli_theta_C4_T8,wpli,theta,C4-T8,0.0
wang,wpli_alpha_C4_T8,wpli,alpha,C4-T8,0.0
wang,wpli_beta_C4_T8,wpli,beta,C4-T8,0.0
wang,wpli_gamma_C4_T8,wpli,gamma,C4-T8,0.0
wang,wpli_delta_F3_T8,wpli,delta,F3-T8,0.0
wang,wpli_theta_F3_T8,wpli,theta,F3-T8,0.0
wang,wpli_alpha_F3_T8,wpli,alpha,F3-T8,2.5454342807502797
wang,wpli_beta_F3_T8,wpli,beta,F3-T8,2.045716122800984
wang,wpli_gamma_F3_T8,wpli,gamma,F3-T8,0.0
wang,wpli_delta_F4_T8,wpli,delta,F4-T8,-2.072459253099373
wang,wpli_theta_F4_T8,wpli,theta,F4-T8,0.0
wang,wpli_alpha_F4_T8,wpli,alpha,F4-T8,0.0
wang,wpli_beta_F4_T8,wpli,beta,F4-T8,0.0
wang,wpli_gamma_F4_T8,wpli,gamma,F4-T8,0.0
wang,wpli_delta_F7_T8,wpli,delta,F7-T8,0.0
wang,wpli_theta_F7_T8,wpli,theta,F7-T8,0.0
wang,wpli_alpha_F7_T8,wpli,alpha,F7-T8,0.0
wang,wpli_beta_F7_T8,wpli,beta,F7-T8,0.0
wang,wpli_gamma_F7_T8,wpli,gamma,F7-T8,0.0
wang,wpli_delta_F8_T8,wpli,delta,F8-T8,0.0
wang,wpli_theta_F8_T8,wpli,theta,F8-T8,0.0
wang,wpli_alpha_F8_T8,wpli,alpha,F8-T8,0.0
wang,wpli_beta_F8_T8,wpli,beta,F8-T8,0.0
wang,wpli_gamma_F8_T8,wpli,gamma,F8-T8,0.0
wang,wpli_delta_Fp1_T8,wpli,delta,Fp1-T8,0.0
wang,wpli_theta_Fp1_T8,wpli,theta,Fp1-T8,0.0
wang,wpli_alpha_Fp1_T8,wpli,alpha,Fp1-T8,0.0
wang,wpli_beta_Fp1_T8,wpli,beta,Fp1-T8,0.0
wang,wpli_gamma_Fp1_T8,wpli,gamma,Fp1-T8,0.0
wang,wpli_delta_Fp2_T8,wpli,delta,Fp2-T8,0.0
wang,wpli_theta_Fp2_T8,wpli,theta,Fp2-T8,0.0
wang,wpli_alpha_Fp2_T8,wpli,alpha,Fp2-T8,0.0
wang,wpli_beta_Fp2_T8,wpli,beta,Fp2-T8,0.0
wang,wpli_gamma_Fp2_T8,wpli,gamma,Fp2-T8,0.0
wang,wpli_delta_Fz_T8,wpli,delta,Fz-T8,0.0
wang,wpli_theta_Fz_T8,wpli,theta,Fz-T8,0.0
wang,wpli_alpha_Fz_T8,wpli,alpha,Fz-T8,0.0
wang,wpli_beta_Fz_T8,wpli,beta,Fz-T8,0.0
wang,wpli_gamma_Fz_T8,wpli,gamma,Fz-T8,0.0
wang,wpli_delta_P7_T8,wpli,delta,P7-T8,0.0
wang,wpli_theta_P7_T8,wpli,theta,P7-T8,0.0
wang,wpli_alpha_P7_T8,wpli,alpha,P7-T8,0.0
wang,wpli_beta_P7_T8,wpli,beta,P7-T8,0.0
wang,wpli_gamma_P7_T8,wpli,gamma,P7-T8,-1.910807231374121
wang,wpli_delta_P8_T8,wpli,delta,P8-T8,0.0
wang,wpli_theta_P8_T8,wpli,theta,P8-T8,0.982934956851466
wang,wpli_alpha_P8_T8,wpli,alpha,P8-T8,0.0
wang,wpli_beta_P8_T8,wpli,beta,P8-T8,0.0
wang,wpli_gamma_P8_T8,wpli,gamma,P8-T8,0.0
wang,wpli_delta_T7_T8,wpli,delta,T7-T8,-1.52395847543864
wang,wpli_theta_T7_T8,wpli,theta,T7-T8,0.0
wang,wpli_alpha_T7_T8,wpli,alpha,T7-T8,0.0
wang,wpli_beta_T7_T8,wpli,beta,T7-T8,0.0
wang,wpli_gamma_T7_T8,wpli,gamma,T7-T8,0.0
wang,plzc_C3,plzc,,C3,0.0
wang,plzc_C4,plzc,,C4,0.0
wang,plzc_F3,plzc,,F3,0.0
wang,plzc_F4,plzc,,F4,0.0
wang,plzc_F7,plzc,,F7,0.0
wang,plzc_F8,plzc,,F8,0.0
wang,plzc_Fp1,plzc,,Fp1,0.0
wang,plzc_Fp2,plzc,,Fp2,0.0
wang,plzc_Fz,plzc,,Fz,0.0
wang,plzc_P7,plzc,,P7,0.0
wang,plzc_P8,plzc,,P8,0.0
wang,plzc_T7,plzc,,T7,0.0
wang,plzc_T8,plzc,,T8,0.0
