dataset,model,feature,importance
torres_torres,random_forest,power_delta_C3,0.0
torres_torres,svm,power_delta_C3,0.0
torres_torres,random_forest,power_theta_C3,0.00017143855457597812
torres_torres,svm,power_theta_C3,5.7471264367814355e-05
torres_torres,random_forest,power_alpha_C3,1.3392145463879198e-18
torres_torres,svm,power_alpha_C3,0.0013011853448275713
torres_torres,random_forest,power_beta_C3,0.00032271288230366417
torres_torres,svm,power_beta_C3,0.0
torres_torres,random_forest,power_gamma_C3,0.0011935289695300386
torres_torres,svm,power_gamma_C3,0.0
torres_torres,random_forest,power_delta_C4,0.0
torres_torres,svm,power_delta_C4,0.0
torres_torres,random_forest,power_theta_C4,4.1521104226608602e-19
torres_torres,svm,power_theta_C4,0.0011328125000000134
torres_torres,random_forest,power_alpha_C4,1.5882821824172032e-18
torres_torres,svm,power_alpha_C4,3.906249999999778e-05
torres_torres,random_forest,power_beta_C4,0.0
torres_torres,svm,power_beta_C4,0.0
torres_torres,random_forest,power_gamma_C4,0.0012717578321744302
torres_torres,svm,power_gamma_C4,0.02173356681034484
torres_torres,random_forest,power_delta_F3,1.7191902888936832e-18
torres_torres,svm,power_delta_F3,0.006721892959770126
torres_torres,random_forest,power_theta_F3,6.1707436947358405e-18
torres_torres,svm,power_theta_F3,0.008144755747126453
torres_torres,random_forest,power_alpha_F3,0.0
torres_torres,svm,power_alpha_F3,0.004788523706896597
torres_torres,random_forest,power_beta_F3,0.000747973040177878
torres_torres,svm,power_beta_F3,0.0
torres_torres,random_forest,power_gamma_F3,0.0
torres_torres,svm,power_gamma_F3,0.0
torres_torres,random_forest,power_delta_F4,0.0
torres_torres,svm,power_delta_F4,0.0046919899425287735
torres_torres,random_forest,power_theta_F4,1.699654084369692e-18
torres_torres,svm,power_theta_F4,0.007240930316091942
torres_torres,random_forest,power_alpha_F4,1.6117869845369706e-17
torres_torres,svm,power_alpha_F4,0.0035187679597701083
torres_torres,random_forest,power_beta_F4,0.0
torres_torres,svm,power_beta_F4,0.0
torres_torres,random_forest,power_gamma_F4,0.00021050673362056613
torres_torres,svm,power_gamma_F4,0.0
torres_torres,random_forest,power_delta_F7,0.00013485769238028315
torres_torres,svm,power_delta_F7,0.003618444683908062
torres_torres,random_forest,power_theta_F7,0.0
torres_torres,svm,power_theta_F7,0.006416127873563238
torres_torres,random_forest,power_alpha_F7,0.0
torres_torres,svm,power_alpha_F7,0.005530711206896533
torres_torres,random_forest,power_beta_F7,0.000303893295728984
torres_torres,svm,power_beta_F7,0.0
torres_torres,random_forest,power_gamma_F7,0.0
torres_torres,svm,power_gamma_F7,0.0
torres_torres,random_forest,power_delta_F8,0.0
torres_torres,svm,power_delta_F8,0.0016985452586206983
torres_torres,random_forest,power_theta_F8,2.5703871687541735e-17
torres_torres,svm,power_theta_F8,0.00626616379310343
torres_torres,random_forest,power_alpha_F8,1.3474721858570517e-18
torres_torres,svm,power_alpha_F8,0.004977101293103481
torres_torres,random_forest,power_beta_F8,8.013019983362509e-19
torres_torres,svm,power_beta_F8,0.0
torres_torres,random_forest,power_gamma_F8,0.0017771157411808171
torres_torres,svm,power_gamma_F8,0.0
torres_torres,random_forest,power_delta_Fp1,1.5574943658707968e-05
torres_torres,svm,power_delta_Fp1,0.00225978807471261
torres_torres,random_forest,power_theta_Fp1,0.0
torres_torres,svm,power_theta_Fp1,0.004691989942528762
torres_torres,random_forest,power_alpha_Fp1,0.0
torres_torres,svm,power_alpha_Fp1,0.005170168821839105
torres_torres,random_forest,power_beta_Fp1,0.0
torres_torres,svm,power_beta_Fp1,0.029616558908045966
torres_torres,random_forest,power_gamma_Fp1,0.0017460188196776027
torres_torres,svm,power_gamma_Fp1,0.0
torres_torres,random_forest,power_delta_Fp2,1.3420135336848054e-17
torres_torres,svm,power_delta_Fp2,0.002087374281609167
torres_torres,random_forest,power_theta_Fp2,1.0439362125091703e-18
torres_torres,svm,power_theta_Fp2,0.004979346264367845
torres_torres,random_forest,power_alpha_Fp2,0.0
torres_torres,svm,power_alpha_Fp2,0.0042712823275862346
torres_torres,random_forest,power_beta_Fp2,0.00041890720784491797
torres_torres,svm,power_beta_Fp2,0.0
torres_torres,random_forest,power_gamma_Fp2,0.0
torres_torres,svm,power_gamma_Fp2,0.0
torres_torres,random_forest,power_delta_Fz,2.4039199036647325e-18
torres_torres,svm,power_delta_Fz,0.0072759518678160995
torres_torres,random_forest,power_theta_Fz,0.0
torres_torres,svm,power_theta_Fz,0.007832255747126426
torres_torres,random_forest,power_alpha_Fz,9.86506850784639e-18
torres_torres,svm,power_alpha_Fz,0.004788523706896597
torres_torres,random_forest,power_beta_Fz,0.001001242920367657
torres_torres,svm,power_beta_Fz,0.0
torres_torres,random_forest,power_gamma_Fz,0.001205587767528459
torres_torres,svm,power_gamma_Fz,0.0
torres_torres,random_forest,power_delta_P7,7.249413824051251e-17
torres_torres,svm,power_delta_P7,0.0
torres_torres,random_forest,power_theta_P7,0.0
torres_torres,svm,power_theta_P7,0.0016015624999999867
torres_torres,random_forest,power_alpha_P7,0.0
torres_torres,svm,power_alpha_P7,0.0008593749999999956
torres_torres,random_forest,power_beta_P7,1.2247981613263873e-17
torres_torres,svm,power_beta_P7,0.0
torres_torres,random_forest,power_gamma_P7,0.004535167304231029
torres_torres,svm,power_gamma_P7,0.0
torres_torres,random_forest,power_delta_P8,0.0
torres_torres,svm,power_delta_P8,0.0
torres_torres,random_forest,power_theta_P8,0.0
torres_torres,svm,power_theta_P8,0.0
torres_torres,random_forest,power_alpha_P8,0.0
torres_torres,svm,power_alpha_P8,0.0
torres_torres,random_forest,power_beta_P8,0.0006294168864513158
torres_torres,svm,power_beta_P8,0.006093750000000009
torres_torres,random_forest,power_gamma_P8,0.0019472958220425336
torres_torres,svm,power_gamma_P8,0.006757812500000004
torres_torres,random_forest,power_delta_T7,3.4779526578936145e-17
torres_torres,svm,power_delta_T7,0.0
torres_torres,random_forest,power_theta_T7,0.0
torres_torres,svm,power_theta_T7,0.0016069504310344707
torres_torres,random_forest,power_alpha_T7,0.0
torres_torres,svm,power_alpha_T7,3.906249999999778e-05
torres_torres,random_forest,power_beta_T7,0.0005810726346159241
torres_torres,svm,power_beta_T7,0.0
torres_torres,random_forest,power_gamma_T7,0.00045829127917130293
torres_torres,svm,power_gamma_T7,0.0
torres_torres,random_forest,power_delta_T8,9.719332132720926e-18
torres_torres,svm,power_delta_T8,0.0
torres_torres,random_forest,power_theta_T8,0.0
torres_torres,svm,power_theta_T8,0.0025633081896552002
torres_torres,random_forest,power_alpha_T8,3.1787203964295846e-18
torres_torres,svm,power_alpha_T8,0.0012253053160919292
torres_torres,random_forest,power_beta_T8,0.0
torres_torres,svm,power_beta_T8,0.0
torres_torres,random_forest,power_gamma_T8,1.6101802662812851e-18
torres_torres,svm,power_gamma_T8,0.0
torres_torres,random_forest,wpli_delta_C3_C4,0.0007212164955661275
torres_torres,svm,wpli_delta_C3_C4,0.0
torres_torres,random_forest,wpli_theta_C3_C4,0.0002622575813985524
torres_torres,svm,wpli_theta_C3_C4,0.0
torres_torres,random_forest,wpli_alpha_C3_C4,0.004456620326972308
torres_torres,svm,wpli_alpha_C3_C4,0.0
torres_torres,random_forest,wpli_beta_C3_C4,0.0013865612203760088
torres_torres,svm,wpli_beta_C3_C4,0.0
torres_torres,random_forest,wpli_gamma_C3_C4,8.7395798408507e-17
torres_torres,svm,wpli_gamma_C3_C4,0.0
torres_torres,random_forest,wpli_delta_C3_F3,0.0015216948762730245
torres_torres,svm,wpli_delta_C3_F3,0.0
torres_torres,random_forest,wpli_theta_C3_F3,0.0
torres_torres,svm,wpli_theta_C3_F3,0.0
torres_torres,random_forest,wpli_alpha_C3_F3,0.0038832870441092115
torres_torres,svm,wpli_alpha_C3_F3,0.0
torres_torres,random_forest,wpli_beta_C3_F3,0.005968730327628915
torres_torres,svm,wpli_beta_C3_F3,0.0
torres_torres,random_forest,wpli_gamma_C3_F3,0.005557757326265236
torres_torres,svm,wpli_gamma_C3_F3,0.0
torres_torres,random_forest,wpli_delta_C4_F3,0.0006440795297920168
torres_torres,svm,wpli_delta_C4_F3,0.0
torres_torres,random_forest,wpli_theta_C4_F3,0.0013907905723657122
torres_torres,svm,wpli_theta_C4_F3,0.0
torres_torres,random_forest,wpli_alpha_C4_F3,0.0
torres_torres,svm,wpli_alpha_C4_F3,0.0
torres_torres,random_forest,wpli_beta_C4_F3,0.005227801612103475
torres_torres,svm,wpli_beta_C4_F3,0.0
torres_torres,random_forest,wpli_gamma_C4_F3,0.004731027682263629
torres_torres,svm,wpli_gamma_C4_F3,0.0
torres_torres,random_forest,wpli_delta_C3_F4,0.001959055919641914
torres_torres,svm,wpli_delta_C3_F4,0.0
torres_torres,random_forest,wpli_theta_C3_F4,0.0014587485515379576
torres_torres,svm,wpli_theta_C3_F4,0.0
torres_torres,random_forest,wpli_alpha_C3_F4,0.00209350675538298
torres_torres,svm,wpli_alpha_C3_F4,0.0
torres_torres,random_forest,wpli_beta_C3_F4,0.008642916232404914
torres_torres,svm,wpli_beta_C3_F4,0.0
torres_torres,random_forest,wpli_gamma_C3_F4,0.00024542172403728445
torres_torres,svm,wpli_gamma_C3_F4,0.0
torres_torres,random_forest,wpli_delta_C4_F4,0.0
torres_torres,svm,wpli_delta_C4_F4,0.0
torres_torres,random_forest,wpli_theta_C4_F4,0.0013034217425706885
torres_torres,svm,wpli_theta_C4_F4,0.0
torres_torres,random_forest,wpli_alpha_C4_F4,0.00037401940918293646
torres_torres,svm,wpli_alpha_C4_F4,0.0
torres_torres,random_forest,wpli_beta_C4_F4,0.0015832226603299852
torres_torres,svm,wpli_beta_C4_F4,0.0
torres_torres,random_forest,wpli_gamma_C4_F4,0.003300347339977252
torres_torres,svm,wpli_gamma_C4_F4,0.0
torres_torres,random_forest,wpli_delta_F3_F4,0.0021162094880432325
torres_torres,svm,wpli_delta_F3_F4,0.0
torres_torres,random_forest,wpli_theta_F3_F4,0.006918523034066667
torres_torres,svm,wpli_theta_F3_F4,0.0
torres_torres,random_forest,wpli_alpha_F3_F4,7.669693918699199e-19
torres_torres,svm,wpli_alpha_F3_F4,0.0
torres_torres,random_forest,wpli_beta_F3_F4,0.0005906642931368265
torres_torres,svm,wpli_beta_F3_F4,0.0
torres_torres,random_forest,wpli_gamma_F3_F4,0.003189717920452652
torres_torres,svm,wpli_gamma_F3_F4,0.0
torres_torres,random_forest,wpli_delta_C3_F7,0.0
torres_torres,svm,wpli_delta_C3_F7,0.0
torres_torres,random_forest,wpli_theta_C3_F7,0.0006275009596729558
torres_torres,svm,wpli_theta_C3_F7,0.0
torres_torres,random_forest,wpli_alpha_C3_F7,0.015394132510891882
torres_torres,svm,wpli_alpha_C3_F7,0.0
torres_torres,random_forest,wpli_beta_C3_F7,0.00455687336014586
torres_torres,svm,wpli_beta_C3_F7,0.0
torres_torres,random_forest,wpli_gamma_C3_F7,0.0001247134680866294
torres_torres,svm,wpli_gamma_C3_F7,0.0
torres_torres,random_forest,wpli_delta_C4_F7,0.0025506051638817294
torres_torres,svm,wpli_delta_C4_F7,0.0
torres_torres,random_forest,wpli_theta_C4_F7,0.00027580707745879235
torres_torres,svm,wpli_theta_C4_F7,0.0
torres_torres,random_forest,wpli_alpha_C4_F7,0.0018712522234544037
torres_torres,svm,wpli_alpha_C4_F7,0.0
torres_torres,random_forest,wpli_beta_C4_F7,0.0011955005859311933
torres_torres,svm,wpli_beta_C4_F7,0.0
torres_torres,random_forest,wpli_gamma_C4_F7,0.0006963617344644546
torres_torres,svm,wpli_gamma_C4_F7,0.0
torres_torres,random_forest,wpli_delta_F3_F7,0.004894027121396713
torres_torres,svm,wpli_delta_F3_F7,0.0
torres_torres,random_forest,wpli_theta_F3_F7,0.004527462677653731
torres_torres,svm,wpli_theta_F3_F7,0.0
torres_torres,random_forest,wpli_alpha_F3_F7,0.006678349149914993
torres_torres,svm,wpli_alpha_F3_F7,0.0
torres_torres,random_forest,wpli_beta_F3_F7,0.0
torres_torres,svm,wpli_beta_F3_F7,0.0
torres_torres,random_forest,wpli_gamma_F3_F7,0.002966971631037702
torres_torres,svm,wpli_gamma_F3_F7,0.0
torres_torres,random_forest,wpli_delta_F4_F7,0.004168031039927868
torres_torres,svm,wpli_delta_F4_F7,0.0
torres_torres,random_forest,wpli_theta_F4_F7,0.001849767203570981
torres_torres,svm,wpli_theta_F4_F7,0.0
torres_torres,random_forest,wpli_alpha_F4_F7,0.002569170134613461
torres_torres,svm,wpli_alpha_F4_F7,0.0
torres_torres,random_forest,wpli_beta_F4_F7,0.0010314347949911392
torres_torres,svm,wpli_beta_F4_F7,0.0
torres_torres,random_forest,wpli_gamma_F4_F7,0.0011162527596328172
torres_torres,svm,wpli_gamma_F4_F7,0.0
torres_torres,random_forest,wpli_delta_C3_F8,0.001784751751476395
torres_torres,svm,wpli_delta_C3_F8,0.0
torres_torres,random_forest,wpli_theta_C3_F8,0.005674447253040131
torres_torres,svm,wpli_theta_C3_F8,0.0
torres_torres,random_forest,wpli_alpha_C3_F8,0.0003463671811639802
torres_torres,svm,wpli_alpha_C3_F8,0.0
torres_torres,random_forest,wpli_beta_C3_F8,0.0013307558369321975
torres_torres,svm,wpli_beta_C3_F8,0.0
torres_torres,random_forest,wpli_gamma_C3_F8,0.0011756980349815756
torres_torres,svm,wpli_gamma_C3_F8,0.0
torres_torres,random_forest,wpli_delta_C4_F8,0.0009223920750312141
torres_torres,svm,wpli_delta_C4_F8,0.0
torres_torres,random_forest,wpli_theta_C4_F8,0.0013940101099867977
torres_torres,svm,wpli_theta_C4_F8,0.0
torres_torres,random_forest,wpli_alpha_C4_F8,0.0003799641418756539
torres_torres,svm,wpli_alpha_C4_F8,0.0
torres_torres,random_forest,wpli_beta_C4_F8,0.0013375896311595356
torres_torres,svm,wpli_beta_C4_F8,0.0
torres_torres,random_forest,wpli_gamma_C4_F8,0.0017421600789432094
torres_torres,svm,wpli_gamma_C4_F8,0.0
torres_torres,random_forest,wpli_delta_F3_F8,0.0008672572594902251
torres_torres,svm,wpli_delta_F3_F8,0.0
torres_torres,random_forest,wpli_theta_F3_F8,0.0017491666116106438
torres_torres,svm,wpli_theta_F3_F8,0.0
torres_torres,random_forest,wpli_alpha_F3_F8,5.2239301825223834e-18
torres_torres,svm,wpli_alpha_F3_F8,0.0
torres_torres,random_forest,wpli_beta_F3_F8,0.0011120489526398735
torres_torres,svm,wpli_beta_F3_F8,0.0
torres_torres,random_forest,wpli_gamma_F3_F8,4.501206768976378e-05
torres_torres,svm,wpli_gamma_F3_F8,0.0
torres_torres,random_forest,wpli_delta_F4_F8,0.0004078004717405646
torres_torres,svm,wpli_delta_F4_F8,0.0
torres_torres,random_forest,wpli_theta_F4_F8,1.449015559345659e-17
torres_torres,svm,wpli_theta_F4_F8,0.0
torres_torres,random_forest,wpli_alpha_F4_F8,0.003018923371948947
torres_torres,svm,wpli_alpha_F4_F8,0.0
torres_torres,random_forest,wpli_beta_F4_F8,0.0006819738583756249
torres_torres,svm,wpli_beta_F4_F8,0.0
torres_torres,random_forest,wpli_gamma_F4_F8,0.0
torres_torres,svm,wpli_gamma_F4_F8,0.0
torres_torres,random_forest,wpli_delta_F7_F8,0.003054922983262794
torres_torres,svm,wpli_delta_F7_F8,0.0
torres_torres,random_forest,wpli_theta_F7_F8,0.0006050665451981157
torres_torres,svm,wpli_theta_F7_F8,0.0
torres_torres,random_forest,wpli_alpha_F7_F8,0.0004275765387450577
torres_torres,svm,wpli_alpha_F7_F8,0.0
torres_torres,random_forest,wpli_beta_F7_F8,0.00031530648216315864
torres_torres,svm,wpli_beta_F7_F8,0.0
torres_torres,random_forest,wpli_gamma_F7_F8,0.002546483895487538
torres_torres,svm,wpli_gamma_F7_F8,0.0
torres_torres,random_forest,wpli_delta_C3_Fp1,0.001358367658459792
torres_torres,svm,wpli_delta_C3_Fp1,0.0
torres_torres,random_forest,wpli_theta_C3_Fp1,0.0
torres_torres,svm,wpli_theta_C3_Fp1,0.0
torres_torres,random_forest,wpli_alpha_C3_Fp1,0.0
torres_torres,svm,wpli_alpha_C3_Fp1,0.0
torres_torres,random_forest,wpli_beta_C3_Fp1,0.00033051942826053406
torres_torres,svm,wpli_beta_C3_Fp1,0.0
torres_torres,random_forest,wpli_gamma_C3_Fp1,0.0009963509691716826
torres_torres,svm,wpli_gamma_C3_Fp1,0.0
torres_torres,random_forest,wpli_delta_C4_Fp1,0.0038760758408914204
torres_torres,svm,wpli_delta_C4_Fp1,0.0
torres_torres,random_forest,wpli_theta_C4_Fp1,0.0016028437257864625
torres_torres,svm,wpli_theta_C4_Fp1,0.0
torres_torres,random_forest,wpli_alpha_C4_Fp1,0.0
torres_torres,svm,wpli_alpha_C4_Fp1,0.0
torres_torres,random_forest,wpli_beta_C4_Fp1,0.001102780767725514
torres_torres,svm,wpli_beta_C4_Fp1,0.0
torres_torres,random_forest,wpli_gamma_C4_Fp1,0.005814134387378238
torres_torres,svm,wpli_gamma_C4_Fp1,0.0
torres_torres,random_forest,wpli_delta_F3_Fp1,0.003750126442934049
torres_torres,svm,wpli_delta_F3_Fp1,0.0
torres_torres,random_forest,wpli_theta_F3_Fp1,0.008061744790904293
torres_torres,svm,wpli_theta_F3_Fp1,0.0
torres_torres,random_forest,wpli_alpha_F3_Fp1,0.0010953628388802356
torres_torres,svm,wpli_alpha_F3_Fp1,0.0
torres_torres,random_forest,wpli_beta_F3_Fp1,0.001123383818880592
torres_torres,svm,wpli_beta_F3_Fp1,0.0
torres_torres,random_forest,wpli_gamma_F3_Fp1,0.0013379446469909781
torres_torres,svm,wpli_gamma_F3_Fp1,0.0
torres_torres,random_forest,wpli_delta_F4_Fp1,4.645187876985214e-05
torres_torres,svm,wpli_delta_F4_Fp1,0.0
torres_torres,random_forest,wpli_theta_F4_Fp1,0.0017977281793513271
torres_torres,svm,wpli_theta_F4_Fp1,0.0
torres_torres,random_forest,wpli_alpha_F4_Fp1,0.0026816465362113294
torres_torres,svm,wpli_alpha_F4_Fp1,0.0
torres_torres,random_forest,wpli_beta_F4_Fp1,0.0030298250238540757
torres_torres,svm,wpli_beta_F4_Fp1,0.0
torres_torres,random_forest,wpli_gamma_F4_Fp1,0.0023357005845217214
torres_torres,svm,wpli_gamma_F4_Fp1,0.0
torres_torres,random_forest,wpli_delta_F7_Fp1,0.001313470134162209
torres_torres,svm,wpli_delta_F7_Fp1,0.0
torres_torres,random_forest,wpli_theta_F7_Fp1,0.005561885048833794
torres_torres,svm,wpli_theta_F7_Fp1,0.0
torres_torres,random_forest,wpli_alpha_F7_Fp1,0.001472253526629346
torres_torres,svm,wpli_alpha_F7_Fp1,0.0
torres_torres,random_forest,wpli_beta_F7_Fp1,0.005048469694108551
torres_torres,svm,wpli_beta_F7_Fp1,0.0
torres_torres,random_forest,wpli_gamma_F7_Fp1,0.00043639469099237914
torres_torres,svm,wpli_gamma_F7_Fp1,0.0
torres_torres,random_forest,wpli_delta_F8_Fp1,0.0003564295828552927
torres_torres,svm,wpli_delta_F8_Fp1,0.0
torres_torres,random_forest,wpli_theta_F8_Fp1,0.0011167064659257271
torres_torres,svm,wpli_theta_F8_Fp1,0.0
torres_torres,random_forest,wpli_alpha_F8_Fp1,0.0006853199522724074
torres_torres,svm,wpli_alpha_F8_Fp1,0.0
torres_torres,random_forest,wpli_beta_F8_Fp1,0.0013743663491481376
torres_torres,svm,wpli_beta_F8_Fp1,0.0
torres_torres,random_forest,wpli_gamma_F8_Fp1,0.0015469371025861325
torres_torres,svm,wpli_gamma_F8_Fp1,0.0
torres_torres,random_forest,wpli_delta_C3_Fp2,0.0004157608090770446
torres_torres,svm,wpli_delta_C3_Fp2,0.0
torres_torres,random_forest,wpli_theta_C3_Fp2,0.0005348915548629163
torres_torres,svm,wpli_theta_C3_Fp2,0.0
torres_torres,random_forest,wpli_alpha_C3_Fp2,1.282272269838438e-18
torres_torres,svm,wpli_alpha_C3_Fp2,0.0
torres_torres,random_forest,wpli_beta_C3_Fp2,0.000249157332124175
torres_torres,svm,wpli_beta_C3_Fp2,0.0
torres_torres,random_forest,wpli_gamma_C3_Fp2,0.002471941307228981
torres_torres,svm,wpli_gamma_C3_Fp2,0.0
torres_torres,random_forest,wpli_delta_C4_Fp2,0.0016926585472123081
torres_torres,svm,wpli_delta_C4_Fp2,0.0
torres_torres,random_forest,wpli_theta_C4_Fp2,0.0007183819047222415
torres_torres,svm,wpli_theta_C4_Fp2,0.0
torres_torres,random_forest,wpli_alpha_C4_Fp2,0.0008283497138491381
torres_torres,svm,wpli_alpha_C4_Fp2,0.0
torres_torres,random_forest,wpli_beta_C4_Fp2,0.0003513890910235089
torres_torres,svm,wpli_beta_C4_Fp2,0.0
torres_torres,random_forest,wpli_gamma_C4_Fp2,0.0006068278545373973
torres_torres,svm,wpli_gamma_C4_Fp2,0.0
torres_torres,random_forest,wpli_delta_F3_Fp2,0.0012286834744168775
torres_torres,svm,wpli_delta_F3_Fp2,0.0
torres_torres,random_forest,wpli_theta_F3_Fp2,0.002523866352298343
torres_torres,svm,wpli_theta_F3_Fp2,0.0
torres_torres,random_forest,wpli_alpha_F3_Fp2,0.000401229127512343
torres_torres,svm,wpli_alpha_F3_Fp2,0.0
torres_torres,random_forest,wpli_beta_F3_Fp2,0.0
torres_torres,svm,wpli_beta_F3_Fp2,0.0
torres_torres,random_forest,wpli_gamma_F3_Fp2,0.002003473291705722
torres_torres,svm,wpli_gamma_F3_Fp2,0.0
torres_torres,random_forest,wpli_delta_F4_Fp2,0.002468340388665702
torres_torres,svm,wpli_delta_F4_Fp2,0.0
torres_torres,random_forest,wpli_theta_F4_Fp2,6.913837266730148e-05
torres_torres,svm,wpli_theta_F4_Fp2,0.0
torres_torres,random_forest,wpli_alpha_F4_Fp2,0.000570049524871391
torres_torres,svm,wpli_alpha_F4_Fp2,0.0
torres_torres,random_forest,wpli_beta_F4_Fp2,0.001601095708845952
torres_torres,svm,wpli_beta_F4_Fp2,0.0
torres_torres,random_forest,wpli_gamma_F4_Fp2,0.001101397611425533
torres_torres,svm,wpli_gamma_F4_Fp2,0.0
torres_torres,random_forest,wpli_delta_F7_Fp2,0.0025705099561936363
torres_torres,svm,wpli_delta_F7_Fp2,0.0
torres_torres,random_forest,wpli_theta_F7_Fp2,0.0077788372665764495
torres_torres,svm,wpli_theta_F7_Fp2,0.0
torres_torres,random_forest,wpli_alpha_F7_Fp2,0.003600457288619531
torres_torres,svm,wpli_alpha_F7_Fp2,0.0
torres_torres,random_forest,wpli_beta_F7_Fp2,0.0
torres_torres,svm,wpli_beta_F7_Fp2,0.0
torres_torres,random_forest,wpli_gamma_F7_Fp2,0.002070440872408336
torres_torres,svm,wpli_gamma_F7_Fp2,0.0
torres_torres,random_forest,wpli_delta_F8_Fp2,0.0
torres_torres,svm,wpli_delta_F8_Fp2,0.0
torres_torres,random_forest,wpli_theta_F8_Fp2,0.006689764125134321
torres_torres,svm,wpli_theta_F8_Fp2,0.0
torres_torres,random_forest,wpli_alpha_F8_Fp2,0.0005448537426597691
torres_torres,svm,wpli_alpha_F8_Fp2,0.0
torres_torres,random_forest,wpli_beta_F8_Fp2,0.0027101409356823153
torres_torres,svm,wpli_beta_F8_Fp2,0.0
torres_torres,random_forest,wpli_gamma_F8_Fp2,0.0014177185424504844
torres_torres,svm,wpli_gamma_F8_Fp2,0.0
torres_torres,random_forest,wpli_delta_Fp1_Fp2,0.0014289271574313641
torres_torres,svm,wpli_delta_Fp1_Fp2,0.0
torres_torres,random_forest,wpli_theta_Fp1_Fp2,5.34190135362028e-19
torres_torres,svm,wpli_theta_Fp1_Fp2,0.0
torres_torres,random_forest,wpli_alpha_Fp1_Fp2,0.002714382133425947
torres_torres,svm,wpli_alpha_Fp1_Fp2,0.0
torres_torres,random_forest,wpli_beta_Fp1_Fp2,0.0006992751433119143
torres_torres,svm,wpli_beta_Fp1_Fp2,0.0
torres_torres,random_forest,wpli_gamma_Fp1_Fp2,0.001318911162403093
torres_torres,svm,wpli_gamma_Fp1_Fp2,0.0
torres_torres,random_forest,wpli_delta_C3_Fz,0.0009832570302740881
torres_torres,svm,wpli_delta_C3_Fz,0.0
torres_torres,random_forest,wpli_theta_C3_Fz,0.0018327373876012775
torres_torres,svm,wpli_theta_C3_Fz,0.0
torres_torres,random_forest,wpli_alpha_C3_Fz,0.0010520314515481664
torres_torres,svm,wpli_alpha_C3_Fz,0.0
torres_torres,random_forest,wpli_beta_C3_Fz,0.007076832560672513
torres_torres,svm,wpli_beta_C3_Fz,0.0
torres_torres,random_forest,wpli_gamma_C3_Fz,0.0007435096616548826
torres_torres,svm,wpli_gamma_C3_Fz,0.0
torres_torres,random_forest,wpli_delta_C4_Fz,0.00035737417359060444
torres_torres,svm,wpli_delta_C4_Fz,0.0
torres_torres,random_forest,wpli_theta_C4_Fz,0.001982464234485326
torres_torres,svm,wpli_theta_C4_Fz,0.0
torres_torres,random_forest,wpli_alpha_C4_Fz,0.0016082286257311407
torres_torres,svm,wpli_alpha_C4_Fz,0.0
torres_torres,random_forest,wpli_beta_C4_Fz,0.005503015185899415
torres_torres,svm,wpli_beta_C4_Fz,0.0
torres_torres,random_forest,wpli_gamma_C4_Fz,0.0019649742309065955
torres_torres,svm,wpli_gamma_C4_Fz,0.0
torres_torres,random_forest,wpli_delta_F3_Fz,0.007861823395272667
torres_torres,svm,wpli_delta_F3_Fz,0.0
torres_torres,random_forest,wpli_theta_F3_Fz,0.0005944506490976445
torres_torres,svm,wpli_theta_F3_Fz,0.0
torres_torres,random_forest,wpli_alpha_F3_Fz,0.00041824122985246055
torres_torres,svm,wpli_alpha_F3_Fz,0.0
torres_torres,random_forest,wpli_beta_F3_Fz,0.0037617769856196394
torres_torres,svm,wpli_beta_F3_Fz,0.0
torres_torres,random_forest,wpli_gamma_F3_Fz,0.0037152352102641116
torres_torres,svm,wpli_gamma_F3_Fz,0.0
torres_torres,random_forest,wpli_delta_F4_Fz,0.0010703458637120712
torres_torres,svm,wpli_delta_F4_Fz,0.0
torres_torres,random_forest,wpli_theta_F4_Fz,0.0012016652891723351
torres_torres,svm,wpli_theta_F4_Fz,0.0
torres_torres,random_forest,wpli_alpha_F4_Fz,0.0013347707518603104
torres_torres,svm,wpli_alpha_F4_Fz,0.0
torres_torres,random_forest,wpli_beta_F4_Fz,0.0004015356932439303
torres_torres,svm,wpli_beta_F4_Fz,0.0
torres_torres,random_forest,wpli_gamma_F4_Fz,0.0013188437423203036
torres_torres,svm,wpli_gamma_F4_Fz,0.0
torres_torres,random_forest,wpli_delta_F7_Fz,0.0
torres_torres,svm,wpli_delta_F7_Fz,0.0
torres_torres,random_forest,wpli_theta_F7_Fz,0.0023555161566087383
torres_torres,svm,wpli_theta_F7_Fz,0.0
torres_torres,random_forest,wpli_alpha_F7_Fz,0.001976631523482322
torres_torres,svm,wpli_alpha_F7_Fz,0.0
torres_torres,random_forest,wpli_beta_F7_Fz,0.0
torres_torres,svm,wpli_beta_F7_Fz,0.0
torres_torres,random_forest,wpli_gamma_F7_Fz,0.0
torres_torres,svm,wpli_gamma_F7_Fz,0.0
torres_torres,random_forest,wpli_delta_F8_Fz,0.00046366713997065374
torres_torres,svm,wpli_delta_F8_Fz,0.0
torres_torres,random_forest,wpli_theta_F8_Fz,0.008535228693213666
torres_torres,svm,wpli_theta_F8_Fz,0.0
torres_torres,random_forest,wpli_alpha_F8_Fz,0.001449684191849281
torres_torres,svm,wpli_alpha_F8_Fz,0.0
torres_torres,random_forest,wpli_beta_F8_Fz,0.0002981658087874071
torres_torres,svm,wpli_beta_F8_Fz,0.0
torres_torres,random_forest,wpli_gamma_F8_Fz,0.003318005694991819
torres_torres,svm,wpli_gamma_F8_Fz,0.0
torres_torres,random_forest,wpli_delta_Fp1_Fz,0.0013226546951207708
torres_torres,svm,wpli_delta_Fp1_Fz,0.0
torres_torres,random_forest,wpli_theta_Fp1_Fz,0.002968458816425553
torres_torres,svm,wpli_theta_Fp1_Fz,0.0
torres_torres,random_forest,wpli_alpha_Fp1_Fz,0.001318110916630392
torres_torres,svm,wpli_alpha_Fp1_Fz,0.0
torres_torres,random_forest,wpli_beta_Fp1_Fz,0.0023102059116589164
torres_torres,svm,wpli_beta_Fp1_Fz,0.0
torres_torres,random_forest,wpli_gamma_Fp1_Fz,0.0003440605142591088
torres_torres,svm,wpli_gamma_Fp1_Fz,0.0
torres_torres,random_forest,wpli_delta_Fp2_Fz,0.0005302366683822263
torres_torres,svm,wpli_delta_Fp2_Fz,0.0
torres_torres,random_forest,wpli_theta_Fp2_Fz,0.0028746016509516525
torres_torres,svm,wpli_theta_Fp2_Fz,0.0
torres_torres,random_forest,wpli_alpha_Fp2_Fz,0.0
torres_torres,svm,wpli_alpha_Fp2_Fz,0.0
torres_torres,random_forest,wpli_beta_Fp2_Fz,0.0
torres_torres,svm,wpli_beta_Fp2_Fz,0.0
torres_torres,random_forest,wpli_gamma_Fp2_Fz,0.0007086790395451825
torres_torres,svm,wpli_gamma_Fp2_Fz,0.0
torres_torres,random_forest,wpli_delta_C3_P7,0.00033879045651457115
torres_torres,svm,wpli_delta_C3_P7,0.0
torres_torres,random_forest,wpli_theta_C3_P7,5.3243003303984244e-18
torres_torres,svm,wpli_theta_C3_P7,0.0
torres_torres,random_forest,wpli_alpha_C3_P7,0.0035552330010939093
torres_torres,svm,wpli_alpha_C3_P7,0.0
torres_torres,random_forest,wpli_beta_C3_P7,0.000623151728941111
torres_torres,svm,wpli_beta_C3_P7,0.0
torres_torres,random_forest,wpli_gamma_C3_P7,0.003516764914005868
torres_torres,svm,wpli_gamma_C3_P7,0.0
torres_torres,random_forest,wpli_delta_C4_P7,0.00018321257799579633
torres_torres,svm,wpli_delta_C4_P7,0.0
torres_torres,random_forest,wpli_theta_C4_P7,0.0013225853353504408
torres_torres,svm,wpli_theta_C4_P7,0.0
torres_torres,random_forest,wpli_alpha_C4_P7,0.0010699580232573858
torres_torres,svm,wpli_alpha_C4_P7,0.0
torres_torres,random_forest,wpli_beta_C4_P7,0.0007650939359703462
torres_torres,svm,wpli_beta_C4_P7,0.0
torres_torres,random_forest,wpli_gamma_C4_P7,0.0
torres_torres,svm,wpli_gamma_C4_P7,0.0
torres_torres,random_forest,wpli_delta_F3_P7,0.004812928531773584
torres_torres,svm,wpli_delta_F3_P7,0.0
torres_torres,random_forest,wpli_theta_F3_P7,0.0013351593022814109
torres_torres,svm,wpli_theta_F3_P7,0.0
torres_torres,random_forest,wpli_alpha_F3_P7,0.002355542735441061
torres_torres,svm,wpli_alpha_F3_P7,0.0
torres_torres,random_forest,wpli_beta_F3_P7,0.018914072915715178
torres_torres,svm,wpli_beta_F3_P7,0.0
torres_torres,random_forest,wpli_gamma_F3_P7,0.0056230942546877175
torres_torres,svm,wpli_gamma_F3_P7,0.0
torres_torres,random_forest,wpli_delta_F4_P7,0.013061097666817185
torres_torres,svm,wpli_delta_F4_P7,0.0
torres_torres,random_forest,wpli_theta_F4_P7,0.00317396596751803
torres_torres,svm,wpli_theta_F4_P7,0.0
torres_torres,random_forest,wpli_alpha_F4_P7,0.00042528079727157693
torres_torres,svm,wpli_alpha_F4_P7,0.0
torres_torres,random_forest,wpli_beta_F4_P7,0.0010556145005593716
torres_torres,svm,wpli_beta_F4_P7,0.0
torres_torres,random_forest,wpli_gamma_F4_P7,0.0011336503491257894
torres_torres,svm,wpli_gamma_F4_P7,0.0
torres_torres,random_forest,wpli_delta_F7_P7,0.0025305502420027927
torres_torres,svm,wpli_delta_F7_P7,0.0
torres_torres,random_forest,wpli_theta_F7_P7,0.001122370875203335
torres_torres,svm,wpli_theta_F7_P7,0.0
torres_torres,random_forest,wpli_alpha_F7_P7,0.000288324499394683
torres_torres,svm,wpli_alpha_F7_P7,0.0
torres_torres,random_forest,wpli_beta_F7_P7,0.004758991214433231
torres_torres,svm,wpli_beta_F7_P7,0.0
torres_torres,random_forest,wpli_gamma_F7_P7,0.0012816460983401637
torres_torres,svm,wpli_gamma_F7_P7,0.0
torres_torres,random_forest,wpli_delta_F8_P7,0.0008886390937644792
torres_torres,svm,wpli_delta_F8_P7,0.0
torres_torres,random_forest,wpli_theta_F8_P7,0.0018710189654857164
torres_torres,svm,wpli_theta_F8_P7,0.0
torres_torres,random_forest,wpli_alpha_F8_P7,0.0007875397912621325
torres_torres,svm,wpli_alpha_F8_P7,0.0
torres_torres,random_forest,wpli_beta_F8_P7,0.006983833480698483
torres_torres,svm,wpli_beta_F8_P7,0.0
torres_torres,random_forest,wpli_gamma_F8_P7,1.3131997597356686e-17
torres_torres,svm,wpli_gamma_F8_P7,0.0
torres_torres,random_forest,wpli_delta_Fp1_P7,0.00037364278343734076
torres_torres,svm,wpli_delta_Fp1_P7,0.0
torres_torres,random_forest,wpli_theta_Fp1_P7,0.0017135231777794086
torres_torres,svm,wpli_theta_Fp1_P7,0.0
torres_torres,random_forest,wpli_alpha_Fp1_P7,0.002342871281923636
torres_torres,svm,wpli_alpha_Fp1_P7,0.0
torres_torres,random_forest,wpli_beta_Fp1_P7,0.00781235707805747
torres_torres,svm,wpli_beta_Fp1_P7,0.0
torres_torres,random_forest,wpli_gamma_Fp1_P7,0.0009922189016153239
torres_torres,svm,wpli_gamma_Fp1_P7,0.0
torres_torres,random_forest,wpli_delta_Fp2_P7,0.004066306961797148
torres_torres,svm,wpli_delta_Fp2_P7,0.0
torres_torres,random_forest,wpli_theta_Fp2_P7,0.0013879694688497186
torres_torres,svm,wpli_theta_Fp2_P7,0.0
torres_torres,random_forest,wpli_alpha_Fp2_P7,0.002828527121020981
torres_torres,svm,wpli_alpha_Fp2_P7,0.0
torres_torres,random_forest,wpli_beta_Fp2_P7,0.0073360234232493415
torres_torres,svm,wpli_beta_Fp2_P7,0.0
torres_torres,random_forest,wpli_gamma_Fp2_P7,0.0012990538060815454
torres_torres,svm,wpli_gamma_Fp2_P7,0.0
torres_torres,random_forest,wpli_delta_Fz_P7,0.0009640715143019035
torres_torres,svm,wpli_delta_Fz_P7,0.0
torres_torres,random_forest,wpli_theta_Fz_P7,0.0
torres_torres,svm,wpli_theta_Fz_P7,0.0
torres_torres,random_forest,wpli_alpha_Fz_P7,0.00045119246325748744
torres_torres,svm,wpli_alpha_Fz_P7,0.0
torres_torres,random_forest,wpli_beta_Fz_P7,7.305662908425241e-18
torres_torres,svm,wpli_beta_Fz_P7,0.0
torres_torres,random_forest,wpli_gamma_Fz_P7,0.0008722648612750669
torres_torres,svm,wpli_gamma_Fz_P7,0.0
torres_torres,random_forest,wpli_delta_C3_P8,0.0008468988163600766
torres_torres,svm,wpli_delta_C3_P8,0.0
torres_torres,random_forest,wpli_theta_C3_P8,0.006867766575380329
torres_torres,svm,wpli_theta_C3_P8,0.0
torres_torres,random_forest,wpli_alpha_C3_P8,0.0012958208258506466
torres_torres,svm,wpli_alpha_C3_P8,0.0
torres_torres,random_forest,wpli_beta_C3_P8,0.005498315031444798
torres_torres,svm,wpli_beta_C3_P8,0.0
torres_torres,random_forest,wpli_gamma_C3_P8,0.003584508172718762
torres_torres,svm,wpli_gamma_C3_P8,0.0
torres_torres,random_forest,wpli_delta_C4_P8,0.0012192222309950005
torres_torres,svm,wpli_delta_C4_P8,0.0
torres_torres,random_forest,wpli_theta_C4_P8,0.001528744787060996
torres_torres,svm,wpli_theta_C4_P8,0.0
torres_torres,random_forest,wpli_alpha_C4_P8,0.0008022736588302743
torres_torres,svm,wpli_alpha_C4_P8,0.0
torres_torres,random_forest,wpli_beta_C4_P8,0.001218628961601743
torres_torres,svm,wpli_beta_C4_P8,0.0
torres_torres,random_forest,wpli_gamma_C4_P8,0.0030105200202198367
torres_torres,svm,wpli_gamma_C4_P8,0.0
torres_torres,random_forest,wpli_delta_F3_P8,0.017096773845040148
torres_torres,svm,wpli_delta_F3_P8,0.0
torres_torres,random_forest,wpli_theta_F3_P8,1.143031052592548e-16
torres_torres,svm,wpli_theta_F3_P8,0.0
torres_torres,random_forest,wpli_alpha_F3_P8,0.0009222298351362106
torres_torres,svm,wpli_alpha_F3_P8,0.0
torres_torres,random_forest,wpli_beta_F3_P8,0.011412590164534483
torres_torres,svm,wpli_beta_F3_P8,0.0
torres_torres,random_forest,wpli_gamma_F3_P8,0.0019882366262718464
torres_torres,svm,wpli_gamma_F3_P8,0.0
torres_torres,random_forest,wpli_delta_F4_P8,0.00277355699340384
torres_torres,svm,wpli_delta_F4_P8,0.0
torres_torres,random_forest,wpli_theta_F4_P8,2.527108875691686e-17
torres_torres,svm,wpli_theta_F4_P8,0.0
torres_torres,random_forest,wpli_alpha_F4_P8,0.0012495417523524124
torres_torres,svm,wpli_alpha_F4_P8,0.0
torres_torres,random_forest,wpli_beta_F4_P8,0.000798234252540702
torres_torres,svm,wpli_beta_F4_P8,0.0
torres_torres,random_forest,wpli_gamma_F4_P8,2.4338470957923487e-18
torres_torres,svm,wpli_gamma_F4_P8,0.0
torres_torres,random_forest,wpli_delta_F7_P8,0.007622112406784701
torres_torres,svm,wpli_delta_F7_P8,0.0
torres_torres,random_forest,wpli_theta_F7_P8,0.002436502654845957
torres_torres,svm,wpli_theta_F7_P8,0.0
torres_torres,random_forest,wpli_alpha_F7_P8,0.0014872796549876893
torres_torres,svm,wpli_alpha_F7_P8,0.0
torres_torres,random_forest,wpli_beta_F7_P8,0.010389451672429741
torres_torres,svm,wpli_beta_F7_P8,0.0
torres_torres,random_forest,wpli_gamma_F7_P8,0.00034212795851021793
torres_torres,svm,wpli_gamma_F7_P8,0.0
torres_torres,random_forest,wpli_delta_F8_P8,0.00035995784673774247
torres_torres,svm,wpli_delta_F8_P8,0.0
torres_torres,random_forest,wpli_theta_F8_P8,0.0003637377784901369
torres_torres,svm,wpli_theta_F8_P8,0.0
torres_torres,random_forest,wpli_alpha_F8_P8,0.0014295220655884823
torres_torres,svm,wpli_alpha_F8_P8,0.0
torres_torres,random_forest,wpli_beta_F8_P8,0.0004778793061684971
torres_torres,svm,wpli_beta_F8_P8,0.0
torres_torres,random_forest,wpli_gamma_F8_P8,0.0018083307971049189
torres_torres,svm,wpli_gamma_F8_P8,0.0
torres_torres,random_forest,wpli_delta_Fp1_P8,0.01371517722291942
torres_torres,svm,wpli_delta_Fp1_P8,0.0
torres_torres,random_forest,wpli_theta_Fp1_P8,0.0012189701452178156
torres_torres,svm,wpli_theta_Fp1_P8,0.0
torres_torres,random_forest,wpli_alpha_Fp1_P8,0.001155584715981978
torres_torres,svm,wpli_alpha_Fp1_P8,0.0
torres_torres,random_forest,wpli_beta_Fp1_P8,0.001806855744446271
torres_torres,svm,wpli_beta_Fp1_P8,0.0
torres_torres,random_forest,wpli_gamma_Fp1_P8,0.002225661909277693
torres_torres,svm,wpli_gamma_Fp1_P8,0.0
torres_torres,random_forest,wpli_delta_Fp2_P8,0.014768839133700784
torres_torres,svm,wpli_delta_Fp2_P8,0.0
torres_torres,random_forest,wpli_theta_Fp2_P8,0.0008178561271504254
torres_torres,svm,wpli_theta_Fp2_P8,0.0
torres_torres,random_forest,wpli_alpha_Fp2_P8,0.0016709143410329986
torres_torres,svm,wpli_alpha_Fp2_P8,0.0
torres_torres,random_forest,wpli_beta_Fp2_P8,0.0017720724880501129
torres_torres,svm,wpli_beta_Fp2_P8,0.0
torres_torres,random_forest,wpli_gamma_Fp2_P8,0.0009459995320634955
torres_torres,svm,wpli_gamma_Fp2_P8,0.0
torres_torres,random_forest,wpli_delta_Fz_P8,0.0058017913646865905
torres_torres,svm,wpli_delta_Fz_P8,0.0
torres_torres,random_forest,wpli_theta_Fz_P8,8.525357672795283e-19
torres_torres,svm,wpli_theta_Fz_P8,0.0
torres_torres,random_forest,wpli_alpha_Fz_P8,0.00021444975407079733
torres_torres,svm,wpli_alpha_Fz_P8,0.0
torres_torres,random_forest,wpli_beta_Fz_P8,0.0007803022825537262
torres_torres,svm,wpli_beta_Fz_P8,0.0
torres_torres,random_forest,wpli_gamma_Fz_P8,0.0008603034503138391
torres_torres,svm,wpli_gamma_Fz_P8,0.0
torres_torres,random_forest,wpli_delta_P7_P8,0.007105619471356549
torres_torres,svm,wpli_delta_P7_P8,0.0
torres_torres,random_forest,wpli_theta_P7_P8,0.004470014912287001
torres_torres,svm,wpli_theta_P7_P8,0.0
torres_torres,random_forest,wpli_alpha_P7_P8,0.001216412719827999
torres_torres,svm,wpli_alpha_P7_P8,0.0
torres_torres,random_forest,wpli_beta_P7_P8,0.0022992403250679193
torres_torres,svm,wpli_beta_P7_P8,0.0
torres_torres,random_forest,wpli_gamma_P7_P8,0.042354413799030884
torres_torres,svm,wpli_gamma_P7_P8,0.0
torres_torres,random_forest,wpli_delta_C3_T7,0.00044519253279123075
torres_torres,svm,wpli_delta_C3_T7,0.0
torres_torres,random_forest,wpli_theta_C3_T7,0.0010484475223836286
torres_torres,svm,wpli_theta_C3_T7,0.0
torres_torres,random_forest,wpli_alpha_C3_T7,0.0019718707102191766
torres_torres,svm,wpli_alpha_C3_T7,0.0
torres_torres,random_forest,wpli_beta_C3_T7,0.0002887076399776003
torres_torres,svm,wpli_beta_C3_T7,0.0
torres_torres,random_forest,wpli_gamma_C3_T7,0.0014792234931581259
torres_torres,svm,wpli_gamma_C3_T7,0.0
torres_torres,random_forest,wpli_delta_C4_T7,0.0005800766008829734
torres_torres,svm,wpli_delta_C4_T7,0.0
torres_torres,random_forest,wpli_theta_C4_T7,0.0011185698225848293
torres_torres,svm,wpli_theta_C4_T7,0.0
torres_torres,random_forest,wpli_alpha_C4_T7,0.02533079915646888
torres_torres,svm,wpli_alpha_C4_T7,0.0
torres_torres,random_forest,wpli_beta_C4_T7,0.0002895532890741629
torres_torres,svm,wpli_beta_C4_T7,0.0
torres_torres,random_forest,wpli_gamma_C4_T7,0.0
torres_torres,svm,wpli_gamma_C4_T7,0.0
torres_torres,random_forest,wpli_delta_F3_T7,0.002664769962868439
torres_torres,svm,wpli_delta_F3_T7,0.0
torres_torres,random_forest,wpli_theta_F3_T7,0.0009948028437555705
torres_torres,svm,wpli_theta_F3_T7,0.0
torres_torres,random_forest,wpli_alpha_F3_T7,0.0013319239566440334
torres_torres,svm,wpli_alpha_F3_T7,0.0
torres_torres,random_forest,wpli_beta_F3_T7,0.0028647936511099125
torres_torres,svm,wpli_beta_F3_T7,0.0
torres_torres,random_forest,wpli_gamma_F3_T7,6.1489890417716e-05
torres_torres,svm,wpli_gamma_F3_T7,0.0
torres_torres,random_forest,wpli_delta_F4_T7,0.00357429023096266
torres_torres,svm,wpli_delta_F4_T7,0.0
torres_torres,random_forest,wpli_theta_F4_T7,0.002385231500485972
torres_torres,svm,wpli_theta_F4_T7,0.0
torres_torres,random_forest,wpli_alpha_F4_T7,0.0022097205574149424
torres_torres,svm,wpli_alpha_F4_T7,0.0
torres_torres,random_forest,wpli_beta_F4_T7,0.0025077711862098386
torres_torres,svm,wpli_beta_F4_T7,0.0
torres_torres,random_forest,wpli_gamma_F4_T7,0.002160358486281683
torres_torres,svm,wpli_gamma_F4_T7,0.0
torres_torres,random_forest,wpli_delta_F7_T7,0.00121800239057704
torres_torres,svm,wpli_delta_F7_T7,0.0
torres_torres,random_forest,wpli_theta_F7_T7,0.0003238418953045977
torres_torres,svm,wpli_theta_F7_T7,0.0
torres_torres,random_forest,wpli_alpha_F7_T7,0.0006215568249740249
torres_torres,svm,wpli_alpha_F7_T7,0.0
torres_torres,random_forest,wpli_beta_F7_T7,0.0020534699101093885
torres_torres,svm,wpli_beta_F7_T7,0.0
torres_torres,random_forest,wpli_gamma_F7_T7,0.0011805952365892592
torres_torres,svm,wpli_gamma_F7_T7,0.0
torres_torres,random_forest,wpli_delta_F8_T7,0.0028303845470379362
torres_torres,svm,wpli_delta_F8_T7,0.0
torres_torres,random_forest,wpli_theta_F8_T7,0.0014256998645958202
torres_torres,svm,wpli_theta_F8_T7,0.0
torres_torres,random_forest,wpli_alpha_F8_T7,0.005634606186391416
torres_torres,svm,wpli_alpha_F8_T7,0.0
torres_torres,random_forest,wpli_beta_F8_T7,0.0034878382297365753
torres_torres,svm,wpli_beta_F8_T7,0.0
torres_torres,random_forest,wpli_gamma_F8_T7,0.0013159198738085707
torres_torres,svm,wpli_gamma_F8_T7,0.0
torres_torres,random_forest,wpli_delta_Fp1_T7,0.0022151953870344207
torres_torres,svm,wpli_delta_Fp1_T7,0.0
torres_torres,random_forest,wpli_theta_Fp1_T7,0.002320928063324211
torres_torres,svm,wpli_theta_Fp1_T7,0.0
torres_torres,random_forest,wpli_alpha_Fp1_T7,0.0016447798801613033
torres_torres,svm,wpli_alpha_Fp1_T7,0.0
torres_torres,random_forest,wpli_beta_Fp1_T7,0.0010325886433468086
torres_torres,svm,wpli_beta_Fp1_T7,0.0
torres_torres,random_forest,wpli_gamma_Fp1_T7,0.0009257549127897142
torres_torres,svm,wpli_gamma_Fp1_T7,0.0
torres_torres,random_forest,wpli_delta_Fp2_T7,0.0005967831261503964
torres_torres,svm,wpli_delta_Fp2_T7,0.0
torres_torres,random_forest,wpli_theta_Fp2_T7,0.0015003028721250636
torres_torres,svm,wpli_theta_Fp2_T7,0.0
torres_torres,random_forest,wpli_alpha_Fp2_T7,0.0011165709856806698
torres_torres,svm,wpli_alpha_Fp2_T7,0.0
torres_torres,random_forest,wpli_beta_Fp2_T7,2.3045097217993614e-18
torres_torres,svm,wpli_beta_Fp2_T7,0.0
torres_torres,random_forest,wpli_gamma_Fp2_T7,0.001328856818656375
torres_torres,svm,wpli_gamma_Fp2_T7,0.0
torres_torres,random_forest,wpli_delta_Fz_T7,0.0004582078067522918
torres_torres,svm,wpli_delta_Fz_T7,0.0
torres_torres,random_forest,wpli_theta_Fz_T7,0.0002747122086603793
torres_torres,svm,wpli_theta_Fz_T7,0.0
torres_torres,random_forest,wpli_alpha_Fz_T7,0.001977476692746103
torres_torres,svm,wpli_alpha_Fz_T7,0.0
torres_torres,random_forest,wpli_beta_Fz_T7,0.0003262495572837938
torres_torres,svm,wpli_beta_Fz_T7,0.0
torres_torres,random_forest,wpli_gamma_Fz_T7,0.001847696550327043
torres_torres,svm,wpli_gamma_Fz_T7,0.0
torres_torres,random_forest,wpli_delta_P7_T7,0.0012801858172837848
torres_torres,svm,wpli_delta_P7_T7,0.0
torres_torres,random_forest,wpli_theta_P7_T7,0.002956154410343466
torres_torres,svm,wpli_theta_P7_T7,0.0
torres_torres,random_forest,wpli_alpha_P7_T7,0.0007841422970988481
torres_torres,svm,wpli_alpha_P7_T7,0.0
torres_torres,random_forest,wpli_beta_P7_T7,0.008763846963095992
torres_torres,svm,wpli_beta_P7_T7,0.0
torres_torres,random_forest,wpli_gamma_P7_T7,0.002322436672758152
torres_torres,svm,wpli_gamma_P7_T7,0.0
torres_torres,random_forest,wpli_delta_P8_T7,0.0036433133825683494
torres_torres,svm,wpli_delta_P8_T7,0.0
torres_torres,random_forest,wpli_theta_P8_T7,0.009223710274143721
torres_torres,svm,wpli_theta_P8_T7,0.0
torres_torres,random_forest,wpli_alpha_P8_T7,0.0009118842338309453
torres_torres,svm,wpli_alpha_P8_T7,0.0
torres_torres,random_forest,wpli_beta_P8_T7,0.011069243885116231
torres_torres,svm,wpli_beta_P8_T7,0.0
torres_torres,random_forest,wpli_gamma_P8_T7,0.006696980497447924
torres_torres,svm,wpli_gamma_P8_T7,0.0
torres_torres,random_forest,wpli_delta_C3_T8,0.0005637086711584227
torres_torres,svm,wpli_delta_C3_T8,0.0
torres_torres,random_forest,wpli_theta_C3_T8,0.010025096941933436
torres_torres,svm,wpli_theta_C3_T8,0.0
torres_torres,random_forest,wpli_alpha_C3_T8,0.0012585851270310894
torres_torres,svm,wpli_alpha_C3_T8,0.0
torres_torres,random_forest,wpli_beta_C3_T8,0.0008247953439198576
torres_torres,svm,wpli_beta_C3_T8,0.0
torres_torres,random_forest,wpli_gamma_C3_T8,0.000552065663160788
torres_torres,svm,wpli_gamma_C3_T8,0.0
torres_torres,random_forest,wpli_delta_C4_T8,1.050076289217587e-17
torres_torres,svm,wpli_delta_C4_T8,0.0
torres_torres,random_forest,wpli_theta_C4_T8,0.0
torres_torres,svm,wpli_theta_C4_T8,0.0
torres_torres,random_forest,wpli_alpha_C4_T8,0.0027385735431306357
torres_torres,svm,wpli_alpha_C4_T8,0.0
torres_torres,random_forest,wpli_beta_C4_T8,0.0007015332761247769
torres_torres,svm,wpli_beta_C4_T8,0.0
torres_torres,random_forest,wpli_gamma_C4_T8,0.0007557746688873522
torres_torres,svm,wpli_gamma_C4_T8,0.0
torres_torres,random_forest,wpli_delta_F3_T8,0.0017310173717954974
torres_torres,svm,wpli_delta_F3_T8,0.0
torres_torres,random_forest,wpli_theta_F3_T8,0.0078064014354717005
torres_torres,svm,wpli_theta_F3_T8,0.0
torres_torres,random_forest,wpli_alpha_F3_T8,0.0017274267574465946
torres_torres,svm,wpli_alpha_F3_T8,0.0
torres_torres,random_forest,wpli_beta_F3_T8,0.0010579680776942003
torres_torres,svm,wpli_beta_F3_T8,0.0
torres_torres,random_forest,wpli_gamma_F3_T8,0.003575488346275058
torres_torres,svm,wpli_gamma_F3_T8,0.0
torres_torres,random_forest,wpli_delta_F4_T8,0.002100695474864368
torres_torres,svm,wpli_delta_F4_T8,0.0
torres_torres,random_forest,wpli_theta_F4_T8,0.001484805992544182
torres_torres,svm,wpli_theta_F4_T8,0.0
torres_torres,random_forest,wpli_alpha_F4_T8,0.0005715862180766628
torres_torres,svm,wpli_alpha_F4_T8,0.0
torres_torres,random_forest,wpli_beta_F4_T8,0.00431168942675072
torres_torres,svm,wpli_beta_F4_T8,0.0
torres_torres,random_forest,wpli_gamma_F4_T8,0.0028028577231771754
torres_torres,svm,wpli_gamma_F4_T8,0.0
torres_torres,random_forest,wpli_delta_F7_T8,0.003546832953135506
torres_torres,svm,wpli_delta_F7_T8,0.0
torres_torres,random_forest,wpli_theta_F7_T8,0.00012316498274932245
torres_torres,svm,wpli_theta_F7_T8,0.0
torres_torres,random_forest,wpli_alpha_F7_T8,0.000459663937310087
torres_torres,svm,wpli_alpha_F7_T8,0.0
torres_torres,random_forest,wpli_beta_F7_T8,0.007818135518922137
torres_torres,svm,wpli_beta_F7_T8,0.0
torres_torres,random_forest,wpli_gamma_F7_T8,0.0019512034854231527
torres_torres,svm,wpli_gamma_F7_T8,0.0
torres_torres,random_forest,wpli_delta_F8_T8,0.0003704428199156481
torres_torres,svm,wpli_delta_F8_T8,0.0
torres_torres,random_forest,wpli_theta_F8_T8,0.0003005705994752455
torres_torres,svm,wpli_theta_F8_T8,0.0
torres_torres,random_forest,wpli_alpha_F8_T8,5.287828371611057e-18
torres_torres,svm,wpli_alpha_F8_T8,0.0
torres_torres,random_forest,wpli_beta_F8_T8,0.006432162231441887
torres_torres,svm,wpli_beta_F8_T8,0.0
torres_torres,random_forest,wpli_gamma_F8_T8,0.0009206008879343408
torres_torres,svm,wpli_gamma_F8_T8,0.0
torres_torres,random_forest,wpli_delta_Fp1_T8,0.0004544350980481646
torres_torres,svm,wpli_delta_Fp1_T8,0.0
torres_torres,random_forest,wpli_theta_Fp1_T8,0.0023564856469610674
torres_torres,svm,wpli_theta_Fp1_T8,0.0
torres_torres,random_forest,wpli_alpha_Fp1_T8,0.00022339013307899912
torres_torres,svm,wpli_alpha_Fp1_T8,0.0
torres_torres,random_forest,wpli_beta_Fp1_T8,0.0037886589281047943
torres_torres,svm,wpli_beta_Fp1_T8,0.0
torres_torres,random_forest,wpli_gamma_Fp1_T8,0.0005022966553891102
torres_torres,svm,wpli_gamma_Fp1_T8,0.0
torres_torres,random_forest,wpli_delta_Fp2_T8,0.0014071041620039501
torres_torres,svm,wpli_delta_Fp2_T8,0.0
torres_torres,random_forest,wpli_theta_Fp2_T8,0.001197514248224378
torres_torres,svm,wpli_theta_Fp2_T8,0.0
torres_torres,random_forest,wpli_alpha_Fp2_T8,0.0014887765399886404
torres_torres,svm,wpli_alpha_Fp2_T8,0.0
torres_torres,random_forest,wpli_beta_Fp2_T8,0.005058798265026417
torres_torres,svm,wpli_beta_Fp2_T8,0.0
torres_torres,random_forest,wpli_gamma_Fp2_T8,0.0020123281217618787
torres_torres,svm,wpli_gamma_Fp2_T8,0.0
torres_torres,random_forest,wpli_delta_Fz_T8,0.002838489407405728
torres_torres,svm,wpli_delta_Fz_T8,0.0
torres_torres,random_forest,wpli_theta_Fz_T8,0.0010580585312097482
torres_torres,svm,wpli_theta_Fz_T8,0.0
torres_torres,random_forest,wpli_alpha_Fz_T8,0.0031182886140671434
torres_torres,svm,wpli_alpha_Fz_T8,0.0
torres_torres,random_forest,wpli_beta_Fz_T8,0.0007909325601884718
torres_torres,svm,wpli_beta_Fz_T8,0.0
torres_torres,random_forest,wpli_gamma_Fz_T8,0.0007813132833268784
torres_torres,svm,wpli_gamma_Fz_T8,0.0
torres_torres,random_forest,wpli_delta_P7_T8,3.0747983091285647e-05
torres_torres,svm,wpli_delta_P7_T8,0.0
torres_torres,random_forest,wpli_theta_P7_T8,0.010670645136670022
torres_torres,svm,wpli_theta_P7_T8,0.0
torres_torres,random_forest,wpli_alpha_P7_T8,0.004697615653345622
torres_torres,svm,wpli_alpha_P7_T8,0.0
torres_torres,random_forest,wpli_beta_P7_T8,0.0019315754355825722
torres_torres,svm,wpli_beta_P7_T8,0.0
torres_torres,random_forest,wpli_gamma_P7_T8,0.00036244118560826023
torres_torres,svm,wpli_gamma_P7_T8,0.0
torres_torres,random_forest,wpli_delta_P8_T8,0.004427110051695425
torres_torres,svm,wpli_delta_P8_T8,0.0
torres_torres,random_forest,wpli_theta_P8_T8,0.0035240448733266216
torres_torres,svm,wpli_theta_P8_T8,0.0
torres_torres,random_forest,wpli_alpha_P8_T8,0.0
torres_torres,svm,wpli_alpha_P8_T8,0.0
torres_torres,random_forest,wpli_beta_P8_T8,0.0015407400742106718
torres_torres,svm,wpli_beta_P8_T8,0.0
torres_torres,random_forest,wpli_gamma_P8_T8,0.005430383852537996
torres_torres,svm,wpli_gamma_P8_T8,0.0
torres_torres,random_forest,wpli_delta_T7_T8,0.0005213921939110439
torres_torres,svm,wpli_delta_T7_T8,0.0
torres_torres,random_forest,wpli_theta_T7_T8,0.004238767017373709
torres_torres,svm,wpli_theta_T7_T8,0.0
torres_torres,random_forest,wpli_alpha_T7_T8,0.0026610683777010956
torres_torres,svm,wpli_alpha_T7_T8,0.0
torres_torres,random_forest,wpli_beta_T7_T8,0.045711452203614424
torres_torres,svm,wpli_beta_T7_T8,0.0
torres_torres,random_forest,wpli_gamma_T7_T8,0.004647451785255931
torres_torres,svm,wpli_gamma_T7_T8,0.0
torres_torres,random_forest,plzc_C3,0.0
torres_torres,svm,plzc_C3,0.0
torres_torres,random_forest,plzc_C4,0.0
torres_torres,svm,plzc_C4,0.0
torres_torres,random_forest,plzc_F3,0.00043270741224514346
torres_torres,svm,plzc_F3,0.0
torres_torres,random_forest,plzc_F4,1.3309825454278726e-17
torres_torres,svm,plzc_F4,0.0
torres_torres,random_forest,plzc_F7,1.923394222945431e-18
torres_torres,svm,plzc_F7,0.0
torres_torres,random_forest,plzc_F8,0.0010055213817032167
torres_torres,svm,plzc_F8,0.0
torres_torres,random_forest,plzc_Fp1,4.35121631600106e-19
torres_torres,svm,plzc_Fp1,0.0
torres_torres,random_forest,plzc_Fp2,1.8744780937372665e-19
torres_torres,svm,plzc_Fp2,0.0
torres_torres,random_forest,plzc_Fz,0.001304789694771837
torres_torres,svm,plzc_Fz,0.0
torres_torres,random_forest,plzc_P7,1.5718628209216283e-18
torres_torres,svm,plzc_P7,0.0
torres_torres,random_forest,plzc_P8,0.0
torres_torres,svm,plzc_P8,0.0
torres_torres,random_forest,plzc_T7,8.142981198405483e-19
torres_torres,svm,plzc_T7,0.0
torres_torres,random_forest,plzc_T8,0.0
torres_torres,svm,plzc_T8,0.0
ibarra_zarate,random_forest,power_delta_C3,2.263578522451047e-17
ibarra_zarate,svm,power_delta_C3,0.002860332676391486
ibarra_zarate,random_forest,power_theta_C3,3.709709719096005e-17
ibarra_zarate,svm,power_theta_C3,0.001279277713218918
ibarra_zarate,random_forest,power_alpha_C3,1.4302655817901888e-18
ibarra_zarate,svm,power_alpha_C3,0.0004554124532621828
ibarra_zarate,random_forest,power_beta_C3,1.938603664400092e-05
ibarra_zarate,svm,power_beta_C3,-0.00028380948628651257
ibarra_zarate,random_forest,power_gamma_C3,4.880294380150289e-05
ibarra_zarate,svm,power_gamma_C3,0.00017190062571115217
ibarra_zarate,random_forest,power_delta_C4,1.5856363602049238e-17
ibarra_zarate,svm,power_delta_C4,0.0013265296844774065
ibarra_zarate,random_forest,power_theta_C4,4.725438649615032e-17
ibarra_zarate,svm,power_theta_C4,0.00040700231892393246
ibarra_zarate,random_forest,power_alpha_C4,3.955350629206478e-18
ibarra_zarate,svm,power_alpha_C4,0.00010783905386518855
ibarra_zarate,random_forest,power_beta_C4,0.0005946703826972577
ibarra_zarate,svm,power_beta_C4,-0.00030874246436325415
ibarra_zarate,random_forest,power_gamma_C4,1.3305127630756055e-17
ibarra_zarate,svm,power_gamma_C4,0.002593332790692482
ibarra_zarate,random_forest,power_delta_F3,7.70506811967168e-06
ibarra_zarate,svm,power_delta_F3,0.00016465398849717648
ibarra_zarate,random_forest,power_theta_F3,1.0234724911582716e-15
ibarra_zarate,svm,power_theta_F3,-0.00014001866915587248
ibarra_zarate,random_forest,power_alpha_F3,3.485370202546323e-18
ibarra_zarate,svm,power_alpha_F3,-6.000800106681359e-05
ibarra_zarate,random_forest,power_beta_F3,3.178636984937191e-19
ibarra_zarate,svm,power_beta_F3,-0.0006800906787572059
ibarra_zarate,random_forest,power_gamma_F3,0.0006002396368885082
ibarra_zarate,svm,power_gamma_F3,-0.0002542438558907456
ibarra_zarate,random_forest,power_delta_F4,1.502491000228206e-16
ibarra_zarate,svm,power_delta_F4,0.0018407919757266523
ibarra_zarate,random_forest,power_theta_F4,1.2884502598694114e-17
ibarra_zarate,svm,power_theta_F4,0.0005809378479901484
ibarra_zarate,random_forest,power_alpha_F4,4.352910184176253e-17
ibarra_zarate,svm,power_alpha_F4,0.00031365653948666193
ibarra_zarate,random_forest,power_beta_F4,0.0011349927176256406
ibarra_zarate,svm,power_beta_F4,-0.00020032432895814579
ibarra_zarate,random_forest,power_gamma_F4,8.879367232785597e-17
ibarra_zarate,svm,power_gamma_F4,-3.451217738124068e-05
ibarra_zarate,random_forest,power_delta_F7,0.0
ibarra_zarate,svm,power_delta_F7,0.00022176658186462417
ibarra_zarate,random_forest,power_theta_F7,1.0266665481731074e-15
ibarra_zarate,svm,power_theta_F7,9.334577943724831e-05
ibarra_zarate,random_forest,power_alpha_F7,1.3634526585593164e-17
ibarra_zarate,svm,power_alpha_F7,-6.667555674090275e-05
ibarra_zarate,random_forest,power_beta_F7,1.3239337005064832e-05
ibarra_zarate,svm,power_beta_F7,-0.0002933724496599899
ibarra_zarate,random_forest,power_gamma_F7,4.348687696700877e-17
ibarra_zarate,svm,power_gamma_F7,-0.0003600480064009148
ibarra_zarate,random_forest,power_delta_F8,7.790252848360175e-17
ibarra_zarate,svm,power_delta_F8,0.0006160128709802315
ibarra_zarate,random_forest,power_theta_F8,1.0230149252674285e-17
ibarra_zarate,svm,power_theta_F8,0.0006090638925017267
ibarra_zarate,random_forest,power_alpha_F8,4.55624508139999e-06
ibarra_zarate,svm,power_alpha_F8,-0.00010610180924556235
ibarra_zarate,random_forest,power_beta_F8,0.0006277275432650717
ibarra_zarate,svm,power_beta_F8,-0.0002133617815709088
ibarra_zarate,random_forest,power_gamma_F8,8.540266728111509e-16
ibarra_zarate,svm,power_gamma_F8,1.333511134817833e-05
ibarra_zarate,random_forest,power_delta_Fp1,6.569097743249641e-16
ibarra_zarate,svm,power_delta_Fp1,7.2466372139756706e-06
ibarra_zarate,random_forest,power_theta_Fp1,1.6775081078144475e-19
ibarra_zarate,svm,power_theta_Fp1,0.00016233766233768597
ibarra_zarate,random_forest,power_alpha_Fp1,1.0669667304244029e-15
ibarra_zarate,svm,power_alpha_Fp1,6.667555674089165e-06
ibarra_zarate,random_forest,power_beta_Fp1,0.015481271652580106
ibarra_zarate,svm,power_beta_Fp1,-0.0004000533404454498
ibarra_zarate,random_forest,power_gamma_Fp1,0.009811642712939727
ibarra_zarate,svm,power_gamma_Fp1,-0.0005400720096013333
ibarra_zarate,random_forest,power_delta_Fp2,3.005588178620181e-05
ibarra_zarate,svm,power_delta_Fp2,0.0007142889614719427
ibarra_zarate,random_forest,power_theta_Fp2,8.413053400654622e-17
ibarra_zarate,svm,power_theta_Fp2,0.00017625185522575083
ibarra_zarate,random_forest,power_alpha_Fp2,1.2857335059154456e-06
ibarra_zarate,svm,power_alpha_Fp2,-8.001066808908109e-05
ibarra_zarate,random_forest,power_beta_Fp2,0.0033323066993908496
ibarra_zarate,svm,power_beta_Fp2,-0.00026003467128954405
ibarra_zarate,random_forest,power_gamma_Fp2,0.0005363968839279072
ibarra_zarate,svm,power_gamma_Fp2,-0.000293372449660001
ibarra_zarate,random_forest,power_delta_Fz,0.0003890521657850282
ibarra_zarate,svm,power_delta_Fz,0.0007105168134972417
ibarra_zarate,random_forest,power_theta_Fz,2.574506367566498e-19
ibarra_zarate,svm,power_theta_Fz,2.7828385776118568e-05
ibarra_zarate,random_forest,power_alpha_Fz,1.6149305433524753e-16
ibarra_zarate,svm,power_alpha_Fz,-4.667288971862416e-05
ibarra_zarate,random_forest,power_beta_Fz,1.1308251092458484e-05
ibarra_zarate,svm,power_beta_Fz,-0.00025278803407556837
ibarra_zarate,random_forest,power_gamma_Fz,8.317217305863729e-17
ibarra_zarate,svm,power_gamma_Fz,-0.00010378548308609403
ibarra_zarate,random_forest,power_delta_P7,3.458085236862503e-18
ibarra_zarate,svm,power_delta_P7,0.004499956054746734
ibarra_zarate,random_forest,power_theta_P7,7.640431913159372e-06
ibarra_zarate,svm,power_theta_P7,0.0005499163957791931
ibarra_zarate,random_forest,power_alpha_P7,7.740345083629878e-18
ibarra_zarate,svm,power_alpha_P7,0.00019074512965369105
ibarra_zarate,random_forest,power_beta_P7,1.7221602784453524e-16
ibarra_zarate,svm,power_beta_P7,-0.00022553872983933633
ibarra_zarate,random_forest,power_gamma_P7,0.000548562958994996
ibarra_zarate,svm,power_gamma_P7,0.002641477738157305
ibarra_zarate,random_forest,power_delta_P8,7.873358026482547e-17
ibarra_zarate,svm,power_delta_P8,0.00702777145177802
ibarra_zarate,random_forest,power_theta_P8,8.964226222974984e-16
ibarra_zarate,svm,power_theta_P8,0.0009050340911255673
ibarra_zarate,random_forest,power_alpha_P8,1.3049511815477315e-17
ibarra_zarate,svm,power_alpha_P8,0.00045657061634192254
ibarra_zarate,random_forest,power_beta_P8,6.893794369803745e-18
ibarra_zarate,svm,power_beta_P8,-0.0003061284794683039
ibarra_zarate,random_forest,power_gamma_P8,3.910133139419838e-16
ibarra_zarate,svm,power_gamma_P8,0.00011798109877854124
ibarra_zarate,random_forest,power_delta_T7,3.491081731351972e-17
ibarra_zarate,svm,power_delta_T7,0.0052626389146258725
ibarra_zarate,random_forest,power_theta_T7,9.815750138460742e-17
ibarra_zarate,svm,power_theta_T7,0.0004429540821893396
ibarra_zarate,random_forest,power_alpha_T7,1.4670643472228396e-16
ibarra_zarate,svm,power_alpha_T7,0.0005945706180737864
ibarra_zarate,random_forest,power_beta_T7,0.00018497998285442428
ibarra_zarate,svm,power_beta_T7,-0.00028003733831183375
ibarra_zarate,random_forest,power_gamma_T7,3.745476058522524e-05
ibarra_zarate,svm,power_gamma_T7,-0.00032004267235636875
ibarra_zarate,random_forest,power_delta_T8,2.968383979327058e-16
ibarra_zarate,svm,power_delta_T8,0.0022193868273345575
ibarra_zarate,random_forest,power_theta_T8,5.7010099451220026e-18
ibarra_zarate,svm,power_theta_T8,2.1160830102040505e-05
ibarra_zarate,random_forest,power_alpha_T8,9.014342048244058e-16
ibarra_zarate,svm,power_alpha_T8,-0.00024003200426726546
ibarra_zarate,random_forest,power_beta_T8,3.4311742635105844e-18
ibarra_zarate,svm,power_beta_T8,0.00041338845179362816
ibarra_zarate,random_forest,power_gamma_T8,7.670718794604216e-05
ibarra_zarate,svm,power_gamma_T8,0.0012201626883584283
ibarra_zarate,random_forest,wpli_delta_C3_C4,0.0030025357923254147
ibarra_zarate,svm,wpli_delta_C3_C4,0.0006134151220162698
ibarra_zarate,random_forest,wpli_theta_C3_C4,0.0016002373902990557
ibarra_zarate,svm,wpli_theta_C3_C4,0.0017402320309374165
ibarra_zarate,random_forest,wpli_alpha_C3_C4,0.0006954484828477818
ibarra_zarate,svm,wpli_alpha_C3_C4,0.00013335111348179441
ibarra_zarate,random_forest,wpli_beta_C3_C4,0.0022990813810940614
ibarra_zarate,svm,wpli_beta_C3_C4,-0.00037338311774907094
ibarra_zarate,random_forest,wpli_gamma_C3_C4,0.004514987805342968
ibarra_zarate,svm,wpli_gamma_C3_C4,0.00021336178157087548
ibarra_zarate,random_forest,wpli_delta_C3_F3,0.00138299883891994
ibarra_zarate,svm,wpli_delta_C3_F3,-0.000153353780504073
ibarra_zarate,random_forest,wpli_theta_C3_F3,0.002209778820481308
ibarra_zarate,svm,wpli_theta_C3_F3,0.0006800906787572059
ibarra_zarate,random_forest,wpli_alpha_C3_F3,0.0
ibarra_zarate,svm,wpli_alpha_C3_F3,-6.667555674089165e-05
ibarra_zarate,random_forest,wpli_beta_C3_F3,0.008969269998246009
ibarra_zarate,svm,wpli_beta_C3_F3,-0.0004800640085345198
ibarra_zarate,random_forest,wpli_gamma_C3_F3,0.003858466137057697
ibarra_zarate,svm,wpli_gamma_C3_F3,0.00040005334044542764
ibarra_zarate,random_forest,wpli_delta_C4_F3,0.005443854853967844
ibarra_zarate,svm,wpli_delta_C4_F3,-0.00016002133617817326
ibarra_zarate,random_forest,wpli_theta_C4_F3,0.0026350071185127534
ibarra_zarate,svm,wpli_theta_C4_F3,-0.0001333511134817833
ibarra_zarate,random_forest,wpli_alpha_C4_F3,0.0018419255872053055
ibarra_zarate,svm,wpli_alpha_C4_F3,-0.0001733564475263627
ibarra_zarate,random_forest,wpli_beta_C4_F3,0.0010364818429516233
ibarra_zarate,svm,wpli_beta_C4_F3,-3.3337778370456925e-05
ibarra_zarate,random_forest,wpli_gamma_C4_F3,0.0012124163355295514
ibarra_zarate,svm,wpli_gamma_C4_F3,-7.334311241498081e-05
ibarra_zarate,random_forest,wpli_delta_C3_F4,0.002273523671655103
ibarra_zarate,svm,wpli_delta_C3_F4,0.0002466995599413324
ibarra_zarate,random_forest,wpli_theta_C3_F4,0.000683872523928351
ibarra_zarate,svm,wpli_theta_C3_F4,7.334311241499191e-05
ibarra_zarate,random_forest,wpli_alpha_C3_F4,0.00010290154684685225
ibarra_zarate,svm,wpli_alpha_C3_F4,-0.00026003467128953294
ibarra_zarate,random_forest,wpli_beta_C3_F4,0.0038136917044279094
ibarra_zarate,svm,wpli_beta_C3_F4,-0.0006534204560608492
ibarra_zarate,random_forest,wpli_gamma_C3_F4,0.0004268652486118719
ibarra_zarate,svm,wpli_gamma_C3_F4,0.00012001600213360498
ibarra_zarate,random_forest,wpli_delta_C4_F4,0.004056149502857523
ibarra_zarate,svm,wpli_delta_C4_F4,-0.00035338045072683675
ibarra_zarate,random_forest,wpli_theta_C4_F4,0.007879381561335292
ibarra_zarate,svm,wpli_theta_C4_F4,-0.0002867048939859007
ibarra_zarate,random_forest,wpli_alpha_C4_F4,0.0006530401103045331
ibarra_zarate,svm,wpli_alpha_C4_F4,0.0004933991198826981
ibarra_zarate,random_forest,wpli_beta_C4_F4,0.002435758373139048
ibarra_zarate,svm,wpli_beta_C4_F4,-0.00012668355780771635
ibarra_zarate,random_forest,wpli_gamma_C4_F4,0.0020772454968415234
ibarra_zarate,svm,wpli_gamma_C4_F4,-0.00014001866915588356
ibarra_zarate,random_forest,wpli_delta_F3_F4,0.0007052629854161966
ibarra_zarate,svm,wpli_delta_F3_F4,3.3337778370445825e-05
ibarra_zarate,random_forest,wpli_theta_F3_F4,0.003361988685481208
ibarra_zarate,svm,wpli_theta_F3_F4,4.000533404453499e-05
ibarra_zarate,random_forest,wpli_alpha_F3_F4,0.002832100780109229
ibarra_zarate,svm,wpli_alpha_F3_F4,-2.0002667022267494e-05
ibarra_zarate,random_forest,wpli_beta_F3_F4,0.004308659391228972
ibarra_zarate,svm,wpli_beta_F3_F4,-0.0002667022269636332
ibarra_zarate,random_forest,wpli_gamma_F3_F4,0.0036249061064426756
ibarra_zarate,svm,wpli_gamma_F3_F4,0.00011334844645952691
ibarra_zarate,random_forest,wpli_delta_C3_F7,0.01681959901890669
ibarra_zarate,svm,wpli_delta_C3_F7,-3.333777837046803e-05
ibarra_zarate,random_forest,wpli_theta_C3_F7,0.003347329080537347
ibarra_zarate,svm,wpli_theta_C3_F7,0.0001133484464595158
ibarra_zarate,random_forest,wpli_alpha_C3_F7,0.00081281944959649
ibarra_zarate,svm,wpli_alpha_C3_F7,-3.3337778370445825e-05
ibarra_zarate,random_forest,wpli_beta_C3_F7,0.0006788344076577099
ibarra_zarate,svm,wpli_beta_C3_F7,0.00010001333511134858
ibarra_zarate,random_forest,wpli_gamma_C3_F7,0.0029344345549064733
ibarra_zarate,svm,wpli_gamma_C3_F7,0.000446726230164074
ibarra_zarate,random_forest,wpli_delta_C4_F7,0.004876016359869667
ibarra_zarate,svm,wpli_delta_C4_F7,-2.0002667022267494e-05
ibarra_zarate,random_forest,wpli_theta_C4_F7,0.002598531602747298
ibarra_zarate,svm,wpli_theta_C4_F7,-0.000266702226963611
ibarra_zarate,random_forest,wpli_alpha_C4_F7,0.0005362831994507549
ibarra_zarate,svm,wpli_alpha_C4_F7,0.00042672356314180646
ibarra_zarate,random_forest,wpli_beta_C4_F7,0.0014886809719924859
ibarra_zarate,svm,wpli_beta_C4_F7,1.333511134817833e-05
ibarra_zarate,random_forest,wpli_gamma_C4_F7,0.0028987460257358117
ibarra_zarate,svm,wpli_gamma_C4_F7,-0.00046006134151224123
ibarra_zarate,random_forest,wpli_delta_F3_F7,0.002873095697294214
ibarra_zarate,svm,wpli_delta_F3_F7,2.667022269635666e-05
ibarra_zarate,random_forest,wpli_theta_F3_F7,0.009388192867402589
ibarra_zarate,svm,wpli_theta_F3_F7,-0.00024003200426728766
ibarra_zarate,random_forest,wpli_alpha_F3_F7,0.004964609645349022
ibarra_zarate,svm,wpli_alpha_F3_F7,-0.000686758234431295
ibarra_zarate,random_forest,wpli_beta_F3_F7,0.003288082820579863
ibarra_zarate,svm,wpli_beta_F3_F7,0.00014001866915589468
ibarra_zarate,random_forest,wpli_gamma_F3_F7,0.0006675490809147861
ibarra_zarate,svm,wpli_gamma_F3_F7,0.0005934124549940245
ibarra_zarate,random_forest,wpli_delta_F4_F7,0.003448322646822087
ibarra_zarate,svm,wpli_delta_F4_F7,0.0002867048939859007
ibarra_zarate,random_forest,wpli_theta_F4_F7,0.006028998178549761
ibarra_zarate,svm,wpli_theta_F4_F7,-0.0002867048939859118
ibarra_zarate,random_forest,wpli_alpha_F4_F7,0.003464352942158768
ibarra_zarate,svm,wpli_alpha_F4_F7,0.00014668622482997274
ibarra_zarate,random_forest,wpli_beta_F4_F7,0.0008542543182698064
ibarra_zarate,svm,wpli_beta_F4_F7,0.0002600346712895218
ibarra_zarate,random_forest,wpli_gamma_F4_F7,7.586222807036781e-05
ibarra_zarate,svm,wpli_gamma_F4_F7,-0.0001733564475263516
ibarra_zarate,random_forest,wpli_delta_C3_F8,0.0004685446781565442
ibarra_zarate,svm,wpli_delta_C3_F8,-2.667022269635666e-05
ibarra_zarate,random_forest,wpli_theta_C3_F8,0.005719593878499867
ibarra_zarate,svm,wpli_theta_C3_F8,-6.667555674089165e-06
ibarra_zarate,random_forest,wpli_alpha_C3_F8,0.00010264099241703522
ibarra_zarate,svm,wpli_alpha_C3_F8,-0.00014668622482997274
ibarra_zarate,random_forest,wpli_beta_C3_F8,1.6342913704229797e-05
ibarra_zarate,svm,wpli_beta_C3_F8,-0.0001733564475263405
ibarra_zarate,random_forest,wpli_gamma_C3_F8,9.678889310431779e-05
ibarra_zarate,svm,wpli_gamma_C3_F8,0.0004267235631417843
ibarra_zarate,random_forest,wpli_delta_C4_F8,0.0028470986989175663
ibarra_zarate,svm,wpli_delta_C4_F8,-5.334044539271332e-05
ibarra_zarate,random_forest,wpli_theta_C4_F8,0.0011699506356511336
ibarra_zarate,svm,wpli_theta_C4_F8,-0.00012001600213362718
ibarra_zarate,random_forest,wpli_alpha_C4_F8,0.001044356804583747
ibarra_zarate,svm,wpli_alpha_C4_F8,-0.00010668089078542664
ibarra_zarate,random_forest,wpli_beta_C4_F8,0.0013066013425748737
ibarra_zarate,svm,wpli_beta_C4_F8,0.0003067075610081571
ibarra_zarate,random_forest,wpli_gamma_C4_F8,0.0005976796767821817
ibarra_zarate,svm,wpli_gamma_C4_F8,-0.0001333511134817833
ibarra_zarate,random_forest,wpli_delta_F3_F8,0.00026490035923222056
ibarra_zarate,svm,wpli_delta_F3_F8,-0.0003933857847713496
ibarra_zarate,random_forest,wpli_theta_F3_F8,0.0006862695499476359
ibarra_zarate,svm,wpli_theta_F3_F8,3.3337778370445825e-05
ibarra_zarate,random_forest,wpli_alpha_F3_F8,0.011889106024000139
ibarra_zarate,svm,wpli_alpha_F3_F8,3.3337778370445825e-05
ibarra_zarate,random_forest,wpli_beta_F3_F8,0.0009584412196575773
ibarra_zarate,svm,wpli_beta_F3_F8,-0.0002133617815709088
ibarra_zarate,random_forest,wpli_gamma_F3_F8,0.0011378819293657249
ibarra_zarate,svm,wpli_gamma_F3_F8,0.0002600346712895218
ibarra_zarate,random_forest,wpli_delta_F4_F8,0.0013661369009499394
ibarra_zarate,svm,wpli_delta_F4_F8,9.334577943724831e-05
ibarra_zarate,random_forest,wpli_theta_F4_F8,0.0010544122471562744
ibarra_zarate,svm,wpli_theta_F4_F8,-0.0003800506734231712
ibarra_zarate,random_forest,wpli_alpha_F4_F8,0.0055809347685413955
ibarra_zarate,svm,wpli_alpha_F4_F8,-0.00010001333511134858
ibarra_zarate,random_forest,wpli_beta_F4_F8,0.00046965947164147483
ibarra_zarate,svm,wpli_beta_F4_F8,-7.334311241498081e-05
ibarra_zarate,random_forest,wpli_gamma_F4_F8,0.00012038730385037933
ibarra_zarate,svm,wpli_gamma_F4_F8,-5.3340445392724425e-05
ibarra_zarate,random_forest,wpli_delta_F7_F8,7.994921341903292e-06
ibarra_zarate,svm,wpli_delta_F7_F8,0.0006134151220163142
ibarra_zarate,random_forest,wpli_theta_F7_F8,0.005127090256872101
ibarra_zarate,svm,wpli_theta_F7_F8,-6.667555674089165e-06
ibarra_zarate,random_forest,wpli_alpha_F7_F8,0.00010887875797391369
ibarra_zarate,svm,wpli_alpha_F7_F8,-6.667555674089165e-06
ibarra_zarate,random_forest,wpli_beta_F7_F8,0.0015522288518110632
ibarra_zarate,svm,wpli_beta_F7_F8,-0.00024003200426726546
ibarra_zarate,random_forest,wpli_gamma_F7_F8,0.0015741225446147436
ibarra_zarate,svm,wpli_gamma_F7_F8,0.0009801306840912182
ibarra_zarate,random_forest,wpli_delta_C3_Fp1,0.004041420103447801
ibarra_zarate,svm,wpli_delta_C3_Fp1,-0.00016002133617816218
ibarra_zarate,random_forest,wpli_theta_C3_Fp1,0.0036128235256852486
ibarra_zarate,svm,wpli_theta_C3_Fp1,-0.00014001866915589468
ibarra_zarate,random_forest,wpli_alpha_C3_Fp1,0.001287324687132967
ibarra_zarate,svm,wpli_alpha_C3_Fp1,-0.0001333511134818055
ibarra_zarate,random_forest,wpli_beta_C3_Fp1,0.0010745350177245217
ibarra_zarate,svm,wpli_beta_C3_Fp1,-3.3337778370445825e-05
ibarra_zarate,random_forest,wpli_gamma_C3_Fp1,0.0013408976153895425
ibarra_zarate,svm,wpli_gamma_C3_Fp1,-9.334577943725941e-05
ibarra_zarate,random_forest,wpli_delta_C4_Fp1,0.007536442973951757
ibarra_zarate,svm,wpli_delta_C4_Fp1,-0.00026670222696364434
ibarra_zarate,random_forest,wpli_theta_C4_Fp1,0.02290056651087516
ibarra_zarate,svm,wpli_theta_C4_Fp1,-0.0001733564475263738
ibarra_zarate,random_forest,wpli_alpha_C4_Fp1,0.0002887056625479403
ibarra_zarate,svm,wpli_alpha_C4_Fp1,3.3337778370445825e-05
ibarra_zarate,random_forest,wpli_beta_C4_Fp1,0.0019544583345519994
ibarra_zarate,svm,wpli_beta_C4_Fp1,-8.001066808906998e-05
ibarra_zarate,random_forest,wpli_gamma_C4_Fp1,0.0010364546340266342
ibarra_zarate,svm,wpli_gamma_C4_Fp1,-7.334311241498081e-05
ibarra_zarate,random_forest,wpli_delta_F3_Fp1,0.002143249590849152
ibarra_zarate,svm,wpli_delta_F3_Fp1,7.334311241498081e-05
ibarra_zarate,random_forest,wpli_theta_F3_Fp1,0.005212926207073643
ibarra_zarate,svm,wpli_theta_F3_Fp1,-0.00037338311774908205
ibarra_zarate,random_forest,wpli_alpha_F3_Fp1,0.007664563466378878
ibarra_zarate,svm,wpli_alpha_F3_Fp1,-6.667555674089165e-06
ibarra_zarate,random_forest,wpli_beta_F3_Fp1,0.0010947975731506702
ibarra_zarate,svm,wpli_beta_F3_Fp1,-0.00010668089078542664
ibarra_zarate,random_forest,wpli_gamma_F3_Fp1,0.0002394913694592782
ibarra_zarate,svm,wpli_gamma_F3_Fp1,-0.00026670222696364434
ibarra_zarate,random_forest,wpli_delta_F4_Fp1,0.0020251616083359113
ibarra_zarate,svm,wpli_delta_F4_Fp1,-6.667555674089165e-06
ibarra_zarate,random_forest,wpli_theta_F4_Fp1,0.0107699252036266
ibarra_zarate,svm,wpli_theta_F4_Fp1,-0.000333377783704536
ibarra_zarate,random_forest,wpli_alpha_F4_Fp1,0.010693723802756959
ibarra_zarate,svm,wpli_alpha_F4_Fp1,0.00016002133617817326
ibarra_zarate,random_forest,wpli_beta_F4_Fp1,0.0005660008346688392
ibarra_zarate,svm,wpli_beta_F4_Fp1,-0.0001133484464595158
ibarra_zarate,random_forest,wpli_gamma_F4_Fp1,0.004053707832951058
ibarra_zarate,svm,wpli_gamma_F4_Fp1,-6.667555674089165e-06
ibarra_zarate,random_forest,wpli_delta_F7_Fp1,0.0004153052564270495
ibarra_zarate,svm,wpli_delta_F7_Fp1,-0.00010001333511133748
ibarra_zarate,random_forest,wpli_theta_F7_Fp1,0.002177435112737426
ibarra_zarate,svm,wpli_theta_F7_Fp1,-8.001066808906998e-05
ibarra_zarate,random_forest,wpli_alpha_F7_Fp1,0.0038626310863769608
ibarra_zarate,svm,wpli_alpha_F7_Fp1,0.000153353780504073
ibarra_zarate,random_forest,wpli_beta_F7_Fp1,0.0007594301465841375
ibarra_zarate,svm,wpli_beta_F7_Fp1,-8.001066808906998e-05
ibarra_zarate,random_forest,wpli_gamma_F7_Fp1,0.003096516172915052
ibarra_zarate,svm,wpli_gamma_F7_Fp1,-0.000486731564208609
ibarra_zarate,random_forest,wpli_delta_F8_Fp1,0.0002976228322630863
ibarra_zarate,svm,wpli_delta_F8_Fp1,-9.334577943725941e-05
ibarra_zarate,random_forest,wpli_theta_F8_Fp1,0.0006218746706670136
ibarra_zarate,svm,wpli_theta_F8_Fp1,-0.00022669689291909823
ibarra_zarate,random_forest,wpli_alpha_F8_Fp1,0.0020395521880986244
ibarra_zarate,svm,wpli_alpha_F8_Fp1,0.0002533671156154327
ibarra_zarate,random_forest,wpli_beta_F8_Fp1,0.0011983979082308453
ibarra_zarate,svm,wpli_beta_F8_Fp1,0.00036004800640089264
ibarra_zarate,random_forest,wpli_gamma_F8_Fp1,0.001341369984090237
ibarra_zarate,svm,wpli_gamma_F8_Fp1,-4.000533404453499e-05
ibarra_zarate,random_forest,wpli_delta_C3_Fp2,0.0012942359193589604
ibarra_zarate,svm,wpli_delta_C3_Fp2,-9.334577943725941e-05
ibarra_zarate,random_forest,wpli_theta_C3_Fp2,0.001180484323490019
ibarra_zarate,svm,wpli_theta_C3_Fp2,-0.00011334844645952691
ibarra_zarate,random_forest,wpli_alpha_C3_Fp2,0.0027820248572157425
ibarra_zarate,svm,wpli_alpha_C3_Fp2,-0.00032004267235635764
ibarra_zarate,random_forest,wpli_beta_C3_Fp2,0.0010447054876679593
ibarra_zarate,svm,wpli_beta_C3_Fp2,-0.0002133617815709088
ibarra_zarate,random_forest,wpli_gamma_C3_Fp2,0.002033385536340223
ibarra_zarate,svm,wpli_gamma_C3_Fp2,-0.00015335378050408411
ibarra_zarate,random_forest,wpli_delta_C4_Fp2,0.001865464614509964
ibarra_zarate,svm,wpli_delta_C4_Fp2,-0.0002933724496600121
ibarra_zarate,random_forest,wpli_theta_C4_Fp2,0.024763576753873105
ibarra_zarate,svm,wpli_theta_C4_Fp2,-0.00010668089078545995
ibarra_zarate,random_forest,wpli_alpha_C4_Fp2,0.004126526753241259
ibarra_zarate,svm,wpli_alpha_C4_Fp2,0.00028003733831180047
ibarra_zarate,random_forest,wpli_beta_C4_Fp2,0.0008046284848870726
ibarra_zarate,svm,wpli_beta_C4_Fp2,0.0001733564475263294
ibarra_zarate,random_forest,wpli_gamma_C4_Fp2,0.0015457915232285656
ibarra_zarate,svm,wpli_gamma_C4_Fp2,0.0003667155620749707
ibarra_zarate,random_forest,wpli_delta_F3_Fp2,0.0016351585923825907
ibarra_zarate,svm,wpli_delta_F3_Fp2,-8.001066808908109e-05
ibarra_zarate,random_forest,wpli_theta_F3_Fp2,0.0012902716082597119
ibarra_zarate,svm,wpli_theta_F3_Fp2,-5.3340445392724425e-05
ibarra_zarate,random_forest,wpli_alpha_F3_Fp2,0.005014241131991928
ibarra_zarate,svm,wpli_alpha_F3_Fp2,0.00016668889185224024
ibarra_zarate,random_forest,wpli_beta_F3_Fp2,0.0009970571353237739
ibarra_zarate,svm,wpli_beta_F3_Fp2,-0.00011334844645952691
ibarra_zarate,random_forest,wpli_gamma_F3_Fp2,0.0060146463890589676
ibarra_zarate,svm,wpli_gamma_F3_Fp2,-0.0003000400053341012
ibarra_zarate,random_forest,wpli_delta_F4_Fp2,0.002251964491843613
ibarra_zarate,svm,wpli_delta_F4_Fp2,-8.001066808908109e-05
ibarra_zarate,random_forest,wpli_theta_F4_Fp2,0.007057064836106159
ibarra_zarate,svm,wpli_theta_F4_Fp2,-0.0002867048939859118
ibarra_zarate,random_forest,wpli_alpha_F4_Fp2,0.01046922353248898
ibarra_zarate,svm,wpli_alpha_F4_Fp2,0.00030670756100816823
ibarra_zarate,random_forest,wpli_beta_F4_Fp2,0.0007027101813478477
ibarra_zarate,svm,wpli_beta_F4_Fp2,-0.0001133484464595158
ibarra_zarate,random_forest,wpli_gamma_F4_Fp2,0.0023782453014184277
ibarra_zarate,svm,wpli_gamma_F4_Fp2,6.000800106679138e-05
ibarra_zarate,random_forest,wpli_delta_F7_Fp2,0.0010251877870319122
ibarra_zarate,svm,wpli_delta_F7_Fp2,9.334577943724831e-05
ibarra_zarate,random_forest,wpli_theta_F7_Fp2,0.0008084643818994927
ibarra_zarate,svm,wpli_theta_F7_Fp2,7.334311241499191e-05
ibarra_zarate,random_forest,wpli_alpha_F7_Fp2,0.0026275953321291757
ibarra_zarate,svm,wpli_alpha_F7_Fp2,-5.3340445392724425e-05
ibarra_zarate,random_forest,wpli_beta_F7_Fp2,0.0010603800540980985
ibarra_zarate,svm,wpli_beta_F7_Fp2,6.667555674089165e-05
ibarra_zarate,random_forest,wpli_gamma_F7_Fp2,0.0038591956860034955
ibarra_zarate,svm,wpli_gamma_F7_Fp2,0.00020002667022270826
ibarra_zarate,random_forest,wpli_delta_F8_Fp2,0.0014009792079293384
ibarra_zarate,svm,wpli_delta_F8_Fp2,-0.00011334844645952691
ibarra_zarate,random_forest,wpli_theta_F8_Fp2,0.0018524026304472586
ibarra_zarate,svm,wpli_theta_F8_Fp2,-0.00029337244965997876
ibarra_zarate,random_forest,wpli_alpha_F8_Fp2,0.0006127366548861945
ibarra_zarate,svm,wpli_alpha_F8_Fp2,0.0003133751166822463
ibarra_zarate,random_forest,wpli_beta_F8_Fp2,0.002296873394388079
ibarra_zarate,svm,wpli_beta_F8_Fp2,0.000193359114548608
ibarra_zarate,random_forest,wpli_gamma_F8_Fp2,0.0025895772312336026
ibarra_zarate,svm,wpli_gamma_F8_Fp2,-4.000533404453499e-05
ibarra_zarate,random_forest,wpli_delta_Fp1_Fp2,0.0009629733150982484
ibarra_zarate,svm,wpli_delta_Fp1_Fp2,0.0002266968929190649
ibarra_zarate,random_forest,wpli_theta_Fp1_Fp2,0.01789015088065981
ibarra_zarate,svm,wpli_theta_Fp1_Fp2,-0.00014668622482999494
ibarra_zarate,random_forest,wpli_alpha_Fp1_Fp2,0.004259041273728307
ibarra_zarate,svm,wpli_alpha_Fp1_Fp2,9.334577943725941e-05
ibarra_zarate,random_forest,wpli_beta_Fp1_Fp2,0.00011561035346823893
ibarra_zarate,svm,wpli_beta_Fp1_Fp2,0.00048673156420858676
ibarra_zarate,random_forest,wpli_gamma_Fp1_Fp2,0.0010721052265882116
ibarra_zarate,svm,wpli_gamma_Fp1_Fp2,6.667555674089165e-06
ibarra_zarate,random_forest,wpli_delta_C3_Fz,1.601762529617285e-05
ibarra_zarate,svm,wpli_delta_C3_Fz,0.0
ibarra_zarate,random_forest,wpli_theta_C3_Fz,0.0010248589749528552
ibarra_zarate,svm,wpli_theta_C3_Fz,0.0003400453393786251
ibarra_zarate,random_forest,wpli_alpha_C3_Fz,0.001067143896695862
ibarra_zarate,svm,wpli_alpha_C3_Fz,-0.00016668889185226244
ibarra_zarate,random_forest,wpli_beta_C3_Fz,0.0038006960015795144
ibarra_zarate,svm,wpli_beta_C3_Fz,-0.0005400720096013333
ibarra_zarate,random_forest,wpli_gamma_C3_Fz,0.0020563594933109414
ibarra_zarate,svm,wpli_gamma_C3_Fz,0.00034004533937860294
ibarra_zarate,random_forest,wpli_delta_C4_Fz,0.003771699071881062
ibarra_zarate,svm,wpli_delta_C4_Fz,-0.00026003467128953294
ibarra_zarate,random_forest,wpli_theta_C4_Fz,0.003847479735385079
ibarra_zarate,svm,wpli_theta_C4_Fz,-0.00014668622482997274
ibarra_zarate,random_forest,wpli_alpha_C4_Fz,0.0016659835737421829
ibarra_zarate,svm,wpli_alpha_C4_Fz,0.00010001333511133748
ibarra_zarate,random_forest,wpli_beta_C4_Fz,0.0006713624005706628
ibarra_zarate,svm,wpli_beta_C4_Fz,-6.000800106680249e-05
ibarra_zarate,random_forest,wpli_gamma_C4_Fz,0.0012023187788178249
ibarra_zarate,svm,wpli_gamma_C4_Fz,0.0
ibarra_zarate,random_forest,wpli_delta_F3_Fz,0.0015994824253650914
ibarra_zarate,svm,wpli_delta_F3_Fz,7.334311241498081e-05
ibarra_zarate,random_forest,wpli_theta_F3_Fz,0.0005920617818938054
ibarra_zarate,svm,wpli_theta_F3_Fz,-8.667822376315915e-05
ibarra_zarate,random_forest,wpli_alpha_F3_Fz,0.0006584166257531307
ibarra_zarate,svm,wpli_alpha_F3_Fz,8.667822376315915e-05
ibarra_zarate,random_forest,wpli_beta_F3_Fz,0.0007972809199464261
ibarra_zarate,svm,wpli_beta_F3_Fz,3.3337778370445825e-05
ibarra_zarate,random_forest,wpli_gamma_F3_Fz,0.00011994449263117612
ibarra_zarate,svm,wpli_gamma_F3_Fz,0.00010001333511133748
ibarra_zarate,random_forest,wpli_delta_F4_Fz,0.0017706402587255548
ibarra_zarate,svm,wpli_delta_F4_Fz,-0.00012668355780771635
ibarra_zarate,random_forest,wpli_theta_F4_Fz,0.0020463938138321285
ibarra_zarate,svm,wpli_theta_F4_Fz,9.334577943724831e-05
ibarra_zarate,random_forest,wpli_alpha_F4_Fz,0.0011202386843970663
ibarra_zarate,svm,wpli_alpha_F4_Fz,8.001066808906998e-05
ibarra_zarate,random_forest,wpli_beta_F4_Fz,0.0010507343520510214
ibarra_zarate,svm,wpli_beta_F4_Fz,-0.0002133617815709088
ibarra_zarate,random_forest,wpli_gamma_F4_Fz,0.0008413253106180511
ibarra_zarate,svm,wpli_gamma_F4_Fz,0.0003467128950527032
ibarra_zarate,random_forest,wpli_delta_F7_Fz,0.0023160431804999278
ibarra_zarate,svm,wpli_delta_F7_Fz,0.0005534071209495117
ibarra_zarate,random_forest,wpli_theta_F7_Fz,0.009686430333707046
ibarra_zarate,svm,wpli_theta_F7_Fz,-0.0002466995599413435
ibarra_zarate,random_forest,wpli_alpha_F7_Fz,0.0013786072473375643
ibarra_zarate,svm,wpli_alpha_F7_Fz,0.0
ibarra_zarate,random_forest,wpli_beta_F7_Fz,0.005126542806673026
ibarra_zarate,svm,wpli_beta_F7_Fz,7.334311241498081e-05
ibarra_zarate,random_forest,wpli_gamma_F7_Fz,0.0004999117216423178
ibarra_zarate,svm,wpli_gamma_F7_Fz,0.00043339111881587347
ibarra_zarate,random_forest,wpli_delta_F8_Fz,0.0006672541949092093
ibarra_zarate,svm,wpli_delta_F8_Fz,-0.00012668355780771635
ibarra_zarate,random_forest,wpli_theta_F8_Fz,0.0005313131959165949
ibarra_zarate,svm,wpli_theta_F8_Fz,6.667555674089165e-06
ibarra_zarate,random_forest,wpli_alpha_F8_Fz,0.014334765127977222
ibarra_zarate,svm,wpli_alpha_F8_Fz,0.00018669155887454102
ibarra_zarate,random_forest,wpli_beta_F8_Fz,0.00022944018930617837
ibarra_zarate,svm,wpli_beta_F8_Fz,4.000533404453499e-05
ibarra_zarate,random_forest,wpli_gamma_F8_Fz,0.0008954551227647709
ibarra_zarate,svm,wpli_gamma_F8_Fz,-4.667288971862416e-05
ibarra_zarate,random_forest,wpli_delta_Fp1_Fz,0.006474028046153101
ibarra_zarate,svm,wpli_delta_Fp1_Fz,0.00018669155887451883
ibarra_zarate,random_forest,wpli_theta_Fp1_Fz,0.004871390251064132
ibarra_zarate,svm,wpli_theta_Fp1_Fz,-0.0003467128950527254
ibarra_zarate,random_forest,wpli_alpha_Fp1_Fz,0.01068129338494641
ibarra_zarate,svm,wpli_alpha_Fp1_Fz,-0.0004400586744899848
ibarra_zarate,random_forest,wpli_beta_Fp1_Fz,0.0008367564077413628
ibarra_zarate,svm,wpli_beta_Fp1_Fz,-7.334311241499191e-05
ibarra_zarate,random_forest,wpli_gamma_Fp1_Fz,0.0011923449617330876
ibarra_zarate,svm,wpli_gamma_Fp1_Fz,-0.00014001866915588356
ibarra_zarate,random_forest,wpli_delta_Fp2_Fz,0.0025424592924782287
ibarra_zarate,svm,wpli_delta_Fp2_Fz,-6.667555674090275e-05
ibarra_zarate,random_forest,wpli_theta_Fp2_Fz,0.004905667723708751
ibarra_zarate,svm,wpli_theta_Fp2_Fz,-0.0003867182290972604
ibarra_zarate,random_forest,wpli_alpha_Fp2_Fz,0.013172803214615723
ibarra_zarate,svm,wpli_alpha_Fp2_Fz,-6.0008001066835794e-05
ibarra_zarate,random_forest,wpli_beta_Fp2_Fz,0.005745320419528318
ibarra_zarate,svm,wpli_beta_Fp2_Fz,-0.0002466995599413657
ibarra_zarate,random_forest,wpli_gamma_Fp2_Fz,0.0010691973867263446
ibarra_zarate,svm,wpli_gamma_Fp2_Fz,-0.0001933591145486302
ibarra_zarate,random_forest,wpli_delta_C3_P7,0.0017574591264420153
ibarra_zarate,svm,wpli_delta_C3_P7,0.00012668355780769413
ibarra_zarate,random_forest,wpli_theta_C3_P7,0.0018128092765413817
ibarra_zarate,svm,wpli_theta_C3_P7,-0.00010001333511135967
ibarra_zarate,random_forest,wpli_alpha_C3_P7,0.0011474823065292616
ibarra_zarate,svm,wpli_alpha_C3_P7,6.667555674089165e-06
ibarra_zarate,random_forest,wpli_beta_C3_P7,0.0
ibarra_zarate,svm,wpli_beta_C3_P7,-0.0003667155620749929
ibarra_zarate,random_forest,wpli_gamma_C3_P7,0.007017985370478145
ibarra_zarate,svm,wpli_gamma_C3_P7,-0.00031337511668225735
ibarra_zarate,random_forest,wpli_delta_C4_P7,0.00011451873062795324
ibarra_zarate,svm,wpli_delta_C4_P7,-0.0001933591145486302
ibarra_zarate,random_forest,wpli_theta_C4_P7,0.0038568320882816846
ibarra_zarate,svm,wpli_theta_C4_P7,-0.00012001600213360498
ibarra_zarate,random_forest,wpli_alpha_C4_P7,0.0025844492836873756
ibarra_zarate,svm,wpli_alpha_C4_P7,2.0002667022267494e-05
ibarra_zarate,random_forest,wpli_beta_C4_P7,0.00047809981753050955
ibarra_zarate,svm,wpli_beta_C4_P7,3.3337778370445825e-05
ibarra_zarate,random_forest,wpli_gamma_C4_P7,0.010179234247599393
ibarra_zarate,svm,wpli_gamma_C4_P7,-0.0004533937858381742
ibarra_zarate,random_forest,wpli_delta_F3_P7,0.00019635868182049686
ibarra_zarate,svm,wpli_delta_F3_P7,-0.00024003200426728766
ibarra_zarate,random_forest,wpli_theta_F3_P7,0.001382271494453966
ibarra_zarate,svm,wpli_theta_F3_P7,0.0003000400053340457
ibarra_zarate,random_forest,wpli_alpha_F3_P7,0.0013567119578355522
ibarra_zarate,svm,wpli_alpha_F3_P7,-0.00016002133617815106
ibarra_zarate,random_forest,wpli_beta_F3_P7,0.0009984568248707921
ibarra_zarate,svm,wpli_beta_F3_P7,-0.000486731564208609
ibarra_zarate,random_forest,wpli_gamma_F3_P7,0.003173224660592998
ibarra_zarate,svm,wpli_gamma_F3_P7,-0.0003533804507268257
ibarra_zarate,random_forest,wpli_delta_F4_P7,0.0014962646634864164
ibarra_zarate,svm,wpli_delta_F4_P7,-0.00018669155887452994
ibarra_zarate,random_forest,wpli_theta_F4_P7,0.0011289492231156386
ibarra_zarate,svm,wpli_theta_F4_P7,0.0006000800106681359
ibarra_zarate,random_forest,wpli_alpha_F4_P7,0.0013821345365322675
ibarra_zarate,svm,wpli_alpha_F4_P7,0.0001866915588745077
ibarra_zarate,random_forest,wpli_beta_F4_P7,0.0007831209285220731
ibarra_zarate,svm,wpli_beta_F4_P7,-0.00022002933724499796
ibarra_zarate,random_forest,wpli_gamma_F4_P7,0.0009868778461091167
ibarra_zarate,svm,wpli_gamma_F4_P7,-0.0003933857847713496
ibarra_zarate,random_forest,wpli_delta_F7_P7,0.00168662317303791
ibarra_zarate,svm,wpli_delta_F7_P7,0.00028670489398587853
ibarra_zarate,random_forest,wpli_theta_F7_P7,0.0023105869473740055
ibarra_zarate,svm,wpli_theta_F7_P7,-0.0002133617815708866
ibarra_zarate,random_forest,wpli_alpha_F7_P7,0.0004889396244421688
ibarra_zarate,svm,wpli_alpha_F7_P7,0.000493399119882687
ibarra_zarate,random_forest,wpli_beta_F7_P7,0.0004556505639434312
ibarra_zarate,svm,wpli_beta_F7_P7,-0.0002667022269636332
ibarra_zarate,random_forest,wpli_gamma_F7_P7,0.0012582831399819865
ibarra_zarate,svm,wpli_gamma_F7_P7,-4.000533404453499e-05
ibarra_zarate,random_forest,wpli_delta_F8_P7,0.0013522708042324793
ibarra_zarate,svm,wpli_delta_F8_P7,0.00010668089078542664
ibarra_zarate,random_forest,wpli_theta_F8_P7,0.0005794804315668277
ibarra_zarate,svm,wpli_theta_F8_P7,0.0007334311241499192
ibarra_zarate,random_forest,wpli_alpha_F8_P7,0.0013659113707233936
ibarra_zarate,svm,wpli_alpha_F8_P7,0.0006134151220163142
ibarra_zarate,random_forest,wpli_beta_F8_P7,0.00029926041553799494
ibarra_zarate,svm,wpli_beta_F8_P7,-0.00012668355780771635
ibarra_zarate,random_forest,wpli_gamma_F8_P7,0.0014750178662575417
ibarra_zarate,svm,wpli_gamma_F8_P7,0.0002867048939858896
ibarra_zarate,random_forest,wpli_delta_Fp1_P7,0.0027578252427530015
ibarra_zarate,svm,wpli_delta_Fp1_P7,0.0002667022269636221
ibarra_zarate,random_forest,wpli_theta_Fp1_P7,0.001030017633712688
ibarra_zarate,svm,wpli_theta_Fp1_P7,0.00016668889185222913
ibarra_zarate,random_forest,wpli_alpha_Fp1_P7,0.0034686076090339434
ibarra_zarate,svm,wpli_alpha_Fp1_P7,0.0001133484464595158
ibarra_zarate,random_forest,wpli_beta_Fp1_P7,0.0008988808446929791
ibarra_zarate,svm,wpli_beta_Fp1_P7,0.0
ibarra_zarate,random_forest,wpli_gamma_Fp1_P7,0.0013363452516478701
ibarra_zarate,svm,wpli_gamma_Fp1_P7,-0.0005600746766236009
ibarra_zarate,random_forest,wpli_delta_Fp2_P7,0.002575264149019443
ibarra_zarate,svm,wpli_delta_Fp2_P7,0.00035338045072678124
ibarra_zarate,random_forest,wpli_theta_Fp2_P7,0.0006304969990564445
ibarra_zarate,svm,wpli_theta_Fp2_P7,0.0005867448993199465
ibarra_zarate,random_forest,wpli_alpha_Fp2_P7,0.0010209604289589309
ibarra_zarate,svm,wpli_alpha_Fp2_P7,0.00012668355780769413
ibarra_zarate,random_forest,wpli_beta_Fp2_P7,0.00034619591511944733
ibarra_zarate,svm,wpli_beta_Fp2_P7,8.667822376315915e-05
ibarra_zarate,random_forest,wpli_gamma_Fp2_P7,0.0037323998911487667
ibarra_zarate,svm,wpli_gamma_Fp2_P7,-0.0005000666755567984
ibarra_zarate,random_forest,wpli_delta_Fz_P7,0.0005809750493959843
ibarra_zarate,svm,wpli_delta_Fz_P7,-0.0002333644485931763
ibarra_zarate,random_forest,wpli_theta_Fz_P7,0.0008084299706012025
ibarra_zarate,svm,wpli_theta_Fz_P7,0.0003400453393785918
ibarra_zarate,random_forest,wpli_alpha_Fz_P7,0.00016787078205790813
ibarra_zarate,svm,wpli_alpha_Fz_P7,-9.334577943724831e-05
ibarra_zarate,random_forest,wpli_beta_Fz_P7,0.002500048943979169
ibarra_zarate,svm,wpli_beta_Fz_P7,-0.0005400720096013333
ibarra_zarate,random_forest,wpli_gamma_Fz_P7,0.002170578131733812
ibarra_zarate,svm,wpli_gamma_Fz_P7,-0.00030004000533407905
ibarra_zarate,random_forest,wpli_delta_C3_P8,0.000709040757561925
ibarra_zarate,svm,wpli_delta_C3_P8,-0.0004067208961195279
ibarra_zarate,random_forest,wpli_theta_C3_P8,0.0008068841247494956
ibarra_zarate,svm,wpli_theta_C3_P8,-0.000153353780504073
ibarra_zarate,random_forest,wpli_alpha_C3_P8,0.0011814502339025244
ibarra_zarate,svm,wpli_alpha_C3_P8,-0.00020002667022271935
ibarra_zarate,random_forest,wpli_beta_C3_P8,0.0006647757245713205
ibarra_zarate,svm,wpli_beta_C3_P8,8.667822376315915e-05
ibarra_zarate,random_forest,wpli_gamma_C3_P8,0.0012328125638996765
ibarra_zarate,svm,wpli_gamma_C3_P8,-0.00011334844645952691
ibarra_zarate,random_forest,wpli_delta_C4_P8,0.0017624735534866437
ibarra_zarate,svm,wpli_delta_C4_P8,-0.0006534204560608381
ibarra_zarate,random_forest,wpli_theta_C4_P8,0.004315864204640364
ibarra_zarate,svm,wpli_theta_C4_P8,-0.0002333644485931874
ibarra_zarate,random_forest,wpli_alpha_C4_P8,0.0012947472744095601
ibarra_zarate,svm,wpli_alpha_C4_P8,2.0002667022267494e-05
ibarra_zarate,random_forest,wpli_beta_C4_P8,0.0009640900260739142
ibarra_zarate,svm,wpli_beta_C4_P8,-4.000533404453499e-05
ibarra_zarate,random_forest,wpli_gamma_C4_P8,0.0023566599491026425
ibarra_zarate,svm,wpli_gamma_C4_P8,0.000153353780504073
ibarra_zarate,random_forest,wpli_delta_F3_P8,0.00046603262517245445
ibarra_zarate,svm,wpli_delta_F3_P8,-0.00011334844645952691
ibarra_zarate,random_forest,wpli_theta_F3_P8,0.000658695194728719
ibarra_zarate,svm,wpli_theta_F3_P8,-0.00037338311774909316
ibarra_zarate,random_forest,wpli_alpha_F3_P8,0.005195662597885012
ibarra_zarate,svm,wpli_alpha_F3_P8,0.0004533937858381742
ibarra_zarate,random_forest,wpli_beta_F3_P8,0.001699921411539611
ibarra_zarate,svm,wpli_beta_F3_P8,0.0005534071209495006
ibarra_zarate,random_forest,wpli_gamma_F3_P8,0.004185440625363518
ibarra_zarate,svm,wpli_gamma_F3_P8,0.0007200960128017298
ibarra_zarate,random_forest,wpli_delta_F4_P8,0.0009851699095866618
ibarra_zarate,svm,wpli_delta_F4_P8,2.0002667022267494e-05
ibarra_zarate,random_forest,wpli_theta_F4_P8,0.0014825915662855622
ibarra_zarate,svm,wpli_theta_F4_P8,-0.0002667022269636332
ibarra_zarate,random_forest,wpli_alpha_F4_P8,0.0006865733246468258
ibarra_zarate,svm,wpli_alpha_F4_P8,-0.00022002933724500905
ibarra_zarate,random_forest,wpli_beta_F4_P8,0.0011431542411288794
ibarra_zarate,svm,wpli_beta_F4_P8,0.0005334044539272332
ibarra_zarate,random_forest,wpli_gamma_F4_P8,0.0014296263876957867
ibarra_zarate,svm,wpli_gamma_F4_P8,0.0007867715695426214
ibarra_zarate,random_forest,wpli_delta_F7_P8,0.0003084672039318541
ibarra_zarate,svm,wpli_delta_F7_P8,0.001086811574876645
ibarra_zarate,random_forest,wpli_theta_F7_P8,0.0011979128086682484
ibarra_zarate,svm,wpli_theta_F7_P8,-0.00020002667022270826
ibarra_zarate,random_forest,wpli_alpha_F7_P8,0.002589390371547898
ibarra_zarate,svm,wpli_alpha_F7_P8,-0.00011334844645952691
ibarra_zarate,random_forest,wpli_beta_F7_P8,0.0005419670396020302
ibarra_zarate,svm,wpli_beta_F7_P8,0.0003733831177490599
ibarra_zarate,random_forest,wpli_gamma_F7_P8,0.0012188323536908878
ibarra_zarate,svm,wpli_gamma_F7_P8,2.6670222696345557e-05
ibarra_zarate,random_forest,wpli_delta_F8_P8,0.0005433749590771554
ibarra_zarate,svm,wpli_delta_F8_P8,-5.3340445392724425e-05
ibarra_zarate,random_forest,wpli_theta_F8_P8,0.0021726937393452953
ibarra_zarate,svm,wpli_theta_F8_P8,-7.334311241499191e-05
ibarra_zarate,random_forest,wpli_alpha_F8_P8,0.0
ibarra_zarate,svm,wpli_alpha_F8_P8,0.00022002933724496465
ibarra_zarate,random_forest,wpli_beta_F8_P8,1.3992767346626006e-17
ibarra_zarate,svm,wpli_beta_F8_P8,0.00016002133617816218
ibarra_zarate,random_forest,wpli_gamma_F8_P8,0.0014469042446890931
ibarra_zarate,svm,wpli_gamma_F8_P8,0.0014503340705167233
ibarra_zarate,random_forest,wpli_delta_Fp1_P8,0.0012634286692295754
ibarra_zarate,svm,wpli_delta_Fp1_P8,-0.00026003467128953294
ibarra_zarate,random_forest,wpli_theta_Fp1_P8,7.121775067139121e-16
ibarra_zarate,svm,wpli_theta_Fp1_P8,-8.001066808906998e-05
ibarra_zarate,random_forest,wpli_alpha_Fp1_P8,0.0014565396590298322
ibarra_zarate,svm,wpli_alpha_Fp1_P8,-0.00016002133617816218
ibarra_zarate,random_forest,wpli_beta_Fp1_P8,0.005965744746967543
ibarra_zarate,svm,wpli_beta_Fp1_P8,0.0010401386851580207
ibarra_zarate,random_forest,wpli_gamma_Fp1_P8,0.0010677294236180327
ibarra_zarate,svm,wpli_gamma_Fp1_P8,-6.667555674089165e-06
ibarra_zarate,random_forest,wpli_delta_Fp2_P8,0.0006686009395393364
ibarra_zarate,svm,wpli_delta_Fp2_P8,0.00028003733831180047
ibarra_zarate,random_forest,wpli_theta_Fp2_P8,0.0013348754626349285
ibarra_zarate,svm,wpli_theta_Fp2_P8,-0.00014001866915588356
ibarra_zarate,random_forest,wpli_alpha_Fp2_P8,0.0005156715718283648
ibarra_zarate,svm,wpli_alpha_Fp2_P8,9.334577943725941e-05
ibarra_zarate,random_forest,wpli_beta_Fp2_P8,0.010900380026566032
ibarra_zarate,svm,wpli_beta_Fp2_P8,0.0009534604613948616
ibarra_zarate,random_forest,wpli_gamma_Fp2_P8,0.001236404791056812
ibarra_zarate,svm,wpli_gamma_Fp2_P8,3.3337778370445825e-05
ibarra_zarate,random_forest,wpli_delta_Fz_P8,7.799674907897e-05
ibarra_zarate,svm,wpli_delta_Fz_P8,2.667022269635666e-05
ibarra_zarate,random_forest,wpli_theta_Fz_P8,0.0007700586320272802
ibarra_zarate,svm,wpli_theta_Fz_P8,0.00014001866915587248
ibarra_zarate,random_forest,wpli_alpha_Fz_P8,0.0008315940500467971
ibarra_zarate,svm,wpli_alpha_Fz_P8,6.667555674089165e-06
ibarra_zarate,random_forest,wpli_beta_Fz_P8,0.0005572598372595326
ibarra_zarate,svm,wpli_beta_Fz_P8,0.00018669155887452994
ibarra_zarate,random_forest,wpli_gamma_Fz_P8,0.0010351948853246226
ibarra_zarate,svm,wpli_gamma_Fz_P8,0.0005000666755567651
ibarra_zarate,random_forest,wpli_delta_P7_P8,0.0018463138908051597
ibarra_zarate,svm,wpli_delta_P7_P8,-0.0002867048939859007
ibarra_zarate,random_forest,wpli_theta_P7_P8,0.007313565564652533
ibarra_zarate,svm,wpli_theta_P7_P8,-0.0001933591145486302
ibarra_zarate,random_forest,wpli_alpha_P7_P8,0.0036997530290760776
ibarra_zarate,svm,wpli_alpha_P7_P8,0.0002333644485931541
ibarra_zarate,random_forest,wpli_beta_P7_P8,0.0007467492503438415
ibarra_zarate,svm,wpli_beta_P7_P8,0.00030004000533407905
ibarra_zarate,random_forest,wpli_gamma_P7_P8,0.0010598535289322037
ibarra_zarate,svm,wpli_gamma_P7_P8,0.001133484464595269
ibarra_zarate,random_forest,wpli_delta_C3_T7,0.00013571882027669797
ibarra_zarate,svm,wpli_delta_C3_T7,-0.0003067075610081904
ibarra_zarate,random_forest,wpli_theta_C3_T7,0.006067342814581409
ibarra_zarate,svm,wpli_theta_C3_T7,-9.334577943724831e-05
ibarra_zarate,random_forest,wpli_alpha_C3_T7,0.04367772313516955
ibarra_zarate,svm,wpli_alpha_C3_T7,-0.00032004267235636875
ibarra_zarate,random_forest,wpli_beta_C3_T7,0.002612246169660305
ibarra_zarate,svm,wpli_beta_C3_T7,-0.000446726230164074
ibarra_zarate,random_forest,wpli_gamma_C3_T7,0.005599708357232085
ibarra_zarate,svm,wpli_gamma_C3_T7,-0.0001733564475263516
ibarra_zarate,random_forest,wpli_delta_C4_T7,0.0
ibarra_zarate,svm,wpli_delta_C4_T7,-0.00022669689291907603
ibarra_zarate,random_forest,wpli_theta_C4_T7,0.0033952324522936814
ibarra_zarate,svm,wpli_theta_C4_T7,-8.667822376315915e-05
ibarra_zarate,random_forest,wpli_alpha_C4_T7,0.0019251957322776302
ibarra_zarate,svm,wpli_alpha_C4_T7,0.00020669422589678633
ibarra_zarate,random_forest,wpli_beta_C4_T7,0.00036123611483700516
ibarra_zarate,svm,wpli_beta_C4_T7,-0.0004000533404454498
ibarra_zarate,random_forest,wpli_gamma_C4_T7,1.2081145416242585e-15
ibarra_zarate,svm,wpli_gamma_C4_T7,-0.0002133617815709088
ibarra_zarate,random_forest,wpli_delta_F3_T7,0.003452265437905876
ibarra_zarate,svm,wpli_delta_F3_T7,-5.3340445392724425e-05
ibarra_zarate,random_forest,wpli_theta_F3_T7,0.002896795098199577
ibarra_zarate,svm,wpli_theta_F3_T7,8.001066808906998e-05
ibarra_zarate,random_forest,wpli_alpha_F3_T7,0.0016477895765054987
ibarra_zarate,svm,wpli_alpha_F3_T7,-0.00022002933724497576
ibarra_zarate,random_forest,wpli_beta_F3_T7,0.010335116577595903
ibarra_zarate,svm,wpli_beta_F3_T7,-0.0003467128950527143
ibarra_zarate,random_forest,wpli_gamma_F3_T7,0.0012377234443989198
ibarra_zarate,svm,wpli_gamma_F3_T7,-0.00013335111348179441
ibarra_zarate,random_forest,wpli_delta_F4_T7,0.0007446935917892134
ibarra_zarate,svm,wpli_delta_F4_T7,-4.667288971862416e-05
ibarra_zarate,random_forest,wpli_theta_F4_T7,0.007039133808630602
ibarra_zarate,svm,wpli_theta_F4_T7,3.3337778370445825e-05
ibarra_zarate,random_forest,wpli_alpha_F4_T7,0.0026291326595297747
ibarra_zarate,svm,wpli_alpha_F4_T7,-0.00012001600213363827
ibarra_zarate,random_forest,wpli_beta_F4_T7,6.622228697685502e-16
ibarra_zarate,svm,wpli_beta_F4_T7,-0.00020002667022271935
ibarra_zarate,random_forest,wpli_gamma_F4_T7,0.00046469865704568375
ibarra_zarate,svm,wpli_gamma_F4_T7,-0.000333377783704536
ibarra_zarate,random_forest,wpli_delta_F7_T7,0.0012581618286657955
ibarra_zarate,svm,wpli_delta_F7_T7,8.667822376315915e-05
ibarra_zarate,random_forest,wpli_theta_F7_T7,0.0015424142234566228
ibarra_zarate,svm,wpli_theta_F7_T7,0.00010668089078542664
ibarra_zarate,random_forest,wpli_alpha_F7_T7,0.002053972422446047
ibarra_zarate,svm,wpli_alpha_F7_T7,0.0005134017869049656
ibarra_zarate,random_forest,wpli_beta_F7_T7,0.0007444465976829774
ibarra_zarate,svm,wpli_beta_F7_T7,-4.667288971862416e-05
ibarra_zarate,random_forest,wpli_gamma_F7_T7,0.002206236725122244
ibarra_zarate,svm,wpli_gamma_F7_T7,-6.667555674089165e-06
ibarra_zarate,random_forest,wpli_delta_F8_T7,0.0015147669467921452
ibarra_zarate,svm,wpli_delta_F8_T7,-2.0002667022267494e-05
ibarra_zarate,random_forest,wpli_theta_F8_T7,0.0026934720681808873
ibarra_zarate,svm,wpli_theta_F8_T7,4.667288971862416e-05
ibarra_zarate,random_forest,wpli_alpha_F8_T7,1.1503372473384172e-16
ibarra_zarate,svm,wpli_alpha_F8_T7,-0.0001733564475263738
ibarra_zarate,random_forest,wpli_beta_F8_T7,0.00035072217973521167
ibarra_zarate,svm,wpli_beta_F8_T7,0.0001133484464595158
ibarra_zarate,random_forest,wpli_gamma_F8_T7,4.656639668028626e-17
ibarra_zarate,svm,wpli_gamma_F8_T7,0.0
ibarra_zarate,random_forest,wpli_delta_Fp1_T7,0.0016001562419865416
ibarra_zarate,svm,wpli_delta_Fp1_T7,-1.3335111348189433e-05
ibarra_zarate,random_forest,wpli_theta_Fp1_T7,0.0015182607125470776
ibarra_zarate,svm,wpli_theta_Fp1_T7,-5.334044539271332e-05
ibarra_zarate,random_forest,wpli_alpha_Fp1_T7,2.321573510803645e-17
ibarra_zarate,svm,wpli_alpha_Fp1_T7,3.3337778370445825e-05
ibarra_zarate,random_forest,wpli_beta_Fp1_T7,0.0009086412010219384
ibarra_zarate,svm,wpli_beta_Fp1_T7,-0.0001333511134818277
ibarra_zarate,random_forest,wpli_gamma_Fp1_T7,0.001204086032242322
ibarra_zarate,svm,wpli_gamma_Fp1_T7,-0.00022002933724497576
ibarra_zarate,random_forest,wpli_delta_Fp2_T7,0.001866176706194158
ibarra_zarate,svm,wpli_delta_Fp2_T7,-8.001066808906998e-05
ibarra_zarate,random_forest,wpli_theta_Fp2_T7,0.0016818523803599059
ibarra_zarate,svm,wpli_theta_Fp2_T7,-1.333511134817833e-05
ibarra_zarate,random_forest,wpli_alpha_Fp2_T7,0.0003077101471291318
ibarra_zarate,svm,wpli_alpha_Fp2_T7,-0.000253367115615466
ibarra_zarate,random_forest,wpli_beta_Fp2_T7,0.0011931794312919554
ibarra_zarate,svm,wpli_beta_Fp2_T7,-7.334311241498081e-05
ibarra_zarate,random_forest,wpli_gamma_Fp2_T7,0.0009620413626505875
ibarra_zarate,svm,wpli_gamma_Fp2_T7,-0.00016002133617817326
ibarra_zarate,random_forest,wpli_delta_Fz_T7,0.00166809942641292
ibarra_zarate,svm,wpli_delta_Fz_T7,-3.3337778370445825e-05
ibarra_zarate,random_forest,wpli_theta_Fz_T7,0.0021321640489594044
ibarra_zarate,svm,wpli_theta_Fz_T7,-6.667555674089165e-05
ibarra_zarate,random_forest,wpli_alpha_Fz_T7,0.0011797209655479183
ibarra_zarate,svm,wpli_alpha_Fz_T7,-0.0002733697826377224
ibarra_zarate,random_forest,wpli_beta_Fz_T7,0.006609803119161373
ibarra_zarate,svm,wpli_beta_Fz_T7,-0.0004467262301640851
ibarra_zarate,random_forest,wpli_gamma_Fz_T7,3.0920944502196034e-05
ibarra_zarate,svm,wpli_gamma_Fz_T7,-0.00022002933724498685
ibarra_zarate,random_forest,wpli_delta_P7_T7,0.000393659417017244
ibarra_zarate,svm,wpli_delta_P7_T7,2.667022269635666e-05
ibarra_zarate,random_forest,wpli_theta_P7_T7,0.0005624887238958616
ibarra_zarate,svm,wpli_theta_P7_T7,-2.6670222696367762e-05
ibarra_zarate,random_forest,wpli_alpha_P7_T7,0.0013422096787387605
ibarra_zarate,svm,wpli_alpha_P7_T7,0.00016002133617815106
ibarra_zarate,random_forest,wpli_beta_P7_T7,0.0005540415749126469
ibarra_zarate,svm,wpli_beta_P7_T7,0.00010001333511133748
ibarra_zarate,random_forest,wpli_gamma_P7_T7,0.001266203893528926
ibarra_zarate,svm,wpli_gamma_P7_T7,-0.00010001333511134858
ibarra_zarate,random_forest,wpli_delta_P8_T7,0.0014655202585672489
ibarra_zarate,svm,wpli_delta_P8_T7,-0.00020669422589681964
ibarra_zarate,random_forest,wpli_theta_P8_T7,0.0008995870454199352
ibarra_zarate,svm,wpli_theta_P8_T7,-0.00032004267235637986
ibarra_zarate,random_forest,wpli_alpha_P8_T7,0.0010112131012472761
ibarra_zarate,svm,wpli_alpha_P8_T7,-0.0001733564475263627
ibarra_zarate,random_forest,wpli_beta_P8_T7,0.0008948709550059031
ibarra_zarate,svm,wpli_beta_P8_T7,0.0004333911188158845
ibarra_zarate,random_forest,wpli_gamma_P8_T7,0.0005931021932092378
ibarra_zarate,svm,wpli_gamma_P8_T7,0.0002733697826377002
ibarra_zarate,random_forest,wpli_delta_C3_T8,0.0034285378385969906
ibarra_zarate,svm,wpli_delta_C3_T8,0.0002733697826377002
ibarra_zarate,random_forest,wpli_theta_C3_T8,0.0032139278230544337
ibarra_zarate,svm,wpli_theta_C3_T8,-6.667555674089165e-05
ibarra_zarate,random_forest,wpli_alpha_C3_T8,0.0012772659721783765
ibarra_zarate,svm,wpli_alpha_C3_T8,0.00012668355780770524
ibarra_zarate,random_forest,wpli_beta_C3_T8,0.00036905057015490246
ibarra_zarate,svm,wpli_beta_C3_T8,-0.0002800373383118115
ibarra_zarate,random_forest,wpli_gamma_C3_T8,0.0022268234368260386
ibarra_zarate,svm,wpli_gamma_C3_T8,-9.334577943724831e-05
ibarra_zarate,random_forest,wpli_delta_C4_T8,0.00921901201012526
ibarra_zarate,svm,wpli_delta_C4_T8,0.00020669422589680853
ibarra_zarate,random_forest,wpli_theta_C4_T8,0.0016592126823147186
ibarra_zarate,svm,wpli_theta_C4_T8,0.000193359114548608
ibarra_zarate,random_forest,wpli_alpha_C4_T8,0.00017300550523898116
ibarra_zarate,svm,wpli_alpha_C4_T8,-5.334044539271332e-05
ibarra_zarate,random_forest,wpli_beta_C4_T8,0.0005132805858950654
ibarra_zarate,svm,wpli_beta_C4_T8,-0.00010668089078544885
ibarra_zarate,random_forest,wpli_gamma_C4_T8,0.0020096620642764858
ibarra_zarate,svm,wpli_gamma_C4_T8,-0.00031337511668226846
ibarra_zarate,random_forest,wpli_delta_F3_T8,0.0004949266292886559
ibarra_zarate,svm,wpli_delta_F3_T8,0.00020669422589680853
ibarra_zarate,random_forest,wpli_theta_F3_T8,0.009293462105926806
ibarra_zarate,svm,wpli_theta_F3_T8,0.00014001866915588356
ibarra_zarate,random_forest,wpli_alpha_F3_T8,0.0007953642512124757
ibarra_zarate,svm,wpli_alpha_F3_T8,-7.334311241498081e-05
ibarra_zarate,random_forest,wpli_beta_F3_T8,0.002110090238003859
ibarra_zarate,svm,wpli_beta_F3_T8,-3.3337778370445825e-05
ibarra_zarate,random_forest,wpli_gamma_F3_T8,0.002465691085139683
ibarra_zarate,svm,wpli_gamma_F3_T8,5.334044539271332e-05
ibarra_zarate,random_forest,wpli_delta_F4_T8,0.0010144095214701583
ibarra_zarate,svm,wpli_delta_F4_T8,0.00025336711561544376
ibarra_zarate,random_forest,wpli_theta_F4_T8,0.005033289254724802
ibarra_zarate,svm,wpli_theta_F4_T8,0.00030004000533406794
ibarra_zarate,random_forest,wpli_alpha_F4_T8,0.0011761414601718736
ibarra_zarate,svm,wpli_alpha_F4_T8,4.667288971862416e-05
ibarra_zarate,random_forest,wpli_beta_F4_T8,0.0013366901051102176
ibarra_zarate,svm,wpli_beta_F4_T8,-0.00014001866915589468
ibarra_zarate,random_forest,wpli_gamma_F4_T8,0.00043455057114092483
ibarra_zarate,svm,wpli_gamma_F4_T8,-0.00010001333511133748
ibarra_zarate,random_forest,wpli_delta_F7_T8,0.000396503318536096
ibarra_zarate,svm,wpli_delta_F7_T8,0.0002533671156154327
ibarra_zarate,random_forest,wpli_theta_F7_T8,0.0021795747044089458
ibarra_zarate,svm,wpli_theta_F7_T8,-2.667022269635666e-05
ibarra_zarate,random_forest,wpli_alpha_F7_T8,0.0012763720293540793
ibarra_zarate,svm,wpli_alpha_F7_T8,0.0
ibarra_zarate,random_forest,wpli_beta_F7_T8,0.002932639494900382
ibarra_zarate,svm,wpli_beta_F7_T8,-4.000533404453499e-05
ibarra_zarate,random_forest,wpli_gamma_F7_T8,0.0010912770919116216
ibarra_zarate,svm,wpli_gamma_F7_T8,-0.00014668622482996163
ibarra_zarate,random_forest,wpli_delta_F8_T8,0.001393573902175634
ibarra_zarate,svm,wpli_delta_F8_T8,8.667822376315915e-05
ibarra_zarate,random_forest,wpli_theta_F8_T8,0.0007848297411551532
ibarra_zarate,svm,wpli_theta_F8_T8,0.00028003733831178935
ibarra_zarate,random_forest,wpli_alpha_F8_T8,0.0009102082771347193
ibarra_zarate,svm,wpli_alpha_F8_T8,0.0
ibarra_zarate,random_forest,wpli_beta_F8_T8,0.008516320509073458
ibarra_zarate,svm,wpli_beta_F8_T8,0.0023069742632351176
ibarra_zarate,random_forest,wpli_gamma_F8_T8,0.0026852140841264003
ibarra_zarate,svm,wpli_gamma_F8_T8,0.0013291599053033565
ibarra_zarate,random_forest,wpli_delta_Fp1_T8,7.972084220748442e-06
ibarra_zarate,svm,wpli_delta_Fp1_T8,8.001066808906998e-05
ibarra_zarate,random_forest,wpli_theta_Fp1_T8,0.0030637578984713944
ibarra_zarate,svm,wpli_theta_Fp1_T8,-9.334577943724831e-05
ibarra_zarate,random_forest,wpli_alpha_Fp1_T8,0.0008730642523627741
ibarra_zarate,svm,wpli_alpha_Fp1_T8,6.667555674089165e-06
ibarra_zarate,random_forest,wpli_beta_Fp1_T8,0.0006972087256542418
ibarra_zarate,svm,wpli_beta_Fp1_T8,-8.001066808908109e-05
ibarra_zarate,random_forest,wpli_gamma_Fp1_T8,0.006062452361340088
ibarra_zarate,svm,wpli_gamma_Fp1_T8,0.00014668622482998382
ibarra_zarate,random_forest,wpli_delta_Fp2_T8,0.0016226407470896669
ibarra_zarate,svm,wpli_delta_Fp2_T8,9.334577943724831e-05
ibarra_zarate,random_forest,wpli_theta_Fp2_T8,0.0024395256121200705
ibarra_zarate,svm,wpli_theta_Fp2_T8,3.3337778370445825e-05
ibarra_zarate,random_forest,wpli_alpha_Fp2_T8,0.0007144641886212199
ibarra_zarate,svm,wpli_alpha_Fp2_T8,0.00012668355780769413
ibarra_zarate,random_forest,wpli_beta_Fp2_T8,0.001365138643140948
ibarra_zarate,svm,wpli_beta_Fp2_T8,0.0005067342312308654
ibarra_zarate,random_forest,wpli_gamma_Fp2_T8,0.0011466691298229526
ibarra_zarate,svm,wpli_gamma_Fp2_T8,0.00040672089611951676
ibarra_zarate,random_forest,wpli_delta_Fz_T8,0.0011000139361713225
ibarra_zarate,svm,wpli_delta_Fz_T8,5.334044539271332e-05
ibarra_zarate,random_forest,wpli_theta_Fz_T8,0.00153509808199394
ibarra_zarate,svm,wpli_theta_Fz_T8,0.00011334844645952691
ibarra_zarate,random_forest,wpli_alpha_Fz_T8,0.0019929697152269296
ibarra_zarate,svm,wpli_alpha_Fz_T8,0.0002066942258967974
ibarra_zarate,random_forest,wpli_beta_Fz_T8,0.0006804161954074151
ibarra_zarate,svm,wpli_beta_Fz_T8,-0.00024669955994135464
ibarra_zarate,random_forest,wpli_gamma_Fz_T8,0.00042846831599520867
ibarra_zarate,svm,wpli_gamma_Fz_T8,5.334044539271332e-05
ibarra_zarate,random_forest,wpli_delta_P7_T8,0.001454821693265837
ibarra_zarate,svm,wpli_delta_P7_T8,-0.00020669422589678633
ibarra_zarate,random_forest,wpli_theta_P7_T8,0.001484402813132786
ibarra_zarate,svm,wpli_theta_P7_T8,2.6670222696345557e-05
ibarra_zarate,random_forest,wpli_alpha_P7_T8,0.00047199972337936256
ibarra_zarate,svm,wpli_alpha_P7_T8,8.001066808906998e-05
ibarra_zarate,random_forest,wpli_beta_P7_T8,0.0008885876403895417
ibarra_zarate,svm,wpli_beta_P7_T8,0.00016002133617813995
ibarra_zarate,random_forest,wpli_gamma_P7_T8,0.014953313147708371
ibarra_zarate,svm,wpli_gamma_P7_T8,0.0008067742365649
ibarra_zarate,random_forest,wpli_delta_P8_T8,0.0011544431076674461
ibarra_zarate,svm,wpli_delta_P8_T8,-0.0005934124549940468
ibarra_zarate,random_forest,wpli_theta_P8_T8,0.0009329021420220472
ibarra_zarate,svm,wpli_theta_P8_T8,-4.0005334044557193e-05
ibarra_zarate,random_forest,wpli_alpha_P8_T8,0.0003053867249252379
ibarra_zarate,svm,wpli_alpha_P8_T8,0.000606747566342225
ibarra_zarate,random_forest,wpli_beta_P8_T8,8.607454125291017e-05
ibarra_zarate,svm,wpli_beta_P8_T8,-0.00014668622482999494
ibarra_zarate,random_forest,wpli_gamma_P8_T8,0.001255974645332541
ibarra_zarate,svm,wpli_gamma_P8_T8,-0.0005134017869049768
ibarra_zarate,random_forest,wpli_delta_T7_T8,0.0007510164725171925
ibarra_zarate,svm,wpli_delta_T7_T8,0.00010001333511134858
ibarra_zarate,random_forest,wpli_theta_T7_T8,0.000217578887084054
ibarra_zarate,svm,wpli_theta_T7_T8,-0.0001133484464595158
ibarra_zarate,random_forest,wpli_alpha_T7_T8,0.0034949070698319625
ibarra_zarate,svm,wpli_alpha_T7_T8,-0.00010001333511134858
ibarra_zarate,random_forest,wpli_beta_T7_T8,0.001559418493520201
ibarra_zarate,svm,wpli_beta_T7_T8,0.0009801306840912182
ibarra_zarate,random_forest,wpli_gamma_T7_T8,0.0010377479655870406
ibarra_zarate,svm,wpli_gamma_T7_T8,2.0002667022267494e-05
ibarra_zarate,random_forest,plzc_C3,8.711986733162191e-16
ibarra_zarate,svm,plzc_C3,6.667555674089165e-06
ibarra_zarate,random_forest,plzc_C4,1.3481173956717419e-15
ibarra_zarate,svm,plzc_C4,1.333511134817833e-05
ibarra_zarate,random_forest,plzc_F3,2.173388689630759e-17
ibarra_zarate,svm,plzc_F3,-0.0001133484464595158
ibarra_zarate,random_forest,plzc_F4,1.530720190415145e-17
ibarra_zarate,svm,plzc_F4,-0.00010001333511133748
ibarra_zarate,random_forest,plzc_F7,7.45187151617878e-17
ibarra_zarate,svm,plzc_F7,-0.00012001600213360498
ibarra_zarate,random_forest,plzc_F8,2.4903444424813153e-17
ibarra_zarate,svm,plzc_F8,4.667288971862416e-05
ibarra_zarate,random_forest,plzc_Fp1,5.115438593316015e-16
ibarra_zarate,svm,plzc_Fp1,-4.000533404453499e-05
ibarra_zarate,random_forest,plzc_Fp2,3.4315016221573143e-18
ibarra_zarate,svm,plzc_Fp2,4.667288971862416e-05
ibarra_zarate,random_forest,plzc_Fz,7.175813155957816e-16
ibarra_zarate,svm,plzc_Fz,7.334311241498081e-05
ibarra_zarate,random_forest,plzc_P7,4.8012797550129186e-18
ibarra_zarate,svm,plzc_P7,6.667555674089165e-06
ibarra_zarate,random_forest,plzc_P8,1.0542371259060058e-15
ibarra_zarate,svm,plzc_P8,8.001066808906998e-05
ibarra_zarate,random_forest,plzc_T7,9.035658381481205e-18
ibarra_zarate,svm,plzc_T7,0.00011334844645952691
ibarra_zarate,random_forest,plzc_T8,1.0771558651259285e-16
ibarra_zarate,svm,plzc_T8,-6.667555674089165e-06
raeisi,random_forest,power_delta_C3,0.0
raeisi,svm,power_delta_C3,0.0011353244854851007
raeisi,random_forest,power_theta_C3,0.0
raeisi,svm,power_theta_C3,0.0
raeisi,random_forest,power_alpha_C3,4.538694113499247e-18
raeisi,svm,power_alpha_C3,0.0
raeisi,random_forest,power_beta_C3,1.0521526835980362e-17
raeisi,svm,power_beta_C3,0.00011473152822394361
raeisi,random_forest,power_gamma_C3,9.979654243356126e-18
raeisi,svm,power_gamma_C3,0.0009637448370812152
raeisi,random_forest,power_delta_C4,4.7328937192097053e-17
raeisi,svm,power_delta_C4,0.0002065167508030985
raeisi,random_forest,power_theta_C4,3.602293940905856e-17
raeisi,svm,power_theta_C4,0.0
raeisi,random_forest,power_alpha_C4,0.0
raeisi,svm,power_alpha_C4,0.0
raeisi,random_forest,power_beta_C4,0.0
raeisi,svm,power_beta_C4,0.0
raeisi,random_forest,power_gamma_C4,1.5028517299732446e-19
raeisi,svm,power_gamma_C4,0.0
raeisi,random_forest,power_delta_F3,0.0
raeisi,svm,power_delta_F3,0.0
raeisi,random_forest,power_theta_F3,0.0
raeisi,svm,power_theta_F3,0.0
raeisi,random_forest,power_alpha_F3,0.0005129243638505674
raeisi,svm,power_alpha_F3,0.0
raeisi,random_forest,power_beta_F3,0.0
raeisi,svm,power_beta_F3,0.0
raeisi,random_forest,power_gamma_F3,0.0
raeisi,svm,power_gamma_F3,0.0
raeisi,random_forest,power_delta_F4,0.0
raeisi,svm,power_delta_F4,0.00013767783386873234
raeisi,random_forest,power_theta_F4,1.547881585100103e-16
raeisi,svm,power_theta_F4,0.0
raeisi,random_forest,power_alpha_F4,0.0
raeisi,svm,power_alpha_F4,0.0
raeisi,random_forest,power_beta_F4,2.0199102993339508e-19
raeisi,svm,power_beta_F4,0.0
raeisi,random_forest,power_gamma_F4,1.416328552780455e-17
raeisi,svm,power_gamma_F4,0.00022946305644788723
raeisi,random_forest,power_delta_F7,1.2729947113146098e-18
raeisi,svm,power_delta_F7,0.00043597980725098575
raeisi,random_forest,power_theta_F7,3.512827606514634e-17
raeisi,svm,power_theta_F7,0.0
raeisi,random_forest,power_alpha_F7,5.410022108229394e-17
raeisi,svm,power_alpha_F7,0.0
raeisi,random_forest,power_beta_F7,2.0712119518579312e-17
raeisi,svm,power_beta_F7,0.0
raeisi,random_forest,power_gamma_F7,0.0
raeisi,svm,power_gamma_F7,0.0
raeisi,random_forest,power_delta_F8,0.0
raeisi,svm,power_delta_F8,0.0
raeisi,random_forest,power_theta_F8,9.358704290769165e-19
raeisi,svm,power_theta_F8,0.0
raeisi,random_forest,power_alpha_F8,0.0006150625833939041
raeisi,svm,power_alpha_F8,0.0
raeisi,random_forest,power_beta_F8,0.0
raeisi,svm,power_beta_F8,0.0
raeisi,random_forest,power_gamma_F8,0.0007374032830929842
raeisi,svm,power_gamma_F8,0.0
raeisi,random_forest,power_delta_Fp1,2.7119756112358694e-17
raeisi,svm,power_delta_Fp1,0.0007113354749884948
raeisi,random_forest,power_theta_Fp1,0.0
raeisi,svm,power_theta_Fp1,0.0
raeisi,random_forest,power_alpha_Fp1,0.0
raeisi,svm,power_alpha_Fp1,0.0
raeisi,random_forest,power_beta_Fp1,0.0
raeisi,svm,power_beta_Fp1,0.0
raeisi,random_forest,power_gamma_Fp1,2.5820672419923265e-17
raeisi,svm,power_gamma_Fp1,0.00034419458467183084
raeisi,random_forest,power_delta_Fp2,9.928888102029167e-18
raeisi,svm,power_delta_Fp2,0.0022586581742157553
raeisi,random_forest,power_theta_Fp2,0.0010017859395274522
raeisi,svm,power_theta_Fp2,0.0
raeisi,random_forest,power_alpha_Fp2,0.0
raeisi,svm,power_alpha_Fp2,0.0
raeisi,random_forest,power_beta_Fp2,0.0
raeisi,svm,power_beta_Fp2,0.0
raeisi,random_forest,power_gamma_Fp2,9.945645077224287e-19
raeisi,svm,power_gamma_Fp2,4.589261128957744e-05
raeisi,random_forest,power_delta_Fz,2.2871073054816686e-18
raeisi,svm,power_delta_Fz,0.00034419458467183084
raeisi,random_forest,power_theta_Fz,0.0
raeisi,svm,power_theta_Fz,0.0
raeisi,random_forest,power_alpha_Fz,0.0
raeisi,svm,power_alpha_Fz,0.0
raeisi,random_forest,power_beta_Fz,0.0
raeisi,svm,power_beta_Fz,0.0
raeisi,random_forest,power_gamma_Fz,0.0
raeisi,svm,power_gamma_Fz,0.0
raeisi,random_forest,power_delta_P7,3.83560597981296e-18
raeisi,svm,power_delta_P7,0.0
raeisi,random_forest,power_theta_P7,1.0958754878698264e-16
raeisi,svm,power_theta_P7,0.0
raeisi,random_forest,power_alpha_P7,0.0
raeisi,svm,power_alpha_P7,0.00032124827902704214
raeisi,random_forest,power_beta_P7,3.06589041707221e-17
raeisi,svm,power_beta_P7,0.0
raeisi,random_forest,power_gamma_P7,0.0
raeisi,svm,power_gamma_P7,0.00016062413951352107
raeisi,random_forest,power_delta_P8,0.0
raeisi,svm,power_delta_P8,0.001743919229004165
raeisi,random_forest,power_theta_P8,1.14410209319284e-17
raeisi,svm,power_theta_P8,0.0
raeisi,random_forest,power_alpha_P8,0.0
raeisi,svm,power_alpha_P8,0.0
raeisi,random_forest,power_beta_P8,0.0
raeisi,svm,power_beta_P8,0.0
raeisi,random_forest,power_gamma_P8,0.0009753516401139414
raeisi,svm,power_gamma_P8,0.0
raeisi,random_forest,power_delta_T7,2.674919142752137e-17
raeisi,svm,power_delta_T7,0.00043597980725098575
raeisi,random_forest,power_theta_T7,0.0011477728494111202
raeisi,svm,power_theta_T7,0.0
raeisi,random_forest,power_alpha_T7,5.129604934740429e-18
raeisi,svm,power_alpha_T7,0.0
raeisi,random_forest,power_beta_T7,1.1149333496711767e-17
raeisi,svm,power_beta_T7,0.0
raeisi,random_forest,power_gamma_T7,0.00043993923214771634
raeisi,svm,power_gamma_T7,0.0
raeisi,random_forest,power_delta_T8,0.0
raeisi,svm,power_delta_T8,0.0011014226709499697
raeisi,random_forest,power_theta_T8,1.0699767868821937e-17
raeisi,svm,power_theta_T8,0.0
raeisi,random_forest,power_alpha_T8,0.0
raeisi,svm,power_alpha_T8,0.0
raeisi,random_forest,power_beta_T8,1.0261773808832372e-17
raeisi,svm,power_beta_T8,0.0
raeisi,random_forest,power_gamma_T8,2.1019424900634787e-17
raeisi,svm,power_gamma_T8,0.0
raeisi,random_forest,wpli_delta_C3_C4,0.0
raeisi,svm,wpli_delta_C3_C4,0.0
raeisi,random_forest,wpli_theta_C3_C4,0.0
raeisi,svm,wpli_theta_C3_C4,0.0
raeisi,random_forest,wpli_alpha_C3_C4,0.008350224520841441
raeisi,svm,wpli_alpha_C3_C4,0.0
raeisi,random_forest,wpli_beta_C3_C4,0.0028412895701821783
raeisi,svm,wpli_beta_C3_C4,0.0
raeisi,random_forest,wpli_gamma_C3_C4,0.001552670137973235
raeisi,svm,wpli_gamma_C3_C4,0.0
raeisi,random_forest,wpli_delta_C3_F3,0.0
raeisi,svm,wpli_delta_C3_F3,0.0
raeisi,random_forest,wpli_theta_C3_F3,0.0013200825978811825
raeisi,svm,wpli_theta_C3_F3,0.0
raeisi,random_forest,wpli_alpha_C3_F3,0.009558520121808979
raeisi,svm,wpli_alpha_C3_F3,0.0
raeisi,random_forest,wpli_beta_C3_F3,0.0019368399154995827
raeisi,svm,wpli_beta_C3_F3,0.0
raeisi,random_forest,wpli_gamma_C3_F3,0.003351878092448859
raeisi,svm,wpli_gamma_C3_F3,0.0
raeisi,random_forest,wpli_delta_C4_F3,0.0005494323902171511
raeisi,svm,wpli_delta_C4_F3,0.0
raeisi,random_forest,wpli_theta_C4_F3,0.007486982168133074
raeisi,svm,wpli_theta_C4_F3,0.0
raeisi,random_forest,wpli_alpha_C4_F3,0.018550717764235843
raeisi,svm,wpli_alpha_C4_F3,0.0
raeisi,random_forest,wpli_beta_C4_F3,0.0010684133564313506
raeisi,svm,wpli_beta_C4_F3,0.0
raeisi,random_forest,wpli_gamma_C4_F3,2.1014854676807323e-17
raeisi,svm,wpli_gamma_C4_F3,0.0
raeisi,random_forest,wpli_delta_C3_F4,0.0020599994705505936
raeisi,svm,wpli_delta_C3_F4,0.0
raeisi,random_forest,wpli_theta_C3_F4,0.0011316059070341756
raeisi,svm,wpli_theta_C3_F4,0.0
raeisi,random_forest,wpli_alpha_C3_F4,0.002188032172720289
raeisi,svm,wpli_alpha_C3_F4,0.0
raeisi,random_forest,wpli_beta_C3_F4,0.000992048396624166
raeisi,svm,wpli_beta_C3_F4,0.0
raeisi,random_forest,wpli_gamma_C3_F4,0.0005568713485436397
raeisi,svm,wpli_gamma_C3_F4,0.0
raeisi,random_forest,wpli_delta_C4_F4,0.0010446262301071067
raeisi,svm,wpli_delta_C4_F4,0.0
raeisi,random_forest,wpli_theta_C4_F4,0.0012140649097478187
raeisi,svm,wpli_theta_C4_F4,0.0
raeisi,random_forest,wpli_alpha_C4_F4,0.0048997127368037765
raeisi,svm,wpli_alpha_C4_F4,0.0
raeisi,random_forest,wpli_beta_C4_F4,0.0006020104186792885
raeisi,svm,wpli_beta_C4_F4,0.0
raeisi,random_forest,wpli_gamma_C4_F4,0.0
raeisi,svm,wpli_gamma_C4_F4,0.0
raeisi,random_forest,wpli_delta_F3_F4,0.0014371221679466068
raeisi,svm,wpli_delta_F3_F4,0.0
raeisi,random_forest,wpli_theta_F3_F4,0.0006895952562818342
raeisi,svm,wpli_theta_F3_F4,0.0
raeisi,random_forest,wpli_alpha_F3_F4,0.00890121103272803
raeisi,svm,wpli_alpha_F3_F4,0.0
raeisi,random_forest,wpli_beta_F3_F4,1.620456040817288e-17
raeisi,svm,wpli_beta_F3_F4,0.0
raeisi,random_forest,wpli_gamma_F3_F4,0.0017436067618054538
raeisi,svm,wpli_gamma_F3_F4,0.0
raeisi,random_forest,wpli_delta_C3_F7,0.001309616250473701
raeisi,svm,wpli_delta_C3_F7,0.0
raeisi,random_forest,wpli_theta_C3_F7,0.0028782145110665992
raeisi,svm,wpli_theta_C3_F7,0.0
raeisi,random_forest,wpli_alpha_C3_F7,0.004586036687211522
raeisi,svm,wpli_alpha_C3_F7,0.0
raeisi,random_forest,wpli_beta_C3_F7,0.008101193922702348
raeisi,svm,wpli_beta_C3_F7,0.0
raeisi,random_forest,wpli_gamma_C3_F7,0.0041921237111293315
raeisi,svm,wpli_gamma_C3_F7,0.0
raeisi,random_forest,wpli_delta_C4_F7,0.000560149150171324
raeisi,svm,wpli_delta_C4_F7,0.0
raeisi,random_forest,wpli_theta_C4_F7,2.2629599648379795e-17
raeisi,svm,wpli_theta_C4_F7,0.0
raeisi,random_forest,wpli_alpha_C4_F7,4.772785737982158e-17
raeisi,svm,wpli_alpha_C4_F7,0.0
raeisi,random_forest,wpli_beta_C4_F7,1.5362615498757328e-17
raeisi,svm,wpli_beta_C4_F7,0.0
raeisi,random_forest,wpli_gamma_C4_F7,0.0006002024607507611
raeisi,svm,wpli_gamma_C4_F7,0.0
raeisi,random_forest,wpli_delta_F3_F7,0.0008284749568772638
raeisi,svm,wpli_delta_F3_F7,0.0
raeisi,random_forest,wpli_theta_F3_F7,0.0016279413604065418
raeisi,svm,wpli_theta_F3_F7,0.0
raeisi,random_forest,wpli_alpha_F3_F7,0.003378126765186521
raeisi,svm,wpli_alpha_F3_F7,0.0
raeisi,random_forest,wpli_beta_F3_F7,0.0
raeisi,svm,wpli_beta_F3_F7,0.0
raeisi,random_forest,wpli_gamma_F3_F7,0.0012862486102336581
raeisi,svm,wpli_gamma_F3_F7,0.0
raeisi,random_forest,wpli_delta_F4_F7,0.0006004499896485494
raeisi,svm,wpli_delta_F4_F7,0.0
raeisi,random_forest,wpli_theta_F4_F7,0.0005268777522810569
raeisi,svm,wpli_theta_F4_F7,0.0
raeisi,random_forest,wpli_alpha_F4_F7,0.008748065941298577
raeisi,svm,wpli_alpha_F4_F7,0.0
raeisi,random_forest,wpli_beta_F4_F7,0.0
raeisi,svm,wpli_beta_F4_F7,0.0
raeisi,random_forest,wpli_gamma_F4_F7,0.0018959006522718041
raeisi,svm,wpli_gamma_F4_F7,0.0
raeisi,random_forest,wpli_delta_C3_F8,0.0015106479097517984
raeisi,svm,wpli_delta_C3_F8,0.0
raeisi,random_forest,wpli_theta_C3_F8,0.0005155194853269144
raeisi,svm,wpli_theta_C3_F8,0.0
raeisi,random_forest,wpli_alpha_C3_F8,0.005706568415283918
raeisi,svm,wpli_alpha_C3_F8,0.0
raeisi,random_forest,wpli_beta_C3_F8,0.0030745231049083845
raeisi,svm,wpli_beta_C3_F8,0.0
raeisi,random_forest,wpli_gamma_C3_F8,0.0
raeisi,svm,wpli_gamma_C3_F8,0.0
raeisi,random_forest,wpli_delta_C4_F8,0.0013611190932378678
raeisi,svm,wpli_delta_C4_F8,0.0
raeisi,random_forest,wpli_theta_C4_F8,0.008053567538194218
raeisi,svm,wpli_theta_C4_F8,0.0
raeisi,random_forest,wpli_alpha_C4_F8,0.0035989867298403776
raeisi,svm,wpli_alpha_C4_F8,0.0
raeisi,random_forest,wpli_beta_C4_F8,0.00039391905663737535
raeisi,svm,wpli_beta_C4_F8,0.0
raeisi,random_forest,wpli_gamma_C4_F8,0.0012884496331989777
raeisi,svm,wpli_gamma_C4_F8,0.0
raeisi,random_forest,wpli_delta_F3_F8,0.0009048440153697099
raeisi,svm,wpli_delta_F3_F8,0.0
raeisi,random_forest,wpli_theta_F3_F8,0.0022545994151750336
raeisi,svm,wpli_theta_F3_F8,0.0
raeisi,random_forest,wpli_alpha_F3_F8,0.01992052771884037
raeisi,svm,wpli_alpha_F3_F8,0.0
raeisi,random_forest,wpli_beta_F3_F8,0.006758794540548685
raeisi,svm,wpli_beta_F3_F8,0.0
raeisi,random_forest,wpli_gamma_F3_F8,0.0005714286470751694
raeisi,svm,wpli_gamma_F3_F8,0.0
raeisi,random_forest,wpli_delta_F4_F8,0.0011764461554196332
raeisi,svm,wpli_delta_F4_F8,0.0
raeisi,random_forest,wpli_theta_F4_F8,0.002204213751858365
raeisi,svm,wpli_theta_F4_F8,0.0
raeisi,random_forest,wpli_alpha_F4_F8,3.6721646784324736e-17
raeisi,svm,wpli_alpha_F4_F8,0.0
raeisi,random_forest,wpli_beta_F4_F8,0.0
raeisi,svm,wpli_beta_F4_F8,0.0
raeisi,random_forest,wpli_gamma_F4_F8,0.0
raeisi,svm,wpli_gamma_F4_F8,0.0
raeisi,random_forest,wpli_delta_F7_F8,0.0021834734338080954
raeisi,svm,wpli_delta_F7_F8,0.0
raeisi,random_forest,wpli_theta_F7_F8,0.004400999397696278
raeisi,svm,wpli_theta_F7_F8,0.0
raeisi,random_forest,wpli_alpha_F7_F8,0.004365305691988871
raeisi,svm,wpli_alpha_F7_F8,0.0
raeisi,random_forest,wpli_beta_F7_F8,0.0005203713296824911
raeisi,svm,wpli_beta_F7_F8,0.0
raeisi,random_forest,wpli_gamma_F7_F8,0.0
raeisi,svm,wpli_gamma_F7_F8,0.0
raeisi,random_forest,wpli_delta_C3_Fp1,0.0009539890855449147
raeisi,svm,wpli_delta_C3_Fp1,0.0
raeisi,random_forest,wpli_theta_C3_Fp1,0.0005588549785996793
raeisi,svm,wpli_theta_C3_Fp1,0.0
raeisi,random_forest,wpli_alpha_C3_Fp1,0.001612714131167362
raeisi,svm,wpli_alpha_C3_Fp1,0.0
raeisi,random_forest,wpli_beta_C3_Fp1,0.0
raeisi,svm,wpli_beta_C3_Fp1,0.0
raeisi,random_forest,wpli_gamma_C3_Fp1,0.001099287902882908
raeisi,svm,wpli_gamma_C3_Fp1,0.0
raeisi,random_forest,wpli_delta_C4_Fp1,0.0009239862241526669
raeisi,svm,wpli_delta_C4_Fp1,0.0
raeisi,random_forest,wpli_theta_C4_Fp1,5.107590810540199e-17
raeisi,svm,wpli_theta_C4_Fp1,0.0
raeisi,random_forest,wpli_alpha_C4_Fp1,0.0
raeisi,svm,wpli_alpha_C4_Fp1,0.0
raeisi,random_forest,wpli_beta_C4_Fp1,0.0009880299925403178
raeisi,svm,wpli_beta_C4_Fp1,0.0
raeisi,random_forest,wpli_gamma_C4_Fp1,0.0
raeisi,svm,wpli_gamma_C4_Fp1,0.0
raeisi,random_forest,wpli_delta_F3_Fp1,0.0022665081232612454
raeisi,svm,wpli_delta_F3_Fp1,0.0
raeisi,random_forest,wpli_theta_F3_Fp1,0.004365523641129468
raeisi,svm,wpli_theta_F3_Fp1,0.0
raeisi,random_forest,wpli_alpha_F3_Fp1,0.00856679498730432
raeisi,svm,wpli_alpha_F3_Fp1,0.0
raeisi,random_forest,wpli_beta_F3_Fp1,0.001039965296812366
raeisi,svm,wpli_beta_F3_Fp1,0.0
raeisi,random_forest,wpli_gamma_F3_Fp1,0.0005192559488119875
raeisi,svm,wpli_gamma_F3_Fp1,0.0
raeisi,random_forest,wpli_delta_F4_Fp1,0.000545285217039081
raeisi,svm,wpli_delta_F4_Fp1,0.0
raeisi,random_forest,wpli_theta_F4_Fp1,0.0
raeisi,svm,wpli_theta_F4_Fp1,0.0
raeisi,random_forest,wpli_alpha_F4_Fp1,0.018192826037463274
raeisi,svm,wpli_alpha_F4_Fp1,0.0
raeisi,random_forest,wpli_beta_F4_Fp1,0.0007756217261465612
raeisi,svm,wpli_beta_F4_Fp1,0.0
raeisi,random_forest,wpli_gamma_F4_Fp1,0.0005045473186472017
raeisi,svm,wpli_gamma_F4_Fp1,0.0
raeisi,random_forest,wpli_delta_F7_Fp1,0.0009883774558032737
raeisi,svm,wpli_delta_F7_Fp1,0.0
raeisi,random_forest,wpli_theta_F7_Fp1,0.0
raeisi,svm,wpli_theta_F7_Fp1,0.0
raeisi,random_forest,wpli_alpha_F7_Fp1,0.0009793388764199743
raeisi,svm,wpli_alpha_F7_Fp1,0.0
raeisi,random_forest,wpli_beta_F7_Fp1,0.009891734762515763
raeisi,svm,wpli_beta_F7_Fp1,0.0
raeisi,random_forest,wpli_gamma_F7_Fp1,0.0010019131450714563
raeisi,svm,wpli_gamma_F7_Fp1,0.0
raeisi,random_forest,wpli_delta_F8_Fp1,0.0008612299605619427
raeisi,svm,wpli_delta_F8_Fp1,0.0
raeisi,random_forest,wpli_theta_F8_Fp1,0.0
raeisi,svm,wpli_theta_F8_Fp1,0.0
raeisi,random_forest,wpli_alpha_F8_Fp1,0.0047362829686589504
raeisi,svm,wpli_alpha_F8_Fp1,0.0
raeisi,random_forest,wpli_beta_F8_Fp1,0.0028742722494789034
raeisi,svm,wpli_beta_F8_Fp1,0.0
raeisi,random_forest,wpli_gamma_F8_Fp1,0.0
raeisi,svm,wpli_gamma_F8_Fp1,0.0
raeisi,random_forest,wpli_delta_C3_Fp2,7.595865540621749e-18
raeisi,svm,wpli_delta_C3_Fp2,0.0
raeisi,random_forest,wpli_theta_C3_Fp2,0.0011324883481055653
raeisi,svm,wpli_theta_C3_Fp2,0.0
raeisi,random_forest,wpli_alpha_C3_Fp2,0.0007818925109348279
raeisi,svm,wpli_alpha_C3_Fp2,0.0
raeisi,random_forest,wpli_beta_C3_Fp2,0.0004029944462371851
raeisi,svm,wpli_beta_C3_Fp2,0.0
raeisi,random_forest,wpli_gamma_C3_Fp2,0.000625972559351511
raeisi,svm,wpli_gamma_C3_Fp2,0.0
raeisi,random_forest,wpli_delta_C4_Fp2,0.0017766912281210639
raeisi,svm,wpli_delta_C4_Fp2,0.0
raeisi,random_forest,wpli_theta_C4_Fp2,0.0008927486641181894
raeisi,svm,wpli_theta_C4_Fp2,0.0
raeisi,random_forest,wpli_alpha_C4_Fp2,0.0027180691377165717
raeisi,svm,wpli_alpha_C4_Fp2,0.0
raeisi,random_forest,wpli_beta_C4_Fp2,0.0
raeisi,svm,wpli_beta_C4_Fp2,0.0
raeisi,random_forest,wpli_gamma_C4_Fp2,0.0031238884504605556
raeisi,svm,wpli_gamma_C4_Fp2,0.0
raeisi,random_forest,wpli_delta_F3_Fp2,0.0016724232295301322
raeisi,svm,wpli_delta_F3_Fp2,0.0
raeisi,random_forest,wpli_theta_F3_Fp2,0.0017936185842340369
raeisi,svm,wpli_theta_F3_Fp2,0.0
raeisi,random_forest,wpli_alpha_F3_Fp2,0.008005763485643596
raeisi,svm,wpli_alpha_F3_Fp2,0.0
raeisi,random_forest,wpli_beta_F3_Fp2,0.0
raeisi,svm,wpli_beta_F3_Fp2,0.0
raeisi,random_forest,wpli_gamma_F3_Fp2,0.0
raeisi,svm,wpli_gamma_F3_Fp2,0.0
raeisi,random_forest,wpli_delta_F4_Fp2,0.0013306968104288383
raeisi,svm,wpli_delta_F4_Fp2,0.0
raeisi,random_forest,wpli_theta_F4_Fp2,0.001219010888309008
raeisi,svm,wpli_theta_F4_Fp2,0.0
raeisi,random_forest,wpli_alpha_F4_Fp2,0.0023327263834010885
raeisi,svm,wpli_alpha_F4_Fp2,0.0
raeisi,random_forest,wpli_beta_F4_Fp2,0.0
raeisi,svm,wpli_beta_F4_Fp2,0.0
raeisi,random_forest,wpli_gamma_F4_Fp2,0.0016661959126310227
raeisi,svm,wpli_gamma_F4_Fp2,0.0
raeisi,random_forest,wpli_delta_F7_Fp2,0.013207994282965554
raeisi,svm,wpli_delta_F7_Fp2,0.0
raeisi,random_forest,wpli_theta_F7_Fp2,0.0009489115255282836
raeisi,svm,wpli_theta_F7_Fp2,0.0
raeisi,random_forest,wpli_alpha_F7_Fp2,0.0005090778396682135
raeisi,svm,wpli_alpha_F7_Fp2,0.0
raeisi,random_forest,wpli_beta_F7_Fp2,0.0009959290703926197
raeisi,svm,wpli_beta_F7_Fp2,0.0
raeisi,random_forest,wpli_gamma_F7_Fp2,1.2102972297693821e-17
raeisi,svm,wpli_gamma_F7_Fp2,0.0
raeisi,random_forest,wpli_delta_F8_Fp2,4.0908355551161734e-17
raeisi,svm,wpli_delta_F8_Fp2,0.0
raeisi,random_forest,wpli_theta_F8_Fp2,0.00135258372174915
raeisi,svm,wpli_theta_F8_Fp2,0.0
raeisi,random_forest,wpli_alpha_F8_Fp2,0.0062768960190300975
raeisi,svm,wpli_alpha_F8_Fp2,0.0
raeisi,random_forest,wpli_beta_F8_Fp2,2.397293907375433e-17
raeisi,svm,wpli_beta_F8_Fp2,0.0
raeisi,random_forest,wpli_gamma_F8_Fp2,0.000752837139088606
raeisi,svm,wpli_gamma_F8_Fp2,0.0
raeisi,random_forest,wpli_delta_Fp1_Fp2,0.0010406025304551282
raeisi,svm,wpli_delta_Fp1_Fp2,0.0
raeisi,random_forest,wpli_theta_Fp1_Fp2,0.0
raeisi,svm,wpli_theta_Fp1_Fp2,0.0
raeisi,random_forest,wpli_alpha_Fp1_Fp2,0.004440069845949295
raeisi,svm,wpli_alpha_Fp1_Fp2,0.0
raeisi,random_forest,wpli_beta_Fp1_Fp2,0.0009579380067596785
raeisi,svm,wpli_beta_Fp1_Fp2,0.0
raeisi,random_forest,wpli_gamma_Fp1_Fp2,0.0
raeisi,svm,wpli_gamma_Fp1_Fp2,0.0
raeisi,random_forest,wpli_delta_C3_Fz,0.005129828017293629
raeisi,svm,wpli_delta_C3_Fz,0.0
raeisi,random_forest,wpli_theta_C3_Fz,0.0030012407619646763
raeisi,svm,wpli_theta_C3_Fz,0.0
raeisi,random_forest,wpli_alpha_C3_Fz,0.009132857864492696
raeisi,svm,wpli_alpha_C3_Fz,0.0
raeisi,random_forest,wpli_beta_C3_Fz,0.0
raeisi,svm,wpli_beta_C3_Fz,0.0
raeisi,random_forest,wpli_gamma_C3_Fz,0.0009386333302652033
raeisi,svm,wpli_gamma_C3_Fz,0.0
raeisi,random_forest,wpli_delta_C4_Fz,0.0014690249953893198
raeisi,svm,wpli_delta_C4_Fz,0.0
raeisi,random_forest,wpli_theta_C4_Fz,0.0007984653831526075
raeisi,svm,wpli_theta_C4_Fz,0.0
raeisi,random_forest,wpli_alpha_C4_Fz,0.02858200876328108
raeisi,svm,wpli_alpha_C4_Fz,0.0
raeisi,random_forest,wpli_beta_C4_Fz,0.0005435284697834253
raeisi,svm,wpli_beta_C4_Fz,0.0
raeisi,random_forest,wpli_gamma_C4_Fz,5.589480270977077e-17
raeisi,svm,wpli_gamma_C4_Fz,0.0
raeisi,random_forest,wpli_delta_F3_Fz,0.003777899822611419
raeisi,svm,wpli_delta_F3_Fz,0.0
raeisi,random_forest,wpli_theta_F3_Fz,0.0014955222430307403
raeisi,svm,wpli_theta_F3_Fz,0.0
raeisi,random_forest,wpli_alpha_F3_Fz,0.005131022703539659
raeisi,svm,wpli_alpha_F3_Fz,0.0
raeisi,random_forest,wpli_beta_F3_Fz,0.0005366896724129049
raeisi,svm,wpli_beta_F3_Fz,0.0
raeisi,random_forest,wpli_gamma_F3_Fz,0.0
raeisi,svm,wpli_gamma_F3_Fz,0.0
raeisi,random_forest,wpli_delta_F4_Fz,0.0028007471092737824
raeisi,svm,wpli_delta_F4_Fz,0.0
raeisi,random_forest,wpli_theta_F4_Fz,0.000755684282228118
raeisi,svm,wpli_theta_F4_Fz,0.0
raeisi,random_forest,wpli_alpha_F4_Fz,0.0007033671428740311
raeisi,svm,wpli_alpha_F4_Fz,0.0
raeisi,random_forest,wpli_beta_F4_Fz,0.001815670746598612
raeisi,svm,wpli_beta_F4_Fz,0.0
raeisi,random_forest,wpli_gamma_F4_Fz,0.0022352540417600723
raeisi,svm,wpli_gamma_F4_Fz,0.0
raeisi,random_forest,wpli_delta_F7_Fz,0.0005467939577949006
raeisi,svm,wpli_delta_F7_Fz,0.0
raeisi,random_forest,wpli_theta_F7_Fz,0.0025060474452389013
raeisi,svm,wpli_theta_F7_Fz,0.0
raeisi,random_forest,wpli_alpha_F7_Fz,0.008526129447642822
raeisi,svm,wpli_alpha_F7_Fz,0.0
raeisi,random_forest,wpli_beta_F7_Fz,0.0005867470596189174
raeisi,svm,wpli_beta_F7_Fz,0.0
raeisi,random_forest,wpli_gamma_F7_Fz,3.763279953557987e-17
raeisi,svm,wpli_gamma_F7_Fz,0.0
raeisi,random_forest,wpli_delta_F8_Fz,0.001117550726210022
raeisi,svm,wpli_delta_F8_Fz,0.0
raeisi,random_forest,wpli_theta_F8_Fz,0.0023238570629170448
raeisi,svm,wpli_theta_F8_Fz,0.0
raeisi,random_forest,wpli_alpha_F8_Fz,0.006689818888853537
raeisi,svm,wpli_alpha_F8_Fz,0.0
raeisi,random_forest,wpli_beta_F8_Fz,0.0017108497540960512
raeisi,svm,wpli_beta_F8_Fz,0.0
raeisi,random_forest,wpli_gamma_F8_Fz,0.001938228444224723
raeisi,svm,wpli_gamma_F8_Fz,0.0
raeisi,random_forest,wpli_delta_Fp1_Fz,0.0007305767148488468
raeisi,svm,wpli_delta_Fp1_Fz,0.0
raeisi,random_forest,wpli_theta_Fp1_Fz,0.0008894469073953185
raeisi,svm,wpli_theta_Fp1_Fz,0.0
raeisi,random_forest,wpli_alpha_Fp1_Fz,0.022692202301479624
raeisi,svm,wpli_alpha_Fp1_Fz,0.0
raeisi,random_forest,wpli_beta_Fp1_Fz,0.0009017418835008777
raeisi,svm,wpli_beta_Fp1_Fz,0.0
raeisi,random_forest,wpli_gamma_Fp1_Fz,2.1037278371833445e-17
raeisi,svm,wpli_gamma_Fp1_Fz,0.0
raeisi,random_forest,wpli_delta_Fp2_Fz,0.003525028883342891
raeisi,svm,wpli_delta_Fp2_Fz,0.0
raeisi,random_forest,wpli_theta_Fp2_Fz,0.0007015043487685524
raeisi,svm,wpli_theta_Fp2_Fz,0.0
raeisi,random_forest,wpli_alpha_Fp2_Fz,0.0024678527101787214
raeisi,svm,wpli_alpha_Fp2_Fz,0.0
raeisi,random_forest,wpli_beta_Fp2_Fz,0.00445786653527035
raeisi,svm,wpli_beta_Fp2_Fz,0.0
raeisi,random_forest,wpli_gamma_Fp2_Fz,0.0005864447958661797
raeisi,svm,wpli_gamma_Fp2_Fz,0.0
raeisi,random_forest,wpli_delta_C3_P7,0.0008009033358476977
raeisi,svm,wpli_delta_C3_P7,0.0
raeisi,random_forest,wpli_theta_C3_P7,0.00631737858570397
raeisi,svm,wpli_theta_C3_P7,0.0
raeisi,random_forest,wpli_alpha_C3_P7,0.010813216246865718
raeisi,svm,wpli_alpha_C3_P7,0.0
raeisi,random_forest,wpli_beta_C3_P7,0.0017817460871584778
raeisi,svm,wpli_beta_C3_P7,0.0
raeisi,random_forest,wpli_gamma_C3_P7,0.0
raeisi,svm,wpli_gamma_C3_P7,0.0
raeisi,random_forest,wpli_delta_C4_P7,0.0
raeisi,svm,wpli_delta_C4_P7,0.0
raeisi,random_forest,wpli_theta_C4_P7,0.008419391452662543
raeisi,svm,wpli_theta_C4_P7,0.0
raeisi,random_forest,wpli_alpha_C4_P7,0.00021537285096200718
raeisi,svm,wpli_alpha_C4_P7,0.0
raeisi,random_forest,wpli_beta_C4_P7,0.002253850422064239
raeisi,svm,wpli_beta_C4_P7,0.0
raeisi,random_forest,wpli_gamma_C4_P7,0.0
raeisi,svm,wpli_gamma_C4_P7,0.0
raeisi,random_forest,wpli_delta_F3_P7,0.0
raeisi,svm,wpli_delta_F3_P7,0.0
raeisi,random_forest,wpli_theta_F3_P7,0.0068053465613399115
raeisi,svm,wpli_theta_F3_P7,0.0
raeisi,random_forest,wpli_alpha_F3_P7,0.0
raeisi,svm,wpli_alpha_F3_P7,0.0
raeisi,random_forest,wpli_beta_F3_P7,0.007664622715862799
raeisi,svm,wpli_beta_F3_P7,0.0
raeisi,random_forest,wpli_gamma_F3_P7,0.0
raeisi,svm,wpli_gamma_F3_P7,0.0
raeisi,random_forest,wpli_delta_F4_P7,0.005697393497817076
raeisi,svm,wpli_delta_F4_P7,0.0
raeisi,random_forest,wpli_theta_F4_P7,0.007434115416633736
raeisi,svm,wpli_theta_F4_P7,0.0
raeisi,random_forest,wpli_alpha_F4_P7,0.0005029630302116402
raeisi,svm,wpli_alpha_F4_P7,0.0
raeisi,random_forest,wpli_beta_F4_P7,0.016670775015935984
raeisi,svm,wpli_beta_F4_P7,0.0
raeisi,random_forest,wpli_gamma_F4_P7,0.0007179752247250819
raeisi,svm,wpli_gamma_F4_P7,0.0
raeisi,random_forest,wpli_delta_F7_P7,3.5896005714503924e-17
raeisi,svm,wpli_delta_F7_P7,0.0
raeisi,random_forest,wpli_theta_F7_P7,0.0020721886660113285
raeisi,svm,wpli_theta_F7_P7,0.0
raeisi,random_forest,wpli_alpha_F7_P7,0.0055589284909890934
raeisi,svm,wpli_alpha_F7_P7,0.0
raeisi,random_forest,wpli_beta_F7_P7,0.0020902413312843026
raeisi,svm,wpli_beta_F7_P7,0.0
raeisi,random_forest,wpli_gamma_F7_P7,0.001162579207217834
raeisi,svm,wpli_gamma_F7_P7,0.0
raeisi,random_forest,wpli_delta_F8_P7,0.001165949189411677
raeisi,svm,wpli_delta_F8_P7,0.0
raeisi,random_forest,wpli_theta_F8_P7,0.012471241793171068
raeisi,svm,wpli_theta_F8_P7,0.0
raeisi,random_forest,wpli_alpha_F8_P7,0.0011207211713795693
raeisi,svm,wpli_alpha_F8_P7,0.0
raeisi,random_forest,wpli_beta_F8_P7,0.0
raeisi,svm,wpli_beta_F8_P7,0.0
raeisi,random_forest,wpli_gamma_F8_P7,0.002599647906395497
raeisi,svm,wpli_gamma_F8_P7,0.0
raeisi,random_forest,wpli_delta_Fp1_P7,5.321939180205572e-18
raeisi,svm,wpli_delta_Fp1_P7,0.0
raeisi,random_forest,wpli_theta_Fp1_P7,0.0005424225050463579
raeisi,svm,wpli_theta_Fp1_P7,0.0
raeisi,random_forest,wpli_alpha_Fp1_P7,0.0012691903036017474
raeisi,svm,wpli_alpha_Fp1_P7,0.0
raeisi,random_forest,wpli_beta_Fp1_P7,0.001627489243823942
raeisi,svm,wpli_beta_Fp1_P7,0.0
raeisi,random_forest,wpli_gamma_Fp1_P7,0.0009911693854654392
raeisi,svm,wpli_gamma_Fp1_P7,0.0
raeisi,random_forest,wpli_delta_Fp2_P7,0.0018983612191043097
raeisi,svm,wpli_delta_Fp2_P7,0.0
raeisi,random_forest,wpli_theta_Fp2_P7,3.019447728678051e-17
raeisi,svm,wpli_theta_Fp2_P7,0.0
raeisi,random_forest,wpli_alpha_Fp2_P7,0.01677525481256481
raeisi,svm,wpli_alpha_Fp2_P7,0.0
raeisi,random_forest,wpli_beta_Fp2_P7,0.0005885547209350241
raeisi,svm,wpli_beta_Fp2_P7,0.0
raeisi,random_forest,wpli_gamma_Fp2_P7,0.0
raeisi,svm,wpli_gamma_Fp2_P7,0.0
raeisi,random_forest,wpli_delta_Fz_P7,0.003558404037377574
raeisi,svm,wpli_delta_Fz_P7,0.0
raeisi,random_forest,wpli_theta_Fz_P7,0.017014990451776405
raeisi,svm,wpli_theta_Fz_P7,0.0
raeisi,random_forest,wpli_alpha_Fz_P7,0.0014200170567023021
raeisi,svm,wpli_alpha_Fz_P7,0.0
raeisi,random_forest,wpli_beta_Fz_P7,0.001185737106888854
raeisi,svm,wpli_beta_Fz_P7,0.0
raeisi,random_forest,wpli_gamma_Fz_P7,0.007492580770091668
raeisi,svm,wpli_gamma_Fz_P7,0.0
raeisi,random_forest,wpli_delta_C3_P8,0.0020912284045995783
raeisi,svm,wpli_delta_C3_P8,0.0
raeisi,random_forest,wpli_theta_C3_P8,0.0012981116403690761
raeisi,svm,wpli_theta_C3_P8,0.0
raeisi,random_forest,wpli_alpha_C3_P8,0.0009214271118944435
raeisi,svm,wpli_alpha_C3_P8,0.0
raeisi,random_forest,wpli_beta_C3_P8,0.0013014032443334714
raeisi,svm,wpli_beta_C3_P8,0.0
raeisi,random_forest,wpli_gamma_C3_P8,0.0
raeisi,svm,wpli_gamma_C3_P8,0.0
raeisi,random_forest,wpli_delta_C4_P8,0.004339403778434909
raeisi,svm,wpli_delta_C4_P8,0.0
raeisi,random_forest,wpli_theta_C4_P8,0.0
raeisi,svm,wpli_theta_C4_P8,0.0
raeisi,random_forest,wpli_alpha_C4_P8,7.935538600134e-17
raeisi,svm,wpli_alpha_C4_P8,0.0
raeisi,random_forest,wpli_beta_C4_P8,0.001277186690631528
raeisi,svm,wpli_beta_C4_P8,0.0
raeisi,random_forest,wpli_gamma_C4_P8,2.985223820268359e-17
raeisi,svm,wpli_gamma_C4_P8,0.0
raeisi,random_forest,wpli_delta_F3_P8,0.00018388516337339032
raeisi,svm,wpli_delta_F3_P8,0.0
raeisi,random_forest,wpli_theta_F3_P8,0.00029063575048542155
raeisi,svm,wpli_theta_F3_P8,0.0
raeisi,random_forest,wpli_alpha_F3_P8,0.0007740971270449017
raeisi,svm,wpli_alpha_F3_P8,0.0
raeisi,random_forest,wpli_beta_F3_P8,0.002375249738180344
raeisi,svm,wpli_beta_F3_P8,0.0
raeisi,random_forest,wpli_gamma_F3_P8,0.0003909043590898057
raeisi,svm,wpli_gamma_F3_P8,0.0
raeisi,random_forest,wpli_delta_F4_P8,0.00307945201995948
raeisi,svm,wpli_delta_F4_P8,0.0
raeisi,random_forest,wpli_theta_F4_P8,0.016454847122843584
raeisi,svm,wpli_theta_F4_P8,0.0
raeisi,random_forest,wpli_alpha_F4_P8,0.0011348193988666739
raeisi,svm,wpli_alpha_F4_P8,0.0
raeisi,random_forest,wpli_beta_F4_P8,0.0008169729796944459
raeisi,svm,wpli_beta_F4_P8,0.0
raeisi,random_forest,wpli_gamma_F4_P8,0.002004624534970983
raeisi,svm,wpli_gamma_F4_P8,0.0
raeisi,random_forest,wpli_delta_F7_P8,0.0014655699572170835
raeisi,svm,wpli_delta_F7_P8,0.0
raeisi,random_forest,wpli_theta_F7_P8,0.000618709343045827
raeisi,svm,wpli_theta_F7_P8,0.0
raeisi,random_forest,wpli_alpha_F7_P8,0.0
raeisi,svm,wpli_alpha_F7_P8,0.0
raeisi,random_forest,wpli_beta_F7_P8,0.0
raeisi,svm,wpli_beta_F7_P8,0.0
raeisi,random_forest,wpli_gamma_F7_P8,0.001822220184055173
raeisi,svm,wpli_gamma_F7_P8,0.0
raeisi,random_forest,wpli_delta_F8_P8,0.0024831595040546387
raeisi,svm,wpli_delta_F8_P8,0.0
raeisi,random_forest,wpli_theta_F8_P8,0.004369528870391438
raeisi,svm,wpli_theta_F8_P8,0.0
raeisi,random_forest,wpli_alpha_F8_P8,0.0019072976316099944
raeisi,svm,wpli_alpha_F8_P8,0.0
raeisi,random_forest,wpli_beta_F8_P8,0.0009049613415938115
raeisi,svm,wpli_beta_F8_P8,0.0
raeisi,random_forest,wpli_gamma_F8_P8,0.0
raeisi,svm,wpli_gamma_F8_P8,0.0
raeisi,random_forest,wpli_delta_Fp1_P8,0.0030485985404350335
raeisi,svm,wpli_delta_Fp1_P8,0.0
raeisi,random_forest,wpli_theta_Fp1_P8,0.004036136028370756
raeisi,svm,wpli_theta_Fp1_P8,0.0
raeisi,random_forest,wpli_alpha_Fp1_P8,0.00036122703151377335
raeisi,svm,wpli_alpha_Fp1_P8,0.0
raeisi,random_forest,wpli_beta_Fp1_P8,0.005351430535716413
raeisi,svm,wpli_beta_Fp1_P8,0.0
raeisi,random_forest,wpli_gamma_Fp1_P8,0.0
raeisi,svm,wpli_gamma_Fp1_P8,0.0
raeisi,random_forest,wpli_delta_Fp2_P8,0.0002488536966847537
raeisi,svm,wpli_delta_Fp2_P8,0.0
raeisi,random_forest,wpli_theta_Fp2_P8,0.0015521916500445153
raeisi,svm,wpli_theta_Fp2_P8,0.0
raeisi,random_forest,wpli_alpha_Fp2_P8,0.0025599097097109853
raeisi,svm,wpli_alpha_Fp2_P8,0.0
raeisi,random_forest,wpli_beta_Fp2_P8,0.004541115404708542
raeisi,svm,wpli_beta_Fp2_P8,0.0
raeisi,random_forest,wpli_gamma_Fp2_P8,3.8960745895356996e-17
raeisi,svm,wpli_gamma_Fp2_P8,0.0
raeisi,random_forest,wpli_delta_Fz_P8,0.0
raeisi,svm,wpli_delta_Fz_P8,0.0
raeisi,random_forest,wpli_theta_Fz_P8,2.4187855564526002e-17
raeisi,svm,wpli_theta_Fz_P8,0.0
raeisi,random_forest,wpli_alpha_Fz_P8,0.003796093415118284
raeisi,svm,wpli_alpha_Fz_P8,0.0
raeisi,random_forest,wpli_beta_Fz_P8,0.002830595168404089
raeisi,svm,wpli_beta_Fz_P8,0.0
raeisi,random_forest,wpli_gamma_Fz_P8,0.0029627377153132782
raeisi,svm,wpli_gamma_Fz_P8,0.0
raeisi,random_forest,wpli_delta_P7_P8,0.000852455794428855
raeisi,svm,wpli_delta_P7_P8,0.0
raeisi,random_forest,wpli_theta_P7_P8,0.004943036929911088
raeisi,svm,wpli_theta_P7_P8,0.0
raeisi,random_forest,wpli_alpha_P7_P8,0.0005297072936969344
raeisi,svm,wpli_alpha_P7_P8,0.0
raeisi,random_forest,wpli_beta_P7_P8,0.003326446886642549
raeisi,svm,wpli_beta_P7_P8,0.0
raeisi,random_forest,wpli_gamma_P7_P8,1.6039962262963006e-17
raeisi,svm,wpli_gamma_P7_P8,0.0
raeisi,random_forest,wpli_delta_C3_T7,0.0
raeisi,svm,wpli_delta_C3_T7,0.0
raeisi,random_forest,wpli_theta_C3_T7,0.0
raeisi,svm,wpli_theta_C3_T7,0.0
raeisi,random_forest,wpli_alpha_C3_T7,0.006839310179169684
raeisi,svm,wpli_alpha_C3_T7,0.0
raeisi,random_forest,wpli_beta_C3_T7,0.00813490068639235
raeisi,svm,wpli_beta_C3_T7,0.0
raeisi,random_forest,wpli_gamma_C3_T7,0.0010159848921565675
raeisi,svm,wpli_gamma_C3_T7,0.0
raeisi,random_forest,wpli_delta_C4_T7,7.292135517031861e-05
raeisi,svm,wpli_delta_C4_T7,0.0
raeisi,random_forest,wpli_theta_C4_T7,0.004556874936103379
raeisi,svm,wpli_theta_C4_T7,0.0
raeisi,random_forest,wpli_alpha_C4_T7,0.0043005954132100815
raeisi,svm,wpli_alpha_C4_T7,0.0
raeisi,random_forest,wpli_beta_C4_T7,4.826224871379365e-17
raeisi,svm,wpli_beta_C4_T7,0.0
raeisi,random_forest,wpli_gamma_C4_T7,0.000960782385704708
raeisi,svm,wpli_gamma_C4_T7,0.0
raeisi,random_forest,wpli_delta_F3_T7,0.0015410608315175544
raeisi,svm,wpli_delta_F3_T7,0.0
raeisi,random_forest,wpli_theta_F3_T7,0.0015681233304943045
raeisi,svm,wpli_theta_F3_T7,0.0
raeisi,random_forest,wpli_alpha_F3_T7,0.007681491673886578
raeisi,svm,wpli_alpha_F3_T7,0.0
raeisi,random_forest,wpli_beta_F3_T7,0.01980049383514344
raeisi,svm,wpli_beta_F3_T7,0.0
raeisi,random_forest,wpli_gamma_F3_T7,0.0007922514152859543
raeisi,svm,wpli_gamma_F3_T7,0.0
raeisi,random_forest,wpli_delta_F4_T7,0.00022439226647361646
raeisi,svm,wpli_delta_F4_T7,0.0
raeisi,random_forest,wpli_theta_F4_T7,0.0021385399626608847
raeisi,svm,wpli_theta_F4_T7,0.0
raeisi,random_forest,wpli_alpha_F4_T7,0.0075250273792376995
raeisi,svm,wpli_alpha_F4_T7,0.0
raeisi,random_forest,wpli_beta_F4_T7,0.01295140724691051
raeisi,svm,wpli_beta_F4_T7,0.0
raeisi,random_forest,wpli_gamma_F4_T7,0.0
raeisi,svm,wpli_gamma_F4_T7,0.0
raeisi,random_forest,wpli_delta_F7_T7,0.0005717565198943872
raeisi,svm,wpli_delta_F7_T7,0.0
raeisi,random_forest,wpli_theta_F7_T7,0.0
raeisi,svm,wpli_theta_F7_T7,0.0
raeisi,random_forest,wpli_alpha_F7_T7,0.004927697109069617
raeisi,svm,wpli_alpha_F7_T7,0.0
raeisi,random_forest,wpli_beta_F7_T7,0.006423809189347647
raeisi,svm,wpli_beta_F7_T7,0.0
raeisi,random_forest,wpli_gamma_F7_T7,5.4614185115593555e-18
raeisi,svm,wpli_gamma_F7_T7,0.0
raeisi,random_forest,wpli_delta_F8_T7,0.0
raeisi,svm,wpli_delta_F8_T7,0.0
raeisi,random_forest,wpli_theta_F8_T7,0.010772519321411617
raeisi,svm,wpli_theta_F8_T7,0.0
raeisi,random_forest,wpli_alpha_F8_T7,0.002858974754431286
raeisi,svm,wpli_alpha_F8_T7,0.0
raeisi,random_forest,wpli_beta_F8_T7,0.0018492688368176202
raeisi,svm,wpli_beta_F8_T7,0.0
raeisi,random_forest,wpli_gamma_F8_T7,0.0007258667373806691
raeisi,svm,wpli_gamma_F8_T7,0.0
raeisi,random_forest,wpli_delta_Fp1_T7,0.0005586827063526109
raeisi,svm,wpli_delta_Fp1_T7,0.0
raeisi,random_forest,wpli_theta_Fp1_T7,0.0005889259577546837
raeisi,svm,wpli_theta_Fp1_T7,0.0
raeisi,random_forest,wpli_alpha_Fp1_T7,0.006489925237450362
raeisi,svm,wpli_alpha_Fp1_T7,0.0
raeisi,random_forest,wpli_beta_Fp1_T7,0.005157074255647093
raeisi,svm,wpli_beta_Fp1_T7,0.0
raeisi,random_forest,wpli_gamma_Fp1_T7,0.0033437010332764533
raeisi,svm,wpli_gamma_Fp1_T7,0.0
raeisi,random_forest,wpli_delta_Fp2_T7,0.0
raeisi,svm,wpli_delta_Fp2_T7,0.0
raeisi,random_forest,wpli_theta_Fp2_T7,0.0
raeisi,svm,wpli_theta_Fp2_T7,0.0
raeisi,random_forest,wpli_alpha_Fp2_T7,0.004129755025345653
raeisi,svm,wpli_alpha_Fp2_T7,0.0
raeisi,random_forest,wpli_beta_Fp2_T7,0.0037727537085903047
raeisi,svm,wpli_beta_Fp2_T7,0.0
raeisi,random_forest,wpli_gamma_Fp2_T7,0.0
raeisi,svm,wpli_gamma_Fp2_T7,0.0
raeisi,random_forest,wpli_delta_Fz_T7,0.0024937877816261786
raeisi,svm,wpli_delta_Fz_T7,0.0
raeisi,random_forest,wpli_theta_Fz_T7,2.241912716870345e-17
raeisi,svm,wpli_theta_Fz_T7,0.0
raeisi,random_forest,wpli_alpha_Fz_T7,0.005661716150824701
raeisi,svm,wpli_alpha_Fz_T7,0.0
raeisi,random_forest,wpli_beta_Fz_T7,0.003921680827637009
raeisi,svm,wpli_beta_Fz_T7,0.0
raeisi,random_forest,wpli_gamma_Fz_T7,0.0012623486195031217
raeisi,svm,wpli_gamma_Fz_T7,0.0
raeisi,random_forest,wpli_delta_P7_T7,0.0009352916559248982
raeisi,svm,wpli_delta_P7_T7,0.0
raeisi,random_forest,wpli_theta_P7_T7,0.0020929728593140607
raeisi,svm,wpli_theta_P7_T7,0.0
raeisi,random_forest,wpli_alpha_P7_T7,0.005455514498262576
raeisi,svm,wpli_alpha_P7_T7,0.0
raeisi,random_forest,wpli_beta_P7_T7,0.0020680353520096755
raeisi,svm,wpli_beta_P7_T7,0.0
raeisi,random_forest,wpli_gamma_P7_T7,0.0
raeisi,svm,wpli_gamma_P7_T7,0.0
raeisi,random_forest,wpli_delta_P8_T7,0.0005498189828658981
raeisi,svm,wpli_delta_P8_T7,0.0
raeisi,random_forest,wpli_theta_P8_T7,0.0010520186066874464
raeisi,svm,wpli_theta_P8_T7,0.0
raeisi,random_forest,wpli_alpha_P8_T7,0.0021424307456903956
raeisi,svm,wpli_alpha_P8_T7,0.0
raeisi,random_forest,wpli_beta_P8_T7,0.004642432107947363
raeisi,svm,wpli_beta_P8_T7,0.0
raeisi,random_forest,wpli_gamma_P8_T7,0.0028178662500573217
raeisi,svm,wpli_gamma_P8_T7,0.0
raeisi,random_forest,wpli_delta_C3_T8,0.0
raeisi,svm,wpli_delta_C3_T8,0.0
raeisi,random_forest,wpli_theta_C3_T8,0.0028346404547026083
raeisi,svm,wpli_theta_C3_T8,0.0
raeisi,random_forest,wpli_alpha_C3_T8,0.0008117903682386878
raeisi,svm,wpli_alpha_C3_T8,0.0
raeisi,random_forest,wpli_beta_C3_T8,0.0007468982383302461
raeisi,svm,wpli_beta_C3_T8,0.0
raeisi,random_forest,wpli_gamma_C3_T8,0.0008379848585254318
raeisi,svm,wpli_gamma_C3_T8,0.0
raeisi,random_forest,wpli_delta_C4_T8,1.2971445649230623e-17
raeisi,svm,wpli_delta_C4_T8,0.0
raeisi,random_forest,wpli_theta_C4_T8,0.0005812543708616181
raeisi,svm,wpli_theta_C4_T8,0.0
raeisi,random_forest,wpli_alpha_C4_T8,0.006688547366772431
raeisi,svm,wpli_alpha_C4_T8,0.0
raeisi,random_forest,wpli_beta_C4_T8,0.0012483325878548729
raeisi,svm,wpli_beta_C4_T8,0.0
raeisi,random_forest,wpli_gamma_C4_T8,0.0014555010313345774
raeisi,svm,wpli_gamma_C4_T8,0.0
raeisi,random_forest,wpli_delta_F3_T8,0.0
raeisi,svm,wpli_delta_F3_T8,0.0
raeisi,random_forest,wpli_theta_F3_T8,0.0029976228790062663
raeisi,svm,wpli_theta_F3_T8,0.0
raeisi,random_forest,wpli_alpha_F3_T8,0.00415180328977157
raeisi,svm,wpli_alpha_F3_T8,0.0
raeisi,random_forest,wpli_beta_F3_T8,0.00010758558249878409
raeisi,svm,wpli_beta_F3_T8,0.0
raeisi,random_forest,wpli_gamma_F3_T8,0.0008008293650877042
raeisi,svm,wpli_gamma_F3_T8,0.0
raeisi,random_forest,wpli_delta_F4_T8,0.0035308840140235633
raeisi,svm,wpli_delta_F4_T8,0.0
raeisi,random_forest,wpli_theta_F4_T8,0.00037098580694958696
raeisi,svm,wpli_theta_F4_T8,0.0
raeisi,random_forest,wpli_alpha_F4_T8,0.0007514670567213086
raeisi,svm,wpli_alpha_F4_T8,0.0
raeisi,random_forest,wpli_beta_F4_T8,0.0009557110101752653
raeisi,svm,wpli_beta_F4_T8,0.0
raeisi,random_forest,wpli_gamma_F4_T8,0.0013503449126301636
raeisi,svm,wpli_gamma_F4_T8,0.0
raeisi,random_forest,wpli_delta_F7_T8,0.0020773304554384613
raeisi,svm,wpli_delta_F7_T8,0.0
raeisi,random_forest,wpli_theta_F7_T8,0.0010607026208986478
raeisi,svm,wpli_theta_F7_T8,0.0
raeisi,random_forest,wpli_alpha_F7_T8,0.0022920583150251887
raeisi,svm,wpli_alpha_F7_T8,0.0
raeisi,random_forest,wpli_beta_F7_T8,0.00054347652376994
raeisi,svm,wpli_beta_F7_T8,0.0
raeisi,random_forest,wpli_gamma_F7_T8,0.0
raeisi,svm,wpli_gamma_F7_T8,0.0
raeisi,random_forest,wpli_delta_F8_T8,0.003027083316596702
raeisi,svm,wpli_delta_F8_T8,0.0
raeisi,random_forest,wpli_theta_F8_T8,0.0016309201965726927
raeisi,svm,wpli_theta_F8_T8,0.0
raeisi,random_forest,wpli_alpha_F8_T8,0.0038338188948167174
raeisi,svm,wpli_alpha_F8_T8,0.0
raeisi,random_forest,wpli_beta_F8_T8,0.022613923672530612
raeisi,svm,wpli_beta_F8_T8,0.0
raeisi,random_forest,wpli_gamma_F8_T8,0.0
raeisi,svm,wpli_gamma_F8_T8,0.0
raeisi,random_forest,wpli_delta_Fp1_T8,0.0014251971681193232
raeisi,svm,wpli_delta_Fp1_T8,0.0
raeisi,random_forest,wpli_theta_Fp1_T8,0.001033034491004984
raeisi,svm,wpli_theta_Fp1_T8,0.0
raeisi,random_forest,wpli_alpha_Fp1_T8,0.0040647879246643185
raeisi,svm,wpli_alpha_Fp1_T8,0.0
raeisi,random_forest,wpli_beta_Fp1_T8,0.0011204919551875952
raeisi,svm,wpli_beta_Fp1_T8,0.0
raeisi,random_forest,wpli_gamma_Fp1_T8,0.0008522788698721852
raeisi,svm,wpli_gamma_Fp1_T8,0.0
raeisi,random_forest,wpli_delta_Fp2_T8,0.00046304658795054735
raeisi,svm,wpli_delta_Fp2_T8,0.0
raeisi,random_forest,wpli_theta_Fp2_T8,0.0
raeisi,svm,wpli_theta_Fp2_T8,0.0
raeisi,random_forest,wpli_alpha_Fp2_T8,0.0023051594297368444
raeisi,svm,wpli_alpha_Fp2_T8,0.0
raeisi,random_forest,wpli_beta_Fp2_T8,0.0
raeisi,svm,wpli_beta_Fp2_T8,0.0
raeisi,random_forest,wpli_gamma_Fp2_T8,0.0010664276168428127
raeisi,svm,wpli_gamma_Fp2_T8,0.0
raeisi,random_forest,wpli_delta_Fz_T8,0.001412525041729981
raeisi,svm,wpli_delta_Fz_T8,0.0
raeisi,random_forest,wpli_theta_Fz_T8,0.0014806581798773152
raeisi,svm,wpli_theta_Fz_T8,0.0
raeisi,random_forest,wpli_alpha_Fz_T8,3.477848710954527e-17
raeisi,svm,wpli_alpha_Fz_T8,0.0
raeisi,random_forest,wpli_beta_Fz_T8,0.0011986021795049916
raeisi,svm,wpli_beta_Fz_T8,0.0
raeisi,random_forest,wpli_gamma_Fz_T8,1.781218570312243e-17
raeisi,svm,wpli_gamma_Fz_T8,0.0
raeisi,random_forest,wpli_delta_P7_T8,5.867474074249778e-17
raeisi,svm,wpli_delta_P7_T8,0.0
raeisi,random_forest,wpli_theta_P7_T8,0.002169234665650366
raeisi,svm,wpli_theta_P7_T8,0.0
raeisi,random_forest,wpli_alpha_P7_T8,0.0010925298536805282
raeisi,svm,wpli_alpha_P7_T8,0.0
raeisi,random_forest,wpli_beta_P7_T8,0.018887319759554485
raeisi,svm,wpli_beta_P7_T8,0.0
raeisi,random_forest,wpli_gamma_P7_T8,6.674696178901739e-06
raeisi,svm,wpli_gamma_P7_T8,0.0
raeisi,random_forest,wpli_delta_P8_T8,1.0691832189141209e-17
raeisi,svm,wpli_delta_P8_T8,0.0
raeisi,random_forest,wpli_theta_P8_T8,0.003234183611526914
raeisi,svm,wpli_theta_P8_T8,0.0
raeisi,random_forest,wpli_alpha_P8_T8,0.0009661765887810515
raeisi,svm,wpli_alpha_P8_T8,0.0
raeisi,random_forest,wpli_beta_P8_T8,0.0005860022405039918
raeisi,svm,wpli_beta_P8_T8,0.0
raeisi,random_forest,wpli_gamma_P8_T8,0.001512596929897176
raeisi,svm,wpli_gamma_P8_T8,0.0
raeisi,random_forest,wpli_delta_T7_T8,0.00040783526971959925
raeisi,svm,wpli_delta_T7_T8,0.0
raeisi,random_forest,wpli_theta_T7_T8,0.0021057499739062153
raeisi,svm,wpli_theta_T7_T8,0.0
raeisi,random_forest,wpli_alpha_T7_T8,0.0036306839557310676
raeisi,svm,wpli_alpha_T7_T8,0.0
raeisi,random_forest,wpli_beta_T7_T8,0.005067352699796473
raeisi,svm,wpli_beta_T7_T8,0.0
raeisi,random_forest,wpli_gamma_T7_T8,0.0
raeisi,svm,wpli_gamma_T7_T8,0.0
raeisi,random_forest,plzc_C3,0.0
raeisi,svm,plzc_C3,0.0
raeisi,random_forest,plzc_C4,0.0
raeisi,svm,plzc_C4,0.0
raeisi,random_forest,plzc_F3,2.2448629879390018e-17
raeisi,svm,plzc_F3,0.0
raeisi,random_forest,plzc_F4,0.0
raeisi,svm,plzc_F4,0.0
raeisi,random_forest,plzc_F7,1.1403046228980553e-17
raeisi,svm,plzc_F7,0.0
raeisi,random_forest,plzc_F8,9.425696381591915e-19
raeisi,svm,plzc_F8,0.0
raeisi,random_forest,plzc_Fp1,8.653840862502605e-18
raeisi,svm,plzc_Fp1,0.0
raeisi,random_forest,plzc_Fp2,4.462526497236264e-18
raeisi,svm,plzc_Fp2,0.0
raeisi,random_forest,plzc_Fz,1.2640751520093298e-18
raeisi,svm,plzc_Fz,0.0
raeisi,random_forest,plzc_P7,1.674487161650534e-17
raeisi,svm,plzc_P7,0.0
raeisi,random_forest,plzc_P8,1.438232811301935e-17
raeisi,svm,plzc_P8,0.0
raeisi,random_forest,plzc_T7,5.03581357267825e-17
raeisi,svm,plzc_T7,0.0
raeisi,random_forest,plzc_T8,1.2971600558896056e-17
raeisi,svm,plzc_T8,0.0
wang,random_forest,power_delta_C3,0.00012478848924386742
wang,svm,power_delta_C3,0.000636456211812697
wang,random_forest,power_theta_C3,0.0005592496608774223
wang,svm,power_theta_C3,0.0005982688391039326
wang,random_forest,power_alpha_C3,9.24049949042835e-09
wang,svm,power_alpha_C3,0.002100305498981758
wang,random_forest,power_beta_C3,0.0004512376954213865
wang,svm,power_beta_C3,0.0006873727087576831
wang,random_forest,power_gamma_C3,0.0006581902524021711
wang,svm,power_gamma_C3,1.2729124236265931e-05
wang,random_forest,power_delta_C4,2.4626102023269348e-17
wang,svm,power_delta_C4,0.00028004073319763955
wang,random_forest,power_theta_C4,8.876167746276306e-06
wang,svm,power_theta_C4,0.0007128309572302149
wang,random_forest,power_alpha_C4,0.0001259047347605207
wang,svm,power_alpha_C4,0.0018329938900204402
wang,random_forest,power_beta_C4,0.0005319604988238536
wang,svm,power_beta_C4,0.00040733197556015456
wang,random_forest,power_gamma_C4,0.00012392606447323259
wang,svm,power_gamma_C4,0.0
wang,random_forest,power_delta_F3,6.672305969001552e-18
wang,svm,power_delta_F3,0.0002927698574338833
wang,random_forest,power_theta_F3,6.77303400097561e-09
wang,svm,power_theta_F3,0.00024185336048886396
wang,random_forest,power_alpha_F3,1.705659943267637e-17
wang,svm,power_alpha_F3,0.0017948065173116756
wang,random_forest,power_beta_F3,0.000657281349244867
wang,svm,power_beta_F3,1.2729124236265931e-05
wang,random_forest,power_gamma_F3,0.00018140271165271435
wang,svm,power_gamma_F3,0.0
wang,random_forest,power_delta_F4,2.5363991548420417e-17
wang,svm,power_delta_F4,0.00016547861507136828
wang,random_forest,power_theta_F4,1.4763991714939075e-17
wang,svm,power_theta_F4,8.910386965381712e-05
wang,random_forest,power_alpha_F4,2.655652066755486e-17
wang,svm,power_alpha_F4,0.0016420570264766732
wang,random_forest,power_beta_F4,3.5534386959416074e-17
wang,svm,power_beta_F4,5.0916496945041526e-05
wang,random_forest,power_gamma_F4,0.0004683068215854583
wang,svm,power_gamma_F4,2.5458248472531862e-05
wang,random_forest,power_delta_F7,1.2469505396739911e-17
wang,svm,power_delta_F7,0.0005473523421589243
wang,random_forest,power_theta_F7,9.381167186451311e-18
wang,svm,power_theta_F7,0.00014002036659886973
wang,random_forest,power_alpha_F7,7.551152295027359e-18
wang,svm,power_alpha_F7,0.0009164969450102589
wang,random_forest,power_beta_F7,9.134080628365356e-05
wang,svm,power_beta_F7,0.0
wang,random_forest,power_gamma_F7,0.0002484448994471275
wang,svm,power_gamma_F7,0.0
wang,random_forest,power_delta_F8,5.7456126348871016e-08
wang,svm,power_delta_F8,0.00043279022403266423
wang,random_forest,power_theta_F8,1.670845522001684e-17
wang,svm,power_theta_F8,5.0916496945063725e-05
wang,random_forest,power_alpha_F8,1.2910805575565914e-17
wang,svm,power_alpha_F8,0.0011074338085540147
wang,random_forest,power_beta_F8,0.0001828899668413796
wang,svm,power_beta_F8,0.0
wang,random_forest,power_gamma_F8,4.696162592321422e-06
wang,svm,power_gamma_F8,0.0
wang,random_forest,power_delta_Fp1,3.3272956222107635e-17
wang,svm,power_delta_Fp1,7.637474541757338e-05
wang,random_forest,power_theta_Fp1,2.3438072488145458e-17
wang,svm,power_theta_Fp1,0.00014002036659885864
wang,random_forest,power_alpha_Fp1,0.00018123389208929292
wang,svm,power_alpha_Fp1,0.0013620162932790891
wang,random_forest,power_beta_Fp1,1.9413115551762478e-17
wang,svm,power_beta_Fp1,0.0
wang,random_forest,power_gamma_Fp1,6.955465086569076e-05
wang,svm,power_gamma_Fp1,0.0
wang,random_forest,power_delta_Fp2,1.612042352786438e-17
wang,svm,power_delta_Fp2,5.0916496945063725e-05
wang,random_forest,power_theta_Fp2,0.0001515154979702333
wang,svm,power_theta_Fp2,0.00017820773930762312
wang,random_forest,power_alpha_Fp2,4.8093417138396655e-05
wang,svm,power_alpha_Fp2,0.0011710794297353
wang,random_forest,power_beta_Fp2,5.2478763444080396e-05
wang,svm,power_beta_Fp2,0.0
wang,random_forest,power_gamma_Fp2,2.72294265071936e-06
wang,svm,power_gamma_Fp2,0.000381873727087656
wang,random_forest,power_delta_Fz,1.7082276545189559e-06
wang,svm,power_delta_Fz,0.000318228105906404
wang,random_forest,power_theta_Fz,0.00028345188624336965
wang,svm,power_theta_Fz,0.00020366598778009948
wang,random_forest,power_alpha_Fz,0.00014873052871578783
wang,svm,power_alpha_Fz,0.0014765784114053383
wang,random_forest,power_beta_Fz,0.0003125889445633228
wang,svm,power_beta_Fz,0.0007128309572302482
wang,random_forest,power_gamma_Fz,5.7659983245145945e-05
wang,svm,power_gamma_Fz,0.0
wang,random_forest,power_delta_P7,5.1471420900495706e-05
wang,svm,power_delta_P7,0.0005728105906314229
wang,random_forest,power_theta_P7,1.4646280662546237e-06
wang,svm,power_theta_P7,0.0002800407331976174
wang,random_forest,power_alpha_P7,9.206870402975028e-18
wang,svm,power_alpha_P7,0.00263492871690435
wang,random_forest,power_beta_P7,5.669500533403439e-05
wang,svm,power_beta_P7,0.0
wang,random_forest,power_gamma_P7,0.00022455767625789822
wang,svm,power_gamma_P7,0.00010183299389008305
wang,random_forest,power_delta_P8,6.674777103099587e-06
wang,svm,power_delta_P8,0.0010819755600815495
wang,random_forest,power_theta_P8,1.6909392377500208e-17
wang,svm,power_theta_P8,0.0005091649694501821
wang,random_forest,power_alpha_P8,1.3619001859034792e-06
wang,svm,power_alpha_P8,0.0016038696537678976
wang,random_forest,power_beta_P8,1.0092849304886923e-06
wang,svm,power_beta_P8,5.0916496945041526e-05
wang,random_forest,power_gamma_P8,9.394636444240773e-05
wang,svm,power_gamma_P8,0.0
wang,random_forest,power_delta_T7,2.3951160464671685e-17
wang,svm,power_delta_T7,0.000763747454175212
wang,random_forest,power_theta_T7,1.759635521324375e-17
wang,svm,power_theta_T7,0.0002545824847251299
wang,random_forest,power_alpha_T7,2.2405766422081226e-17
wang,svm,power_alpha_T7,0.0007382892057027135
wang,random_forest,power_beta_T7,0.0002141813307136476
wang,svm,power_beta_T7,0.0
wang,random_forest,power_gamma_T7,0.00030286735036142543
wang,svm,power_gamma_T7,0.00019093686354385576
wang,random_forest,power_delta_T8,2.189421783668322e-17
wang,svm,power_delta_T8,0.0006873727087577164
wang,random_forest,power_theta_T8,1.137786222188365e-17
wang,svm,power_theta_T8,0.0002163951120163543
wang,random_forest,power_alpha_T8,5.772059265351324e-07
wang,svm,power_alpha_T8,0.0016293279022403962
wang,random_forest,power_beta_T8,0.00011287047273988226
wang,svm,power_beta_T8,0.0
wang,random_forest,power_gamma_T8,0.000567448319259429
wang,svm,power_gamma_T8,0.00011456211812634897
wang,random_forest,wpli_delta_C3_C4,0.004377017560773771
wang,svm,wpli_delta_C3_C4,0.0
wang,random_forest,wpli_theta_C3_C4,0.0015590934310090506
wang,svm,wpli_theta_C3_C4,0.0
wang,random_forest,wpli_alpha_C3_C4,0.0015865001096341017
wang,svm,wpli_alpha_C3_C4,0.0
wang,random_forest,wpli_beta_C3_C4,0.003949143250142737
wang,svm,wpli_beta_C3_C4,0.0
wang,random_forest,wpli_gamma_C3_C4,0.005062284367852681
wang,svm,wpli_gamma_C3_C4,0.0
wang,random_forest,wpli_delta_C3_F3,0.0007120012996466898
wang,svm,wpli_delta_C3_F3,0.0
wang,random_forest,wpli_theta_C3_F3,0.002381471852803911
wang,svm,wpli_theta_C3_F3,0.0
wang,random_forest,wpli_alpha_C3_F3,0.00039277030670693694
wang,svm,wpli_alpha_C3_F3,0.0
wang,random_forest,wpli_beta_C3_F3,0.0029048992791684473
wang,svm,wpli_beta_C3_F3,0.0
wang,random_forest,wpli_gamma_C3_F3,0.000683748251744333
wang,svm,wpli_gamma_C3_F3,0.0
wang,random_forest,wpli_delta_C4_F3,0.001860072596772167
wang,svm,wpli_delta_C4_F3,0.0
wang,random_forest,wpli_theta_C4_F3,0.0011783904104970384
wang,svm,wpli_theta_C4_F3,0.0
wang,random_forest,wpli_alpha_C4_F3,0.0032050241598458817
wang,svm,wpli_alpha_C4_F3,0.0
wang,random_forest,wpli_beta_C4_F3,0.0007176466081640408
wang,svm,wpli_beta_C4_F3,0.0
wang,random_forest,wpli_gamma_C4_F3,0.005077792657371709
wang,svm,wpli_gamma_C4_F3,0.0
wang,random_forest,wpli_delta_C3_F4,0.004302242533740828
wang,svm,wpli_delta_C3_F4,0.0
wang,random_forest,wpli_theta_C3_F4,0.0015521085731740104
wang,svm,wpli_theta_C3_F4,0.0
wang,random_forest,wpli_alpha_C3_F4,0.0012336250036243457
wang,svm,wpli_alpha_C3_F4,0.0
wang,random_forest,wpli_beta_C3_F4,0.003947069371403028
wang,svm,wpli_beta_C3_F4,0.0
wang,random_forest,wpli_gamma_C3_F4,0.0007968931566869392
wang,svm,wpli_gamma_C3_F4,0.0
wang,random_forest,wpli_delta_C4_F4,0.005094879690170468
wang,svm,wpli_delta_C4_F4,0.0
wang,random_forest,wpli_theta_C4_F4,0.0005397463030195433
wang,svm,wpli_theta_C4_F4,0.0
wang,random_forest,wpli_alpha_C4_F4,0.0009062351262722637
wang,svm,wpli_alpha_C4_F4,0.0
wang,random_forest,wpli_beta_C4_F4,0.001568737257360709
wang,svm,wpli_beta_C4_F4,0.0
wang,random_forest,wpli_gamma_C4_F4,0.0016050554811721685
wang,svm,wpli_gamma_C4_F4,0.0
wang,random_forest,wpli_delta_F3_F4,0.0010880845385503395
wang,svm,wpli_delta_F3_F4,0.0
wang,random_forest,wpli_theta_F3_F4,0.0010870002247576225
wang,svm,wpli_theta_F3_F4,0.0
wang,random_forest,wpli_alpha_F3_F4,0.002462966193998514
wang,svm,wpli_alpha_F3_F4,0.0
wang,random_forest,wpli_beta_F3_F4,0.0007628601946699208
wang,svm,wpli_beta_F3_F4,0.0
wang,random_forest,wpli_gamma_F3_F4,0.002300988665012789
wang,svm,wpli_gamma_F3_F4,0.0
wang,random_forest,wpli_delta_C3_F7,0.0018536777551598287
wang,svm,wpli_delta_C3_F7,0.0
wang,random_forest,wpli_theta_C3_F7,0.0013254074643312566
wang,svm,wpli_theta_C3_F7,0.0
wang,random_forest,wpli_alpha_C3_F7,0.0012745960183134467
wang,svm,wpli_alpha_C3_F7,0.0
wang,random_forest,wpli_beta_C3_F7,0.004035706333776847
wang,svm,wpli_beta_C3_F7,0.0
wang,random_forest,wpli_gamma_C3_F7,0.0007768828681067754
wang,svm,wpli_gamma_C3_F7,0.0
wang,random_forest,wpli_delta_C4_F7,0.0009494978974066074
wang,svm,wpli_delta_C4_F7,0.0
wang,random_forest,wpli_theta_C4_F7,0.001756948492518956
wang,svm,wpli_theta_C4_F7,0.0
wang,random_forest,wpli_alpha_C4_F7,0.000949750749298512
wang,svm,wpli_alpha_C4_F7,0.0
wang,random_forest,wpli_beta_C4_F7,0.0016908215017727136
wang,svm,wpli_beta_C4_F7,0.0
wang,random_forest,wpli_gamma_C4_F7,0.003068805693984321
wang,svm,wpli_gamma_C4_F7,0.0
wang,random_forest,wpli_delta_F3_F7,0.0008435453871806496
wang,svm,wpli_delta_F3_F7,0.0
wang,random_forest,wpli_theta_F3_F7,0.0010261487515320655
wang,svm,wpli_theta_F3_F7,0.0
wang,random_forest,wpli_alpha_F3_F7,0.0013005631745151005
wang,svm,wpli_alpha_F3_F7,0.0
wang,random_forest,wpli_beta_F3_F7,0.002110344061023906
wang,svm,wpli_beta_F3_F7,0.0
wang,random_forest,wpli_gamma_F3_F7,0.0015227559930684697
wang,svm,wpli_gamma_F3_F7,0.0
wang,random_forest,wpli_delta_F4_F7,0.001966365575976122
wang,svm,wpli_delta_F4_F7,0.0
wang,random_forest,wpli_theta_F4_F7,0.0006905860210190996
wang,svm,wpli_theta_F4_F7,0.0
wang,random_forest,wpli_alpha_F4_F7,0.002870127340161135
wang,svm,wpli_alpha_F4_F7,0.0
wang,random_forest,wpli_beta_F4_F7,0.004153159121467071
wang,svm,wpli_beta_F4_F7,0.0
wang,random_forest,wpli_gamma_F4_F7,0.0024870507524546925
wang,svm,wpli_gamma_F4_F7,0.0
wang,random_forest,wpli_delta_C3_F8,0.006014199212153819
wang,svm,wpli_delta_C3_F8,0.0
wang,random_forest,wpli_theta_C3_F8,0.0026249562950152105
wang,svm,wpli_theta_C3_F8,0.0
wang,random_forest,wpli_alpha_C3_F8,0.0012003294829990355
wang,svm,wpli_alpha_C3_F8,0.0
wang,random_forest,wpli_beta_C3_F8,0.002820652919492021
wang,svm,wpli_beta_C3_F8,0.0
wang,random_forest,wpli_gamma_C3_F8,0.003235576618088805
wang,svm,wpli_gamma_C3_F8,0.0
wang,random_forest,wpli_delta_C4_F8,0.005899464883319043
wang,svm,wpli_delta_C4_F8,0.0
wang,random_forest,wpli_theta_C4_F8,0.0014155855124980432
wang,svm,wpli_theta_C4_F8,0.0
wang,random_forest,wpli_alpha_C4_F8,0.0020670093908681225
wang,svm,wpli_alpha_C4_F8,0.0
wang,random_forest,wpli_beta_C4_F8,0.0010182408509241917
wang,svm,wpli_beta_C4_F8,0.0
wang,random_forest,wpli_gamma_C4_F8,0.0014550740286984707
wang,svm,wpli_gamma_C4_F8,0.0
wang,random_forest,wpli_delta_F3_F8,0.00905154045899084
wang,svm,wpli_delta_F3_F8,0.0
wang,random_forest,wpli_theta_F3_F8,0.002132925826097501
wang,svm,wpli_theta_F3_F8,0.0
wang,random_forest,wpli_alpha_F3_F8,0.0027790630452859248
wang,svm,wpli_alpha_F3_F8,0.0
wang,random_forest,wpli_beta_F3_F8,0.0013917517666569815
wang,svm,wpli_beta_F3_F8,0.0
wang,random_forest,wpli_gamma_F3_F8,0.0022967072380545685
wang,svm,wpli_gamma_F3_F8,0.0
wang,random_forest,wpli_delta_F4_F8,0.0016219377733470972
wang,svm,wpli_delta_F4_F8,0.0
wang,random_forest,wpli_theta_F4_F8,0.0016586510386374237
wang,svm,wpli_theta_F4_F8,0.0
wang,random_forest,wpli_alpha_F4_F8,0.0012472831675722728
wang,svm,wpli_alpha_F4_F8,0.0
wang,random_forest,wpli_beta_F4_F8,0.0006975422804574642
wang,svm,wpli_beta_F4_F8,0.0
wang,random_forest,wpli_gamma_F4_F8,0.0013177551278107436
wang,svm,wpli_gamma_F4_F8,0.0
wang,random_forest,wpli_delta_F7_F8,0.007603025880722139
wang,svm,wpli_delta_F7_F8,0.0
wang,random_forest,wpli_theta_F7_F8,0.0015749221809312228
wang,svm,wpli_theta_F7_F8,0.0
wang,random_forest,wpli_alpha_F7_F8,0.0016500906486011412
wang,svm,wpli_alpha_F7_F8,0.0
wang,random_forest,wpli_beta_F7_F8,0.0009468925323643047
wang,svm,wpli_beta_F7_F8,0.0
wang,random_forest,wpli_gamma_F7_F8,0.0019833996098351904
wang,svm,wpli_gamma_F7_F8,0.0
wang,random_forest,wpli_delta_C3_Fp1,0.0010405389876397319
wang,svm,wpli_delta_C3_Fp1,0.0
wang,random_forest,wpli_theta_C3_Fp1,0.0018803674606522713
wang,svm,wpli_theta_C3_Fp1,0.0
wang,random_forest,wpli_alpha_C3_Fp1,0.0014107937783988996
wang,svm,wpli_alpha_C3_Fp1,0.0
wang,random_forest,wpli_beta_C3_Fp1,0.0030429553017494097
wang,svm,wpli_beta_C3_Fp1,0.0
wang,random_forest,wpli_gamma_C3_Fp1,0.007314585488540382
wang,svm,wpli_gamma_C3_Fp1,0.0
wang,random_forest,wpli_delta_C4_Fp1,0.011649905053305171
wang,svm,wpli_delta_C4_Fp1,0.0
wang,random_forest,wpli_theta_C4_Fp1,0.0006339124660093917
wang,svm,wpli_theta_C4_Fp1,0.0
wang,random_forest,wpli_alpha_C4_Fp1,0.005730884210099074
wang,svm,wpli_alpha_C4_Fp1,0.0
wang,random_forest,wpli_beta_C4_Fp1,0.002981059112736426
wang,svm,wpli_beta_C4_Fp1,0.0
wang,random_forest,wpli_gamma_C4_Fp1,0.0011832961712088393
wang,svm,wpli_gamma_C4_Fp1,0.0
wang,random_forest,wpli_delta_F3_Fp1,0.000587175197852315
wang,svm,wpli_delta_F3_Fp1,0.0
wang,random_forest,wpli_theta_F3_Fp1,0.0008064159753762022
wang,svm,wpli_theta_F3_Fp1,0.0
wang,random_forest,wpli_alpha_F3_Fp1,0.0017414552719901145
wang,svm,wpli_alpha_F3_Fp1,0.0
wang,random_forest,wpli_beta_F3_Fp1,0.0013407863204847703
wang,svm,wpli_beta_F3_Fp1,0.0
wang,random_forest,wpli_gamma_F3_Fp1,0.0019843907578599527
wang,svm,wpli_gamma_F3_Fp1,0.0
wang,random_forest,wpli_delta_F4_Fp1,0.0026637203793211444
wang,svm,wpli_delta_F4_Fp1,0.0
wang,random_forest,wpli_theta_F4_Fp1,0.0017676601112949488
wang,svm,wpli_theta_F4_Fp1,0.0
wang,random_forest,wpli_alpha_F4_Fp1,0.0023194590702319833
wang,svm,wpli_alpha_F4_Fp1,0.0
wang,random_forest,wpli_beta_F4_Fp1,0.002674014699866483
wang,svm,wpli_beta_F4_Fp1,0.0
wang,random_forest,wpli_gamma_F4_Fp1,0.0025114972431054027
wang,svm,wpli_gamma_F4_Fp1,0.0
wang,random_forest,wpli_delta_F7_Fp1,0.0021560903709305244
wang,svm,wpli_delta_F7_Fp1,0.0
wang,random_forest,wpli_theta_F7_Fp1,0.001742051369477452
wang,svm,wpli_theta_F7_Fp1,0.0
wang,random_forest,wpli_alpha_F7_Fp1,0.0015382353501153167
wang,svm,wpli_alpha_F7_Fp1,0.0
wang,random_forest,wpli_beta_F7_Fp1,0.0012362946100928744
wang,svm,wpli_beta_F7_Fp1,0.0
wang,random_forest,wpli_gamma_F7_Fp1,0.0013835107306471456
wang,svm,wpli_gamma_F7_Fp1,0.0
wang,random_forest,wpli_delta_F8_Fp1,0.007712305671606635
wang,svm,wpli_delta_F8_Fp1,0.0
wang,random_forest,wpli_theta_F8_Fp1,0.0015665181394618533
wang,svm,wpli_theta_F8_Fp1,0.0
wang,random_forest,wpli_alpha_F8_Fp1,0.0018627429857646246
wang,svm,wpli_alpha_F8_Fp1,0.0
wang,random_forest,wpli_beta_F8_Fp1,0.0015564567548393918
wang,svm,wpli_beta_F8_Fp1,0.0
wang,random_forest,wpli_gamma_F8_Fp1,0.01091317039285886
wang,svm,wpli_gamma_F8_Fp1,0.0
wang,random_forest,wpli_delta_C3_Fp2,0.002172927355749018
wang,svm,wpli_delta_C3_Fp2,0.0
wang,random_forest,wpli_theta_C3_Fp2,0.0005092287662838465
wang,svm,wpli_theta_C3_Fp2,0.0
wang,random_forest,wpli_alpha_C3_Fp2,0.0010935738439552803
wang,svm,wpli_alpha_C3_Fp2,0.0
wang,random_forest,wpli_beta_C3_Fp2,0.0010517814251546555
wang,svm,wpli_beta_C3_Fp2,0.0
wang,random_forest,wpli_gamma_C3_Fp2,0.006625095763423087
wang,svm,wpli_gamma_C3_Fp2,0.0
wang,random_forest,wpli_delta_C4_Fp2,0.0028883320923355884
wang,svm,wpli_delta_C4_Fp2,0.0
wang,random_forest,wpli_theta_C4_Fp2,0.0005386515374053235
wang,svm,wpli_theta_C4_Fp2,0.0
wang,random_forest,wpli_alpha_C4_Fp2,0.001954174852524313
wang,svm,wpli_alpha_C4_Fp2,0.0
wang,random_forest,wpli_beta_C4_Fp2,0.0018729103926126184
wang,svm,wpli_beta_C4_Fp2,0.0
wang,random_forest,wpli_gamma_C4_Fp2,0.0014512012411552761
wang,svm,wpli_gamma_C4_Fp2,0.0
wang,random_forest,wpli_delta_F3_Fp2,0.0010698962145582716
wang,svm,wpli_delta_F3_Fp2,0.0
wang,random_forest,wpli_theta_F3_Fp2,0.0020382469444103395
wang,svm,wpli_theta_F3_Fp2,0.0
wang,random_forest,wpli_alpha_F3_Fp2,0.0010483394163333742
wang,svm,wpli_alpha_F3_Fp2,0.0
wang,random_forest,wpli_beta_F3_Fp2,0.001217805072514156
wang,svm,wpli_beta_F3_Fp2,0.0
wang,random_forest,wpli_gamma_F3_Fp2,0.001084189430253735
wang,svm,wpli_gamma_F3_Fp2,0.0
wang,random_forest,wpli_delta_F4_Fp2,0.001753679552929561
wang,svm,wpli_delta_F4_Fp2,0.0
wang,random_forest,wpli_theta_F4_Fp2,0.0018352821911060693
wang,svm,wpli_theta_F4_Fp2,0.0
wang,random_forest,wpli_alpha_F4_Fp2,0.0019825872885886366
wang,svm,wpli_alpha_F4_Fp2,0.0
wang,random_forest,wpli_beta_F4_Fp2,0.0013414337489487255
wang,svm,wpli_beta_F4_Fp2,0.0
wang,random_forest,wpli_gamma_F4_Fp2,0.003057262812258381
wang,svm,wpli_gamma_F4_Fp2,0.0
wang,random_forest,wpli_delta_F7_Fp2,0.0006052417818813711
wang,svm,wpli_delta_F7_Fp2,0.0
wang,random_forest,wpli_theta_F7_Fp2,0.0011143172960606503
wang,svm,wpli_theta_F7_Fp2,0.0
wang,random_forest,wpli_alpha_F7_Fp2,0.0011500257842567245
wang,svm,wpli_alpha_F7_Fp2,0.0
wang,random_forest,wpli_beta_F7_Fp2,0.002714015724635289
wang,svm,wpli_beta_F7_Fp2,0.0
wang,random_forest,wpli_gamma_F7_Fp2,0.0006396425451770933
wang,svm,wpli_gamma_F7_Fp2,0.0
wang,random_forest,wpli_delta_F8_Fp2,0.0018369629614971058
wang,svm,wpli_delta_F8_Fp2,0.0
wang,random_forest,wpli_theta_F8_Fp2,0.0019963290866503347
wang,svm,wpli_theta_F8_Fp2,0.0
wang,random_forest,wpli_alpha_F8_Fp2,0.0013108585894681182
wang,svm,wpli_alpha_F8_Fp2,0.0
wang,random_forest,wpli_beta_F8_Fp2,0.0008755488905220904
wang,svm,wpli_beta_F8_Fp2,0.0
wang,random_forest,wpli_gamma_F8_Fp2,0.00038360523051027636
wang,svm,wpli_gamma_F8_Fp2,0.0
wang,random_forest,wpli_delta_Fp1_Fp2,0.0016825907470434675
wang,svm,wpli_delta_Fp1_Fp2,0.0
wang,random_forest,wpli_theta_Fp1_Fp2,0.001454124353617184
wang,svm,wpli_theta_Fp1_Fp2,0.0
wang,random_forest,wpli_alpha_Fp1_Fp2,0.0031701402681353387
wang,svm,wpli_alpha_Fp1_Fp2,0.0
wang,random_forest,wpli_beta_Fp1_Fp2,0.0013251766948004851
wang,svm,wpli_beta_Fp1_Fp2,0.0
wang,random_forest,wpli_gamma_Fp1_Fp2,0.00818435421848614
wang,svm,wpli_gamma_Fp1_Fp2,0.0
wang,random_forest,wpli_delta_C3_Fz,0.0033732190148526957
wang,svm,wpli_delta_C3_Fz,0.0
wang,random_forest,wpli_theta_C3_Fz,0.002491257669787686
wang,svm,wpli_theta_C3_Fz,0.0
wang,random_forest,wpli_alpha_C3_Fz,0.0016209192498715822
wang,svm,wpli_alpha_C3_Fz,0.0
wang,random_forest,wpli_beta_C3_Fz,0.0009725610117210813
wang,svm,wpli_beta_C3_Fz,0.0
wang,random_forest,wpli_gamma_C3_Fz,0.0015656116369305072
wang,svm,wpli_gamma_C3_Fz,0.0
wang,random_forest,wpli_delta_C4_Fz,0.00879933855084896
wang,svm,wpli_delta_C4_Fz,0.0
wang,random_forest,wpli_theta_C4_Fz,0.0016030767295780258
wang,svm,wpli_theta_C4_Fz,0.0
wang,random_forest,wpli_alpha_C4_Fz,0.0029530545113725295
wang,svm,wpli_alpha_C4_Fz,0.0
wang,random_forest,wpli_beta_C4_Fz,0.0007786631125750999
wang,svm,wpli_beta_C4_Fz,0.0
wang,random_forest,wpli_gamma_C4_Fz,0.0012625817866594158
wang,svm,wpli_gamma_C4_Fz,0.0
wang,random_forest,wpli_delta_F3_Fz,0.0023619296893840195
wang,svm,wpli_delta_F3_Fz,0.0
wang,random_forest,wpli_theta_F3_Fz,0.0010209722642735967
wang,svm,wpli_theta_F3_Fz,0.0
wang,random_forest,wpli_alpha_F3_Fz,0.0024315634861900234
wang,svm,wpli_alpha_F3_Fz,0.0
wang,random_forest,wpli_beta_F3_Fz,0.0008399238924483665
wang,svm,wpli_beta_F3_Fz,0.0
wang,random_forest,wpli_gamma_F3_Fz,0.0015482403239083222
wang,svm,wpli_gamma_F3_Fz,0.0
wang,random_forest,wpli_delta_F4_Fz,0.007913300248203059
wang,svm,wpli_delta_F4_Fz,0.0
wang,random_forest,wpli_theta_F4_Fz,0.0008777002765611676
wang,svm,wpli_theta_F4_Fz,0.0
wang,random_forest,wpli_alpha_F4_Fz,0.001365871740419892
wang,svm,wpli_alpha_F4_Fz,0.0
wang,random_forest,wpli_beta_F4_Fz,0.009363591620301781
wang,svm,wpli_beta_F4_Fz,0.0
wang,random_forest,wpli_gamma_F4_Fz,0.012843086413761685
wang,svm,wpli_gamma_F4_Fz,0.0
wang,random_forest,wpli_delta_F7_Fz,0.0013437793800206304
wang,svm,wpli_delta_F7_Fz,0.0
wang,random_forest,wpli_theta_F7_Fz,0.0014745298519217697
wang,svm,wpli_theta_F7_Fz,0.0
wang,random_forest,wpli_alpha_F7_Fz,0.0012263053064662027
wang,svm,wpli_alpha_F7_Fz,0.0
wang,random_forest,wpli_beta_F7_Fz,0.0026450836210599638
wang,svm,wpli_beta_F7_Fz,0.0
wang,random_forest,wpli_gamma_F7_Fz,0.002536815780846374
wang,svm,wpli_gamma_F7_Fz,0.0
wang,random_forest,wpli_delta_F8_Fz,0.001983629701210769
wang,svm,wpli_delta_F8_Fz,0.0
wang,random_forest,wpli_theta_F8_Fz,0.0014518510901820373
wang,svm,wpli_theta_F8_Fz,0.0
wang,random_forest,wpli_alpha_F8_Fz,0.0010741556067675958
wang,svm,wpli_alpha_F8_Fz,0.0
wang,random_forest,wpli_beta_F8_Fz,0.00030064752752630375
wang,svm,wpli_beta_F8_Fz,0.0
wang,random_forest,wpli_gamma_F8_Fz,0.0019883269570440945
wang,svm,wpli_gamma_F8_Fz,0.0
wang,random_forest,wpli_delta_Fp1_Fz,0.02019360325127685
wang,svm,wpli_delta_Fp1_Fz,0.0
wang,random_forest,wpli_theta_Fp1_Fz,0.004319725491212685
wang,svm,wpli_theta_Fp1_Fz,0.0
wang,random_forest,wpli_alpha_Fp1_Fz,0.0011213656813643736
wang,svm,wpli_alpha_Fp1_Fz,0.0
wang,random_forest,wpli_beta_Fp1_Fz,0.0009066785079827839
wang,svm,wpli_beta_Fp1_Fz,0.0
wang,random_forest,wpli_gamma_Fp1_Fz,0.0016608698560674421
wang,svm,wpli_gamma_Fp1_Fz,0.0
wang,random_forest,wpli_delta_Fp2_Fz,0.0014909724140720227
wang,svm,wpli_delta_Fp2_Fz,0.0
wang,random_forest,wpli_theta_Fp2_Fz,0.0008239903044214207
wang,svm,wpli_theta_Fp2_Fz,0.0
wang,random_forest,wpli_alpha_Fp2_Fz,0.0013156607420037605
wang,svm,wpli_alpha_Fp2_Fz,0.0
wang,random_forest,wpli_beta_Fp2_Fz,0.0010288840150474955
wang,svm,wpli_beta_Fp2_Fz,0.0
wang,random_forest,wpli_gamma_Fp2_Fz,0.006372689858990064
wang,svm,wpli_gamma_Fp2_Fz,0.0
wang,random_forest,wpli_delta_C3_P7,0.001768425783085088
wang,svm,wpli_delta_C3_P7,0.0
wang,random_forest,wpli_theta_C3_P7,0.0011178598010641463
wang,svm,wpli_theta_C3_P7,0.0
wang,random_forest,wpli_alpha_C3_P7,0.000586088195222927
wang,svm,wpli_alpha_C3_P7,0.0
wang,random_forest,wpli_beta_C3_P7,0.000843800228082319
wang,svm,wpli_beta_C3_P7,0.0
wang,random_forest,wpli_gamma_C3_P7,0.003367421900314378
wang,svm,wpli_gamma_C3_P7,0.0
wang,random_forest,wpli_delta_C4_P7,0.007953027470769439
wang,svm,wpli_delta_C4_P7,0.0
wang,random_forest,wpli_theta_C4_P7,0.000752959040835854
wang,svm,wpli_theta_C4_P7,0.0
wang,random_forest,wpli_alpha_C4_P7,0.0018638612784283204
wang,svm,wpli_alpha_C4_P7,0.0
wang,random_forest,wpli_beta_C4_P7,0.0027631043675230877
wang,svm,wpli_beta_C4_P7,0.0
wang,random_forest,wpli_gamma_C4_P7,0.0014508366481410838
wang,svm,wpli_gamma_C4_P7,0.0
wang,random_forest,wpli_delta_F3_P7,0.0014902505090886927
wang,svm,wpli_delta_F3_P7,0.0
wang,random_forest,wpli_theta_F3_P7,0.0016401473942152887
wang,svm,wpli_theta_F3_P7,0.0
wang,random_forest,wpli_alpha_F3_P7,0.0005947109569233775
wang,svm,wpli_alpha_F3_P7,0.0
wang,random_forest,wpli_beta_F3_P7,0.0035523005768341854
wang,svm,wpli_beta_F3_P7,0.0
wang,random_forest,wpli_gamma_F3_P7,0.0027028044000643294
wang,svm,wpli_gamma_F3_P7,0.0
wang,random_forest,wpli_delta_F4_P7,0.0022306073645415375
wang,svm,wpli_delta_F4_P7,0.0
wang,random_forest,wpli_theta_F4_P7,0.001296574193000078
wang,svm,wpli_theta_F4_P7,0.0
wang,random_forest,wpli_alpha_F4_P7,0.0004840935292530852
wang,svm,wpli_alpha_F4_P7,0.0
wang,random_forest,wpli_beta_F4_P7,0.0035498149137998046
wang,svm,wpli_beta_F4_P7,0.0
wang,random_forest,wpli_gamma_F4_P7,0.0023341518236472346
wang,svm,wpli_gamma_F4_P7,0.0
wang,random_forest,wpli_delta_F7_P7,0.0022666822576685734
wang,svm,wpli_delta_F7_P7,0.0
wang,random_forest,wpli_theta_F7_P7,0.004164741357588632
wang,svm,wpli_theta_F7_P7,0.0
wang,random_forest,wpli_alpha_F7_P7,0.0019064737655235934
wang,svm,wpli_alpha_F7_P7,0.0
wang,random_forest,wpli_beta_F7_P7,0.0013984970252179584
wang,svm,wpli_beta_F7_P7,0.0
wang,random_forest,wpli_gamma_F7_P7,0.0034989089780818987
wang,svm,wpli_gamma_F7_P7,0.0
wang,random_forest,wpli_delta_F8_P7,0.00296158443664466
wang,svm,wpli_delta_F8_P7,0.0
wang,random_forest,wpli_theta_F8_P7,0.00035575270602712086
wang,svm,wpli_theta_F8_P7,0.0
wang,random_forest,wpli_alpha_F8_P7,0.00119219193433125
wang,svm,wpli_alpha_F8_P7,0.0
wang,random_forest,wpli_beta_F8_P7,0.0038125348274433823
wang,svm,wpli_beta_F8_P7,0.0
wang,random_forest,wpli_gamma_F8_P7,0.0029329512188761625
wang,svm,wpli_gamma_F8_P7,0.0
wang,random_forest,wpli_delta_Fp1_P7,0.0010992569906296103
wang,svm,wpli_delta_Fp1_P7,0.0
wang,random_forest,wpli_theta_Fp1_P7,0.0010953846057550547
wang,svm,wpli_theta_Fp1_P7,0.0
wang,random_forest,wpli_alpha_Fp1_P7,0.006119420307932893
wang,svm,wpli_alpha_Fp1_P7,0.0
wang,random_forest,wpli_beta_Fp1_P7,0.0044652241437967395
wang,svm,wpli_beta_Fp1_P7,0.0
wang,random_forest,wpli_gamma_Fp1_P7,0.004510622261686375
wang,svm,wpli_gamma_Fp1_P7,0.0
wang,random_forest,wpli_delta_Fp2_P7,0.0011896526233846714
wang,svm,wpli_delta_Fp2_P7,0.0
wang,random_forest,wpli_theta_Fp2_P7,0.0008752146488613913
wang,svm,wpli_theta_Fp2_P7,0.0
wang,random_forest,wpli_alpha_Fp2_P7,0.002326326136467369
wang,svm,wpli_alpha_Fp2_P7,0.0
wang,random_forest,wpli_beta_Fp2_P7,0.005328586167847523
wang,svm,wpli_beta_Fp2_P7,0.0
wang,random_forest,wpli_gamma_Fp2_P7,0.0028938878897208893
wang,svm,wpli_gamma_Fp2_P7,0.0
wang,random_forest,wpli_delta_Fz_P7,0.0011699053911752083
wang,svm,wpli_delta_Fz_P7,0.0
wang,random_forest,wpli_theta_Fz_P7,0.0009560200246000937
wang,svm,wpli_theta_Fz_P7,0.0
wang,random_forest,wpli_alpha_Fz_P7,0.0016413496424553544
wang,svm,wpli_alpha_Fz_P7,0.0
wang,random_forest,wpli_beta_Fz_P7,0.002312559526179856
wang,svm,wpli_beta_Fz_P7,0.0
wang,random_forest,wpli_gamma_Fz_P7,0.0009181572704815336
wang,svm,wpli_gamma_Fz_P7,0.0
wang,random_forest,wpli_delta_C3_P8,0.004620514763551451
wang,svm,wpli_delta_C3_P8,0.0
wang,random_forest,wpli_theta_C3_P8,0.0015498940400464336
wang,svm,wpli_theta_C3_P8,0.0
wang,random_forest,wpli_alpha_C3_P8,0.0010774190450905069
wang,svm,wpli_alpha_C3_P8,0.0
wang,random_forest,wpli_beta_C3_P8,0.0013673831879977372
wang,svm,wpli_beta_C3_P8,0.0
wang,random_forest,wpli_gamma_C3_P8,0.0017423220662226991
wang,svm,wpli_gamma_C3_P8,0.0
wang,random_forest,wpli_delta_C4_P8,0.0019568124667867903
wang,svm,wpli_delta_C4_P8,0.0
wang,random_forest,wpli_theta_C4_P8,0.0007546856036518879
wang,svm,wpli_theta_C4_P8,0.0
wang,random_forest,wpli_alpha_C4_P8,0.000819729410702278
wang,svm,wpli_alpha_C4_P8,0.0
wang,random_forest,wpli_beta_C4_P8,0.001412331693114818
wang,svm,wpli_beta_C4_P8,0.0
wang,random_forest,wpli_gamma_C4_P8,0.001249201778549146
wang,svm,wpli_gamma_C4_P8,0.0
wang,random_forest,wpli_delta_F3_P8,0.006663061503584076
wang,svm,wpli_delta_F3_P8,0.0
wang,random_forest,wpli_theta_F3_P8,0.0021228930768918066
wang,svm,wpli_theta_F3_P8,0.0
wang,random_forest,wpli_alpha_F3_P8,0.0012174132198577929
wang,svm,wpli_alpha_F3_P8,0.0
wang,random_forest,wpli_beta_F3_P8,0.0010813845274627411
wang,svm,wpli_beta_F3_P8,0.0
wang,random_forest,wpli_gamma_F3_P8,0.0020689988706848535
wang,svm,wpli_gamma_F3_P8,0.0
wang,random_forest,wpli_delta_F4_P8,0.00166695201582613
wang,svm,wpli_delta_F4_P8,0.0
wang,random_forest,wpli_theta_F4_P8,0.002703222023674438
wang,svm,wpli_theta_F4_P8,0.0
wang,random_forest,wpli_alpha_F4_P8,0.001284717536372562
wang,svm,wpli_alpha_F4_P8,0.0
wang,random_forest,wpli_beta_F4_P8,0.0028288662349353886
wang,svm,wpli_beta_F4_P8,0.0
wang,random_forest,wpli_gamma_F4_P8,0.001460270301607394
wang,svm,wpli_gamma_F4_P8,0.0
wang,random_forest,wpli_delta_F7_P8,0.0009712027615179577
wang,svm,wpli_delta_F7_P8,0.0
wang,random_forest,wpli_theta_F7_P8,0.0025179226709610095
wang,svm,wpli_theta_F7_P8,0.0
wang,random_forest,wpli_alpha_F7_P8,0.0004707124444053036
wang,svm,wpli_alpha_F7_P8,0.0
wang,random_forest,wpli_beta_F7_P8,0.004895864254863789
wang,svm,wpli_beta_F7_P8,0.0
wang,random_forest,wpli_gamma_F7_P8,0.002597954404376256
wang,svm,wpli_gamma_F7_P8,0.0
wang,random_forest,wpli_delta_F8_P8,0.005698711208925424
wang,svm,wpli_delta_F8_P8,0.0
wang,random_forest,wpli_theta_F8_P8,0.0021012785229088202
wang,svm,wpli_theta_F8_P8,0.0
wang,random_forest,wpli_alpha_F8_P8,0.001068392029238739
wang,svm,wpli_alpha_F8_P8,0.0
wang,random_forest,wpli_beta_F8_P8,0.0018711957932835716
wang,svm,wpli_beta_F8_P8,0.0
wang,random_forest,wpli_gamma_F8_P8,0.0026984181219094523
wang,svm,wpli_gamma_F8_P8,0.0
wang,random_forest,wpli_delta_Fp1_P8,0.0290856173128852
wang,svm,wpli_delta_Fp1_P8,0.0
wang,random_forest,wpli_theta_Fp1_P8,0.00020743196169006523
wang,svm,wpli_theta_Fp1_P8,0.0
wang,random_forest,wpli_alpha_Fp1_P8,0.0008861804090615978
wang,svm,wpli_alpha_Fp1_P8,0.0
wang,random_forest,wpli_beta_Fp1_P8,0.0010035017949670073
wang,svm,wpli_beta_Fp1_P8,0.0
wang,random_forest,wpli_gamma_Fp1_P8,0.0015080870793256374
wang,svm,wpli_gamma_Fp1_P8,0.0
wang,random_forest,wpli_delta_Fp2_P8,0.00968811066227613
wang,svm,wpli_delta_Fp2_P8,0.0
wang,random_forest,wpli_theta_Fp2_P8,0.002712162825215241
wang,svm,wpli_theta_Fp2_P8,0.0
wang,random_forest,wpli_alpha_Fp2_P8,0.0028685799204143324
wang,svm,wpli_alpha_Fp2_P8,0.0
wang,random_forest,wpli_beta_Fp2_P8,0.0012206686532991067
wang,svm,wpli_beta_Fp2_P8,0.0
wang,random_forest,wpli_gamma_Fp2_P8,0.002511879350043917
wang,svm,wpli_gamma_Fp2_P8,0.0
wang,random_forest,wpli_delta_Fz_P8,0.0009352416440632025
wang,svm,wpli_delta_Fz_P8,0.0
wang,random_forest,wpli_theta_Fz_P8,0.0011832390081107
wang,svm,wpli_theta_Fz_P8,0.0
wang,random_forest,wpli_alpha_Fz_P8,0.0005876483012490842
wang,svm,wpli_alpha_Fz_P8,0.0
wang,random_forest,wpli_beta_Fz_P8,0.0028132140713009275
wang,svm,wpli_beta_Fz_P8,0.0
wang,random_forest,wpli_gamma_Fz_P8,0.001895797618076092
wang,svm,wpli_gamma_Fz_P8,0.0
wang,random_forest,wpli_delta_P7_P8,0.001194309343758063
wang,svm,wpli_delta_P7_P8,0.0
wang,random_forest,wpli_theta_P7_P8,0.00018131575840044583
wang,svm,wpli_theta_P7_P8,0.0
wang,random_forest,wpli_alpha_P7_P8,0.0003886084218979028
wang,svm,wpli_alpha_P7_P8,0.0
wang,random_forest,wpli_beta_P7_P8,0.001149115760146133
wang,svm,wpli_beta_P7_P8,0.0
wang,random_forest,wpli_gamma_P7_P8,0.018385685365712254
wang,svm,wpli_gamma_P7_P8,0.0
wang,random_forest,wpli_delta_C3_T7,0.0013298031651220873
wang,svm,wpli_delta_C3_T7,0.0
wang,random_forest,wpli_theta_C3_T7,0.0020921845119194604
wang,svm,wpli_theta_C3_T7,0.0
wang,random_forest,wpli_alpha_C3_T7,0.0022390500132471315
wang,svm,wpli_alpha_C3_T7,0.0
wang,random_forest,wpli_beta_C3_T7,0.004190766563848325
wang,svm,wpli_beta_C3_T7,0.0
wang,random_forest,wpli_gamma_C3_T7,0.002100893954527016
wang,svm,wpli_gamma_C3_T7,0.0
wang,random_forest,wpli_delta_C4_T7,0.002099165271403896
wang,svm,wpli_delta_C4_T7,0.0
wang,random_forest,wpli_theta_C4_T7,0.001529730321840685
wang,svm,wpli_theta_C4_T7,0.0
wang,random_forest,wpli_alpha_C4_T7,0.0015440003657339804
wang,svm,wpli_alpha_C4_T7,0.0
wang,random_forest,wpli_beta_C4_T7,0.00131729197655837
wang,svm,wpli_beta_C4_T7,0.0
wang,random_forest,wpli_gamma_C4_T7,0.0013229020930147091
wang,svm,wpli_gamma_C4_T7,0.0
wang,random_forest,wpli_delta_F3_T7,0.0005362599051306035
wang,svm,wpli_delta_F3_T7,0.0
wang,random_forest,wpli_theta_F3_T7,0.0015239739014348739
wang,svm,wpli_theta_F3_T7,0.0
wang,random_forest,wpli_alpha_F3_T7,0.002902259725977131
wang,svm,wpli_alpha_F3_T7,0.0
wang,random_forest,wpli_beta_F3_T7,0.0013340720450921559
wang,svm,wpli_beta_F3_T7,0.0
wang,random_forest,wpli_gamma_F3_T7,0.0018371664140301692
wang,svm,wpli_gamma_F3_T7,0.0
wang,random_forest,wpli_delta_F4_T7,0.0017760728212247129
wang,svm,wpli_delta_F4_T7,0.0
wang,random_forest,wpli_theta_F4_T7,0.0004307125476059717
wang,svm,wpli_theta_F4_T7,0.0
wang,random_forest,wpli_alpha_F4_T7,0.0008248057050504509
wang,svm,wpli_alpha_F4_T7,0.0
wang,random_forest,wpli_beta_F4_T7,0.002899755688488683
wang,svm,wpli_beta_F4_T7,0.0
wang,random_forest,wpli_gamma_F4_T7,0.0035591167590075827
wang,svm,wpli_gamma_F4_T7,0.0
wang,random_forest,wpli_delta_F7_T7,0.001631363728064212
wang,svm,wpli_delta_F7_T7,0.0
wang,random_forest,wpli_theta_F7_T7,0.001517853848084627
wang,svm,wpli_theta_F7_T7,0.0
wang,random_forest,wpli_alpha_F7_T7,0.0013146140511175362
wang,svm,wpli_alpha_F7_T7,0.0
wang,random_forest,wpli_beta_F7_T7,0.002826128554615156
wang,svm,wpli_beta_F7_T7,0.0
wang,random_forest,wpli_gamma_F7_T7,0.0016611042196958772
wang,svm,wpli_gamma_F7_T7,0.0
wang,random_forest,wpli_delta_F8_T7,0.0052492955843115195
wang,svm,wpli_delta_F8_T7,0.0
wang,random_forest,wpli_theta_F8_T7,0.001071759181664073
wang,svm,wpli_theta_F8_T7,0.0
wang,random_forest,wpli_alpha_F8_T7,0.0016716247852936609
wang,svm,wpli_alpha_F8_T7,0.0
wang,random_forest,wpli_beta_F8_T7,0.000985058272448139
wang,svm,wpli_beta_F8_T7,0.0
wang,random_forest,wpli_gamma_F8_T7,0.001398518956728112
wang,svm,wpli_gamma_F8_T7,0.0
wang,random_forest,wpli_delta_Fp1_T7,0.002031596873280562
wang,svm,wpli_delta_Fp1_T7,0.0
wang,random_forest,wpli_theta_Fp1_T7,0.001777975935568005
wang,svm,wpli_theta_Fp1_T7,0.0
wang,random_forest,wpli_alpha_Fp1_T7,0.00450330304147161
wang,svm,wpli_alpha_Fp1_T7,0.0
wang,random_forest,wpli_beta_Fp1_T7,0.0009407793031979782
wang,svm,wpli_beta_Fp1_T7,0.0
wang,random_forest,wpli_gamma_Fp1_T7,0.004076403450296181
wang,svm,wpli_gamma_Fp1_T7,0.0
wang,random_forest,wpli_delta_Fp2_T7,0.0014163065250729556
wang,svm,wpli_delta_Fp2_T7,0.0
wang,random_forest,wpli_theta_Fp2_T7,0.004330970067689252
wang,svm,wpli_theta_Fp2_T7,0.0
wang,random_forest,wpli_alpha_Fp2_T7,0.0021693552117278726
wang,svm,wpli_alpha_Fp2_T7,0.0
wang,random_forest,wpli_beta_Fp2_T7,0.0020300716100420477
wang,svm,wpli_beta_Fp2_T7,0.0
wang,random_forest,wpli_gamma_Fp2_T7,0.002463753765024774
wang,svm,wpli_gamma_Fp2_T7,0.0
wang,random_forest,wpli_delta_Fz_T7,0.00062050352922859
wang,svm,wpli_delta_Fz_T7,0.0
wang,random_forest,wpli_theta_Fz_T7,0.0011911510088116683
wang,svm,wpli_theta_Fz_T7,0.0
wang,random_forest,wpli_alpha_Fz_T7,0.0029549124125079203
wang,svm,wpli_alpha_Fz_T7,0.0
wang,random_forest,wpli_beta_Fz_T7,0.001898843571804987
wang,svm,wpli_beta_Fz_T7,0.0
wang,random_forest,wpli_gamma_Fz_T7,0.002712330431485749
wang,svm,wpli_gamma_Fz_T7,0.0
wang,random_forest,wpli_delta_P7_T7,0.0013625239273697854
wang,svm,wpli_delta_P7_T7,0.0
wang,random_forest,wpli_theta_P7_T7,0.001109072301024099
wang,svm,wpli_theta_P7_T7,0.0
wang,random_forest,wpli_alpha_P7_T7,0.005482805082336598
wang,svm,wpli_alpha_P7_T7,0.0
wang,random_forest,wpli_beta_P7_T7,0.006383628871797624
wang,svm,wpli_beta_P7_T7,0.0
wang,random_forest,wpli_gamma_P7_T7,0.0016000678492035616
wang,svm,wpli_gamma_P7_T7,0.0
wang,random_forest,wpli_delta_P8_T7,0.00031905049637622894
wang,svm,wpli_delta_P8_T7,0.0
wang,random_forest,wpli_theta_P8_T7,0.002141719202185649
wang,svm,wpli_theta_P8_T7,0.0
wang,random_forest,wpli_alpha_P8_T7,0.0009932086022833757
wang,svm,wpli_alpha_P8_T7,0.0
wang,random_forest,wpli_beta_P8_T7,0.0072379335803080085
wang,svm,wpli_beta_P8_T7,0.0
wang,random_forest,wpli_gamma_P8_T7,0.005869550349198182
wang,svm,wpli_gamma_P8_T7,0.0
wang,random_forest,wpli_delta_C3_T8,0.0030073767834255926
wang,svm,wpli_delta_C3_T8,0.0
wang,random_forest,wpli_theta_C3_T8,0.0012531501935382613
wang,svm,wpli_theta_C3_T8,0.0
wang,random_forest,wpli_alpha_C3_T8,0.0016733002629303328
wang,svm,wpli_alpha_C3_T8,0.0
wang,random_forest,wpli_beta_C3_T8,0.0022616785186506724
wang,svm,wpli_beta_C3_T8,0.0
wang,random_forest,wpli_gamma_C3_T8,0.0016654364742105042
wang,svm,wpli_gamma_C3_T8,1.2729124236265931e-05
wang,random_forest,wpli_delta_C4_T8,0.0017444961392144261
wang,svm,wpli_delta_C4_T8,0.0
wang,random_forest,wpli_theta_C4_T8,0.001672291866473923
wang,svm,wpli_theta_C4_T8,0.0
wang,random_forest,wpli_alpha_C4_T8,0.0008231063332277016
wang,svm,wpli_alpha_C4_T8,0.0
wang,random_forest,wpli_beta_C4_T8,0.004185762359554762
wang,svm,wpli_beta_C4_T8,0.0
wang,random_forest,wpli_gamma_C4_T8,0.0022344435120067356
wang,svm,wpli_gamma_C4_T8,0.0
wang,random_forest,wpli_delta_F3_T8,0.002164027489418127
wang,svm,wpli_delta_F3_T8,0.0
wang,random_forest,wpli_theta_F3_T8,0.0011289828216471684
wang,svm,wpli_theta_F3_T8,0.0
wang,random_forest,wpli_alpha_F3_T8,0.006843823363989508
wang,svm,wpli_alpha_F3_T8,0.0
wang,random_forest,wpli_beta_F3_T8,0.0018077612007527113
wang,svm,wpli_beta_F3_T8,0.0
wang,random_forest,wpli_gamma_F3_T8,0.0016493970632500893
wang,svm,wpli_gamma_F3_T8,1.2729124236265931e-05
wang,random_forest,wpli_delta_F4_T8,0.0015918125642512535
wang,svm,wpli_delta_F4_T8,0.0
wang,random_forest,wpli_theta_F4_T8,0.0009383805651284095
wang,svm,wpli_theta_F4_T8,0.0
wang,random_forest,wpli_alpha_F4_T8,0.0021321045215031043
wang,svm,wpli_alpha_F4_T8,0.0
wang,random_forest,wpli_beta_F4_T8,0.003204956400888559
wang,svm,wpli_beta_F4_T8,0.0
wang,random_forest,wpli_gamma_F4_T8,0.007411967857501759
wang,svm,wpli_gamma_F4_T8,1.2729124236265931e-05
wang,random_forest,wpli_delta_F7_T8,0.005419339955953356
wang,svm,wpli_delta_F7_T8,0.0
wang,random_forest,wpli_theta_F7_T8,0.001223192839228023
wang,svm,wpli_theta_F7_T8,0.0
wang,random_forest,wpli_alpha_F7_T8,0.0027857547195723085
wang,svm,wpli_alpha_F7_T8,0.0
wang,random_forest,wpli_beta_F7_T8,0.0035373913800625114
wang,svm,wpli_beta_F7_T8,0.0
wang,random_forest,wpli_gamma_F7_T8,0.0022881353798119416
wang,svm,wpli_gamma_F7_T8,1.2729124236265931e-05
wang,random_forest,wpli_delta_F8_T8,0.0007658719023371458
wang,svm,wpli_delta_F8_T8,0.0
wang,random_forest,wpli_theta_F8_T8,0.0013186361003930636
wang,svm,wpli_theta_F8_T8,0.0
wang,random_forest,wpli_alpha_F8_T8,0.0023298368392198274
wang,svm,wpli_alpha_F8_T8,0.0
wang,random_forest,wpli_beta_F8_T8,0.0023976852582859877
wang,svm,wpli_beta_F8_T8,0.0
wang,random_forest,wpli_gamma_F8_T8,0.0013651068764393873
wang,svm,wpli_gamma_F8_T8,0.0
wang,random_forest,wpli_delta_Fp1_T8,0.003234119478367343
wang,svm,wpli_delta_Fp1_T8,0.0
wang,random_forest,wpli_theta_Fp1_T8,0.003359358421340661
wang,svm,wpli_theta_Fp1_T8,0.0
wang,random_forest,wpli_alpha_Fp1_T8,0.008662456436460474
wang,svm,wpli_alpha_Fp1_T8,0.0
wang,random_forest,wpli_beta_Fp1_T8,0.0012123194261229328
wang,svm,wpli_beta_Fp1_T8,0.0
wang,random_forest,wpli_gamma_Fp1_T8,0.003374252499294641
wang,svm,wpli_gamma_Fp1_T8,1.2729124236265931e-05
wang,random_forest,wpli_delta_Fp2_T8,0.002163148934773543
wang,svm,wpli_delta_Fp2_T8,0.0
wang,random_forest,wpli_theta_Fp2_T8,0.0034904835052438537
wang,svm,wpli_theta_Fp2_T8,0.0
wang,random_forest,wpli_alpha_Fp2_T8,0.007830870221471
wang,svm,wpli_alpha_Fp2_T8,0.0
wang,random_forest,wpli_beta_Fp2_T8,0.0030687364405342543
wang,svm,wpli_beta_Fp2_T8,0.0
wang,random_forest,wpli_gamma_Fp2_T8,0.0020988492421401684
wang,svm,wpli_gamma_Fp2_T8,1.2729124236265931e-05
wang,random_forest,wpli_delta_Fz_T8,0.0012482279001479043
wang,svm,wpli_delta_Fz_T8,0.0
wang,random_forest,wpli_theta_Fz_T8,0.0008347954570065251
wang,svm,wpli_theta_Fz_T8,0.0
wang,random_forest,wpli_alpha_Fz_T8,0.00448731169441281
wang,svm,wpli_alpha_Fz_T8,0.0
wang,random_forest,wpli_beta_Fz_T8,0.002897534004872968
wang,svm,wpli_beta_Fz_T8,0.0
wang,random_forest,wpli_gamma_Fz_T8,0.0015635342394290494
wang,svm,wpli_gamma_Fz_T8,0.0
wang,random_forest,wpli_delta_P7_T8,0.013335234157011608
wang,svm,wpli_delta_P7_T8,0.0
wang,random_forest,wpli_theta_P7_T8,0.00218244966078326
wang,svm,wpli_theta_P7_T8,0.0
wang,random_forest,wpli_alpha_P7_T8,0.0014142924546705774
wang,svm,wpli_alpha_P7_T8,0.0
wang,random_forest,wpli_beta_P7_T8,0.007743523665415415
wang,svm,wpli_beta_P7_T8,0.0
wang,random_forest,wpli_gamma_P7_T8,0.0030376943482299545
wang,svm,wpli_gamma_P7_T8,1.7040613462104838e-05
wang,random_forest,wpli_delta_P8_T8,0.0014157426340590767
wang,svm,wpli_delta_P8_T8,0.0
wang,random_forest,wpli_theta_P8_T8,0.002346135820855747
wang,svm,wpli_theta_P8_T8,0.0
wang,random_forest,wpli_alpha_P8_T8,0.0007255554329184082
wang,svm,wpli_alpha_P8_T8,0.0
wang,random_forest,wpli_beta_P8_T8,0.0015094941990739558
wang,svm,wpli_beta_P8_T8,0.0
wang,random_forest,wpli_gamma_P8_T8,0.0012721075415805848
wang,svm,wpli_gamma_P8_T8,0.0
wang,random_forest,wpli_delta_T7_T8,0.010029827189440151
wang,svm,wpli_delta_T7_T8,0.0
wang,random_forest,wpli_theta_T7_T8,0.002445556213641911
wang,svm,wpli_theta_T7_T8,0.0
wang,random_forest,wpli_alpha_T7_T8,0.0010870348643609825
wang,svm,wpli_alpha_T7_T8,0.0
wang,random_forest,wpli_beta_T7_T8,0.006896929606341976
wang,svm,wpli_beta_T7_T8,0.0
wang,random_forest,wpli_gamma_T7_T8,0.0010824426953335222
wang,svm,wpli_gamma_T7_T8,2.5458248472531862e-05
wang,random_forest,plzc_C3,1.788521887987769e-17
wang,svm,plzc_C3,0.0
wang,random_forest,plzc_C4,1.9437059152930184e-06
wang,svm,plzc_C4,0.0
wang,random_forest,plzc_F3,2.8235239043336302e-06
wang,svm,plzc_F3,0.0
wang,random_forest,plzc_F4,9.823202191553963e-05
wang,svm,plzc_F4,0.0
wang,random_forest,plzc_F7,2.4838637855247946e-17
wang,svm,plzc_F7,0.0
wang,random_forest,plzc_F8,1.110415327738731e-17
wang,svm,plzc_F8,0.0
wang,random_forest,plzc_Fp1,1.7804113509682507e-17
wang,svm,plzc_Fp1,0.0
wang,random_forest,plzc_Fp2,6.1170434401182255e-06
wang,svm,plzc_Fp2,0.0
wang,random_forest,plzc_Fz,1.466070480715108e-17
wang,svm,plzc_Fz,0.0
wang,random_forest,plzc_P7,7.489134357189576e-05
wang,svm,plzc_P7,0.0
wang,random_forest,plzc_P8,1.4574270600224314e-17
wang,svm,plzc_P8,0.0
wang,random_forest,plzc_T7,9.607585034337897e-05
wang,svm,plzc_T7,0.0
wang,random_forest,plzc_T8,3.808173038035424e-06
wang,svm,plzc_T8,0.0
